collection,split,file_stem,model_family,n_configs,node_count,edge_count,edge_per_node
tile:xla,train,alexnet_train_batch_32_-1bae27a41d70f4dc,alexnet,266,12,11,0.9166666666666666
tile:xla,train,alexnet_train_batch_32_-21d9f3b8c41eb3e3,alexnet,4566,32,31,0.96875
tile:xla,train,alexnet_train_batch_32_-282ddd3271de7d28,alexnet,5203,19,18,0.9473684210526315
tile:xla,train,alexnet_train_batch_32_-3545610a073feea6,alexnet,226,21,20,0.9523809523809523
tile:xla,train,alexnet_train_batch_32_-444744203bcb5069,alexnet,6870,32,32,1.0
tile:xla,train,alexnet_train_batch_32_-5db461c5a6356391,alexnet,226,31,33,1.064516129032258
tile:xla,train,alexnet_train_batch_32_-62a1b4c782bd46c7,alexnet,5419,31,30,0.967741935483871
tile:xla,train,alexnet_train_batch_32_-717b6307713f3645,alexnet,175,19,18,0.9473684210526315
tile:xla,train,alexnet_train_batch_32_-741297d2a8031207,alexnet,8,2,1,0.5
tile:xla,train,alexnet_train_batch_32_-7c4b46d3c4b0423d,alexnet,4592,45,45,1.0
tile:xla,train,alexnet_train_batch_32_-84c81be1d6dc4ec,alexnet,5231,12,11,0.9166666666666666
tile:xla,train,alexnet_train_batch_32_-8a7557b856e7b3b,alexnet,151,52,51,0.9807692307692307
tile:xla,train,alexnet_train_batch_32_-dbaf4baa75e9e3a,alexnet,227,27,26,0.9629629629629629
tile:xla,train,alexnet_train_batch_32_11d55dfd21d1a19c,alexnet,160,30,30,1.0
tile:xla,train,alexnet_train_batch_32_1cc5935062f109b3,alexnet,5563,29,30,1.0344827586206897
tile:xla,train,alexnet_train_batch_32_21b74c4dba464305,alexnet,5343,24,23,0.9583333333333334
tile:xla,train,alexnet_train_batch_32_24aa8731e7561309,alexnet,25,2,1,0.5
tile:xla,train,alexnet_train_batch_32_2db921cb9795b9f5,alexnet,152,27,26,0.9629629629629629
tile:xla,train,alexnet_train_batch_32_449f560eb28987c8,alexnet,4640,30,31,1.0333333333333334
tile:xla,train,alexnet_train_batch_32_45bf92e4b4071319,alexnet,6693,19,18,0.9473684210526315
tile:xla,train,alexnet_train_batch_32_47d47dec2b3855a0,alexnet,345,14,14,1.0
tile:xla,train,alexnet_train_batch_32_491305b51ef1cabb,alexnet,3096,25,25,1.0
tile:xla,train,alexnet_train_batch_32_4ae805e53b8d2b8a,alexnet,5790,31,32,1.032258064516129
tile:xla,train,alexnet_train_batch_32_5114fe64ffb1adbb,alexnet,6859,31,32,1.032258064516129
tile:xla,train,alexnet_train_batch_32_5385ab3df33a9cce,alexnet,2780,19,18,0.9473684210526315
tile:xla,train,alexnet_train_batch_32_5484a5e4e39f44b1,alexnet,265,19,18,0.9473684210526315
tile:xla,train,alexnet_train_batch_32_579e7b2c540f0929,alexnet,605,20,19,0.95
tile:xla,train,alexnet_train_batch_32_6506960125603509,alexnet,160,56,58,1.0357142857142858
tile:xla,train,bert_classifier.2x2.fp32.performance_-1a839ad8d83f8921,bert,117,9,8,0.8888888888888888
tile:xla,train,bert_classifier.2x2.fp32.performance_-26ebeb3a88aaade2,bert,600,52,55,1.0576923076923077
tile:xla,train,bert_classifier.2x2.fp32.performance_-317a531bc62ddcc3,bert,296,41,42,1.024390243902439
tile:xla,train,bert_classifier.2x2.fp32.performance_-384df682d9d39f6f,bert,19,31,31,1.0
tile:xla,train,bert_classifier.2x2.fp32.performance_-38b1667a73368ca5,bert,296,57,57,1.0
tile:xla,train,bert_classifier.2x2.fp32.performance_-43ee0987c5036b88,bert,63,7,6,0.8571428571428571
tile:xla,train,bert_classifier.2x2.fp32.performance_-4803869d4443ef81,bert,19,32,36,1.125
tile:xla,train,bert_classifier.2x2.fp32.performance_-48f1f0af8cb866bd,bert,122,13,12,0.9230769230769231
tile:xla,train,bert_classifier.2x2.fp32.performance_-4a0a0b39524e4832,bert,333,37,37,1.0
tile:xla,train,bert_classifier.2x2.fp32.performance_-4bcbdec664edd31c,bert,585,66,76,1.1515151515151516
tile:xla,train,bert_classifier.2x2.fp32.performance_-5e45f791e9d570c8,bert,89,47,50,1.0638297872340425
tile:xla,train,bert_classifier.2x2.fp32.performance_-5ebf300504795e8c,bert,87,73,78,1.0684931506849316
tile:xla,train,bert_classifier.2x2.fp32.performance_-607367ee8dc8a7a0,bert,296,66,71,1.0757575757575757
tile:xla,train,bert_classifier.2x2.fp32.performance_-612cddb51ee251e4,bert,296,71,81,1.1408450704225352
tile:xla,train,bert_classifier.2x2.fp32.performance_-73f3e7390f5a7cbf,bert,333,16,15,0.9375
tile:xla,train,bert_classifier.2x2.fp32.performance_-774bae806f4a9b48,bert,84,10,9,0.9
tile:xla,train,bert_classifier.2x2.fp32.performance_-7b394afcfc944261,bert,296,56,65,1.1607142857142858
tile:xla,train,bert_classifier.2x2.fp32.performance_-7ef7115643d4f736,bert,296,58,59,1.0172413793103448
tile:xla,train,bert_classifier.2x2.fp32.performance_-a7325193e8afa94,bert,296,40,40,1.0
tile:xla,train,bert_classifier.2x2.fp32.performance_1538bc7f51b9854d,bert,333,13,12,0.9230769230769231
tile:xla,train,bert_classifier.2x2.fp32.performance_1a9036b83a9c0eb8,bert,87,52,61,1.1730769230769231
tile:xla,train,bert_classifier.2x2.fp32.performance_2a8b85cb9dea494c,bert,582,96,107,1.1145833333333333
tile:xla,train,bert_classifier.2x2.fp32.performance_2d45a5123f3263fc,bert,21,42,42,1.0
tile:xla,train,bert_classifier.2x2.fp32.performance_327d723c2bcc476,bert,80,40,39,0.975
tile:xla,train,bert_classifier.2x2.fp32.performance_3efc74054470c5e3,bert,23,19,19,1.0
tile:xla,train,bert_classifier.2x2.fp32.performance_3f1922c288e4758,bert,296,58,59,1.0172413793103448
tile:xla,train,bert_classifier.2x2.fp32.performance_40c8270b78bbc561,bert,598,82,86,1.048780487804878
tile:xla,train,bert_classifier.2x2.fp32.performance_43e1f7960b47b323,bert,131,8,7,0.875
tile:xla,train,bert_classifier.2x2.fp32.performance_447509e3293e630e,bert,117,9,8,0.8888888888888888
tile:xla,train,bert_classifier.2x2.fp32.performance_476eb41532607237,bert,22,47,47,1.0
tile:xla,train,bert_classifier.2x2.fp32.performance_50b9a605e87d53fc,bert,21,39,39,1.0
tile:xla,train,bert_classifier.2x2.fp32.performance_5328c79c4e1741cd,bert,144,8,7,0.875
tile:xla,train,bert_classifier.2x2.fp32.performance_600757ad9138807e,bert,296,41,42,1.024390243902439
tile:xla,train,bert_classifier.2x2.fp32.performance_6b91a3ff42eab412,bert,52,2,1,0.5
tile:xla,train,bert_classifier.2x2.fp32.performance_6b9ad164ef9e5bea,bert,80,45,46,1.0222222222222221
tile:xla,train,bert_classifier.2x2.fp32.performance_6d97e0ee5d62cbeb,bert,600,36,36,1.0
tile:xla,train,bert_classifier.2x2.fp32.performance_6ed40f8b9d970c45,bert,56,47,50,1.0638297872340425
tile:xla,train,bert_classifier.2x2.fp32.performance_718b69329ad158c6,bert,19,19,18,0.9473684210526315
tile:xla,train,bert_classifier.2x2.fp32.performance_736410ae70a4ddca,bert,122,22,21,0.9545454545454546
tile:xla,train,bert_classifier.2x2.fp32.performance_7421f45ba45fb97a,bert,333,29,28,0.9655172413793104
tile:xla,train,bert_classifier.2x2.fp32.performance_760a320be53b4a2e,bert,296,58,60,1.0344827586206897
tile:xla,train,bert_classifier.2x2.fp32.performance_7875cf8fbcc92a55,bert,86,76,86,1.131578947368421
tile:xla,train,bert_classifier.2x2.fp32.performance_7898b2290f2c4f5d,bert,90,23,23,1.0
tile:xla,train,bert_classifier.2x2.fp32.performance_7de55402e4fa27a0,bert,606,40,41,1.025
tile:xla,train,bert_classifier.2x2.fp32.performance_90bdb3d787a3950,bert,333,37,37,1.0
tile:xla,train,bert_classifier.2x2.fp32.performance_a6a08f362c38143,bert,15,13,12,0.9230769230769231
tile:xla,train,bert_classifier.2x2.fp32.performance_fd6326a68de3541,bert,296,54,54,1.0
tile:xla,train,bert_classifier.2x2.fp32_-15a12a2bd39acdd8,bert,120,52,61,1.1730769230769231
tile:xla,train,bert_classifier.2x2.fp32_-1a09f14acc312545,bert,482,58,59,1.0172413793103448
tile:xla,train,bert_classifier.2x2.fp32_-1b1162f5d0f98f9f,bert,27,47,47,1.0
tile:xla,train,bert_classifier.2x2.fp32_-1b7191d016505fe8,bert,31,17,16,0.9411764705882353
tile:xla,train,bert_classifier.2x2.fp32_-2003ef45325578d1,bert,56,16,15,0.9375
tile:xla,train,bert_classifier.2x2.fp32_-210841420f810223,bert,108,7,6,0.8571428571428571
tile:xla,train,bert_classifier.2x2.fp32_-21a2808fd06fabc8,bert,101,40,39,0.975
tile:xla,train,bert_classifier.2x2.fp32_-24d39b56a3fcfbe5,bert,482,29,28,0.9655172413793104
tile:xla,train,bert_classifier.2x2.fp32_-278e438e02dae07,bert,429,57,57,1.0
tile:xla,train,bert_classifier.2x2.fp32_-2c1ecbe22a51994,bert,115,47,48,1.0212765957446808
tile:xla,train,bert_classifier.2x2.fp32_-2f0457eb413469fb,bert,103,41,46,1.1219512195121952
tile:xla,train,bert_classifier.2x2.fp32_-2f1be6682f888a24,bert,199,8,7,0.875
tile:xla,train,bert_classifier.2x2.fp32_-316b11bd51131fde,bert,115,37,39,1.054054054054054
tile:xla,train,bert_classifier.2x2.fp32_-357ea03f833bb4c2,bert,56,51,62,1.2156862745098038
tile:xla,train,bert_classifier.2x2.fp32_-35ce20d94e580747,bert,115,22,21,0.9545454545454546
tile:xla,train,bert_classifier.2x2.fp32_-3aced60091aae328,bert,85,26,26,1.0
tile:xla,train,bert_classifier.2x2.fp32_-41834e5a07223298,bert,167,9,8,0.8888888888888888
tile:xla,train,bert_classifier.2x2.fp32_-437ada5027630ff6,bert,24,42,42,1.0
tile:xla,train,bert_classifier.2x2.fp32_-480ec82fa67a63a1,bert,429,54,54,1.0
tile:xla,train,bert_classifier.2x2.fp32_-4a9a774254b26de7,bert,45,41,46,1.1219512195121952
tile:xla,train,bert_classifier.2x2.fp32_-5174d2a51059b686,bert,50,19,19,1.0
tile:xla,train,bert_classifier.2x2.fp32_-54f5c53afe029928,bert,119,73,78,1.0684931506849316
tile:xla,train,bert_classifier.2x2.fp32_-58657058c38ae928,bert,186,7,6,0.8571428571428571
tile:xla,train,bert_classifier.2x2.fp32_-5c69aa27ca907c6f,bert,35,19,19,1.0
tile:xla,train,bert_classifier.2x2.fp32_-670362dabbd6b6cc,bert,23,19,18,0.9473684210526315
tile:xla,train,bert_classifier.2x2.fp32_-6738546de99a2a4a,bert,104,27,27,1.0
tile:xla,train,bert_classifier.2x2.fp32_-71fb35346c0fe8a4,bert,186,8,7,0.875
tile:xla,train,bert_classifier.2x2.fp32_-7273ed4dcda618bf,bert,142,13,12,0.9230769230769231
tile:xla,train,bert_classifier.2x2.fp32_-74346ec35b63eb41,bert,851,67,78,1.164179104477612
tile:xla,train,bert_classifier.2x2.fp32_-743598ee343461fc,bert,50,35,38,1.0857142857142856
tile:xla,train,bert_classifier.2x2.fp32_-746643c4523dc702,bert,45,19,19,1.0
tile:xla,train,bert_classifier.2x2.fp32_-76fc68e4d0cd9435,bert,115,17,16,0.9411764705882353
tile:xla,train,bert_classifier.2x2.fp32_-773787e4f6c45866,bert,868,36,36,1.0
tile:xla,train,bert_classifier.2x2.fp32_-788522c26d3c48c0,bert,167,8,7,0.875
tile:xla,train,bert_classifier.2x2.fp32_-7bb5bb4cdf45de51,bert,45,22,22,1.0
tile:xla,train,bert_classifier.2x2.fp32_-9d561a9a799f1b,bert,424,56,65,1.1607142857142858
tile:xla,train,bert_classifier.2x2.fp32_-9e5b572a62814f4,bert,422,71,81,1.1408450704225352
tile:xla,train,bert_classifier.2x2.fp32_-dfb52e5d93c22b4,bert,56,29,31,1.0689655172413792
tile:xla,train,bert_classifier.2x2.fp32_-edae22288a3d383,bert,24,39,39,1.0
tile:xla,train,bert_classifier.2x2.fp32_11f0b475c384f26c,bert,429,40,40,1.0
tile:xla,train,bert_classifier.2x2.fp32_157d4cc57160dd36,bert,115,10,9,0.9
tile:xla,train,bert_classifier.2x2.fp32_1771c9fb027cb16e,bert,482,19,18,0.9473684210526315
tile:xla,train,bert_classifier.2x2.fp32_1a429946c81733ff,bert,45,16,15,0.9375
tile:xla,train,bert_classifier.2x2.fp32_251e2094677b541b,bert,482,26,26,1.0
tile:xla,train,bert_classifier.2x2.fp32_30b89bad17f9ddc9,bert,56,13,12,0.9230769230769231
tile:xla,train,bert_classifier.2x2.fp32_32c8b064c2e614d9,bert,860,52,55,1.0576923076923077
tile:xla,train,bert_classifier.2x2.fp32_37e5ea3ef96d968d,bert,199,7,6,0.8571428571428571
tile:xla,train,bert_classifier.2x2.fp32_3907a04771098c70,bert,429,66,71,1.0757575757575757
tile:xla,train,bert_classifier.2x2.fp32_3cd86be7b09b21c2,bert,115,23,23,1.0
tile:xla,train,bert_classifier.2x2.fp32_3f10cf2debab64ba,bert,85,7,6,0.8571428571428571
tile:xla,train,bert_classifier.2x2.fp32_3fe1c1fc9e7a7f7,bert,482,58,59,1.0172413793103448
tile:xla,train,bert_classifier.2x2.fp32_443007ddf7955c2e,bert,482,37,37,1.0
tile:xla,train,bert_classifier.2x2.fp32_450d9345eba0a11f,bert,482,27,27,1.0
tile:xla,train,bert_classifier.2x2.fp32_4c5b451dd51d2ae1,bert,482,41,42,1.024390243902439
tile:xla,train,bert_classifier.2x2.fp32_5442ee1ae7c13f5a,bert,428,63,73,1.1587301587301588
tile:xla,train,bert_classifier.2x2.fp32_5701a8b5761d3538,bert,167,8,7,0.875
tile:xla,train,bert_classifier.2x2.fp32_589eb915fff67791,bert,167,9,8,0.8888888888888888
tile:xla,train,bert_classifier.2x2.fp32_58dcfdf8b14b4c7e,bert,482,13,12,0.9230769230769231
tile:xla,train,bert_classifier.2x2.fp32_5a13d9ed7be5522e,bert,482,58,60,1.0344827586206897
tile:xla,train,bert_classifier.2x2.fp32_5cbe9f7e650ef48e,bert,142,22,21,0.9545454545454546
tile:xla,train,bert_classifier.2x2.fp32_63f7015999d4517e,bert,866,40,41,1.025
tile:xla,train,bert_classifier.2x2.fp32_69cd6e34a7cf5bd9,bert,482,37,37,1.0
tile:xla,train,bert_classifier.2x2.fp32_6a8226b2e6d9233c,bert,31,14,13,0.9285714285714286
tile:xla,train,bert_classifier.2x2.fp32_6b92af7fcfaf6b13,bert,482,26,26,1.0
tile:xla,train,bert_classifier.2x2.fp32_6c1d5b9c44bffe59,bert,92,45,46,1.0222222222222221
tile:xla,train,bert_classifier.2x2.fp32_76b8cd655923a4e6,bert,482,41,42,1.024390243902439
tile:xla,train,bert_classifier.2x2.fp32_79286208a2980c34,bert,31,14,13,0.9285714285714286
tile:xla,train,bert_classifier.2x2.fp32_9b0992e5e0ed23d,bert,482,16,15,0.9375
tile:xla,train,bert_pretraining.2x2.fp16_-18321ad156c55c0b,bert,847,21,21,1.0
tile:xla,train,bert_pretraining.2x2.fp16_-1972c148bcabec74,bert,384,7,6,0.8571428571428571
tile:xla,train,bert_pretraining.2x2.fp16_-1a91e1daf560d9c7,bert,135,78,87,1.1153846153846154
tile:xla,train,bert_pretraining.2x2.fp16_-1c6db741e059e66c,bert,38,13,12,0.9230769230769231
tile:xla,train,bert_pretraining.2x2.fp16_-2687e894772f7802,bert,1306,52,62,1.1923076923076923
tile:xla,train,bert_pretraining.2x2.fp16_-2b26f81544af7264,bert,97,19,25,1.3157894736842106
tile:xla,train,bert_pretraining.2x2.fp16_-2b79ab85842ee518,bert,166,9,8,0.8888888888888888
tile:xla,train,bert_pretraining.2x2.fp16_-2d2ef95cc2437817,bert,142,27,27,1.0
tile:xla,train,bert_pretraining.2x2.fp16_-2e2865a7de47f9fd,bert,847,21,21,1.0
tile:xla,train,bert_pretraining.2x2.fp16_-2e34c328e74763ba,bert,205,23,23,1.0
tile:xla,train,bert_pretraining.2x2.fp16_-3057736d78cc595d,bert,131,83,92,1.108433734939759
tile:xla,train,bert_pretraining.2x2.fp16_-30ecc4ab8d2d8038,bert,203,61,65,1.0655737704918034
tile:xla,train,bert_pretraining.2x2.fp16_-34a5979f3fc5e04d,bert,840,19,18,0.9473684210526315
tile:xla,train,bert_pretraining.2x2.fp16_-360b1bc951c33786,bert,44,38,38,1.0
tile:xla,train,bert_pretraining.2x2.fp16_-3928b8ef6ecbecfb,bert,202,32,31,0.96875
tile:xla,train,bert_pretraining.2x2.fp16_-4dd341a0a2b70619,bert,552,71,80,1.1267605633802817
tile:xla,train,bert_pretraining.2x2.fp16_-4fe2235cfed02769,bert,845,12,11,0.9166666666666666
tile:xla,train,bert_pretraining.2x2.fp16_-51f5a40ac06e51cc,bert,388,9,8,0.8888888888888888
tile:xla,train,bert_pretraining.2x2.fp16_-52ecb13f91bbfee5,bert,30,20,19,0.95
tile:xla,train,bert_pretraining.2x2.fp16_-530c85921dc07d4,bert,840,16,15,0.9375
tile:xla,train,bert_pretraining.2x2.fp16_-5ad130fdb2eb43b3,bert,243,19,18,0.9473684210526315
tile:xla,train,bert_pretraining.2x2.fp16_-5c183441068c1be0,bert,206,35,35,1.0
tile:xla,train,bert_pretraining.2x2.fp16_-5e45f791e9d570c8,bert,90,47,50,1.0638297872340425
tile:xla,train,bert_pretraining.2x2.fp16_-5e681d1d184200f4,bert,1327,38,38,1.0
tile:xla,train,bert_pretraining.2x2.fp16_-5e7543f765839356,bert,164,70,74,1.0571428571428572
tile:xla,train,bert_pretraining.2x2.fp16_-67d64e42f8a6e510,bert,206,21,21,1.0
tile:xla,train,bert_pretraining.2x2.fp16_-70b28a989cae5d16,bert,292,43,43,1.0
tile:xla,train,bert_pretraining.2x2.fp16_-760506af4da30059,bert,54,14,13,0.9285714285714286
tile:xla,train,bert_pretraining.2x2.fp16_-77c635139195baa3,bert,204,57,58,1.0175438596491229
tile:xla,train,bert_pretraining.2x2.fp16_-7965883313d1a195,bert,136,2,1,0.5
tile:xla,train,bert_pretraining.2x2.fp16_-84a4e8815a59f49,bert,12,17,16,0.9411764705882353
tile:xla,train,bert_pretraining.2x2.fp16_12ab6b03dbb07de7,bert,1333,39,42,1.0769230769230769
tile:xla,train,bert_pretraining.2x2.fp16_183d41d29e91b036,bert,35,46,54,1.173913043478261
tile:xla,train,bert_pretraining.2x2.fp16_249a7ea9296bcaac,bert,1031,52,55,1.0576923076923077
tile:xla,train,bert_pretraining.2x2.fp16_2c0d1aab8a3d822,bert,58,40,43,1.075
tile:xla,train,bert_pretraining.2x2.fp16_2e734f166c2b5710,bert,845,12,11,0.9166666666666666
tile:xla,train,bert_pretraining.2x2.fp16_339088db6f19cf75,bert,44,41,41,1.0
tile:xla,train,bert_pretraining.2x2.fp16_3ce76848de23b5f,bert,181,9,8,0.8888888888888888
tile:xla,train,bert_pretraining.2x2.fp16_3d8d72ac9e041965,bert,54,38,41,1.0789473684210527
tile:xla,train,bert_pretraining.2x2.fp16_445ebafb90750ee3,bert,203,57,58,1.0175438596491229
tile:xla,train,bert_pretraining.2x2.fp16_4ca360dd65278ba5,bert,203,54,56,1.037037037037037
tile:xla,train,bert_pretraining.2x2.fp16_4e7652f75ff95c52,bert,154,37,38,1.027027027027027
tile:xla,train,bert_pretraining.2x2.fp16_5258f1fb1315f778,bert,839,30,30,1.0
tile:xla,train,bert_pretraining.2x2.fp16_56f420e7acc1c4,bert,234,12,11,0.9166666666666666
tile:xla,train,bert_pretraining.2x2.fp16_5f28f8abc4b48a62,bert,207,68,80,1.1764705882352942
tile:xla,train,bert_pretraining.2x2.fp16_69e37cd55c7885d6,bert,165,61,63,1.0327868852459017
tile:xla,train,bert_pretraining.2x2.fp16_6c9ce9ced927fa83,bert,234,20,20,1.0
tile:xla,train,bert_pretraining.2x2.fp16_6ed40f8b9d970c45,bert,70,47,50,1.0638297872340425
tile:xla,train,bert_pretraining.2x2.fp16_704aac9e932a033c,bert,1324,43,44,1.0232558139534884
tile:xla,train,bert_pretraining.2x2.fp16_70fbda9d27f8a296,bert,544,62,71,1.1451612903225807
tile:xla,train,bert_pretraining.2x2.fp16_7486e8ce089e8f8c,bert,206,19,18,0.9473684210526315
tile:xla,train,bert_pretraining.2x2.fp16_7ea64e206b836d1f,bert,56,10,9,0.9
tile:xla,train,bert_pretraining.2x2.fp16_7fa383735f84a0bb,bert,47,38,38,1.0
tile:xla,train,bert_pretraining.2x2.fp16_a35ebdeb43b3809,bert,840,21,20,0.9523809523809523
tile:xla,train,bert_pretraining.2x2.fp16_e0e5819b290ddf3,bert,818,35,35,1.0
tile:xla,train,bert_pretraining.8x16.fp16_-18321ad156c55c0b,bert,847,21,21,1.0
tile:xla,train,bert_pretraining.8x16.fp16_-1972c148bcabec74,bert,384,7,6,0.8571428571428571
tile:xla,train,bert_pretraining.8x16.fp16_-1a91e1daf560d9c7,bert,135,78,87,1.1153846153846154
tile:xla,train,bert_pretraining.8x16.fp16_-1c6db741e059e66c,bert,38,13,12,0.9230769230769231
tile:xla,train,bert_pretraining.8x16.fp16_-2687e894772f7802,bert,1306,52,62,1.1923076923076923
tile:xla,train,bert_pretraining.8x16.fp16_-2b26f81544af7264,bert,97,19,25,1.3157894736842106
tile:xla,train,bert_pretraining.8x16.fp16_-2b79ab85842ee518,bert,166,9,8,0.8888888888888888
tile:xla,train,bert_pretraining.8x16.fp16_-2d2ef95cc2437817,bert,142,27,27,1.0
tile:xla,train,bert_pretraining.8x16.fp16_-2e2865a7de47f9fd,bert,847,21,21,1.0
tile:xla,train,bert_pretraining.8x16.fp16_-2e34c328e74763ba,bert,165,23,23,1.0
tile:xla,train,bert_pretraining.8x16.fp16_-3057736d78cc595d,bert,131,83,92,1.108433734939759
tile:xla,train,bert_pretraining.8x16.fp16_-30ecc4ab8d2d8038,bert,203,61,65,1.0655737704918034
tile:xla,train,bert_pretraining.8x16.fp16_-34a5979f3fc5e04d,bert,840,19,18,0.9473684210526315
tile:xla,train,bert_pretraining.8x16.fp16_-360b1bc951c33786,bert,36,38,38,1.0
tile:xla,train,bert_pretraining.8x16.fp16_-3928b8ef6ecbecfb,bert,202,32,31,0.96875
tile:xla,train,bert_pretraining.8x16.fp16_-4dd341a0a2b70619,bert,552,71,80,1.1267605633802817
tile:xla,train,bert_pretraining.8x16.fp16_-4fe2235cfed02769,bert,845,12,11,0.9166666666666666
tile:xla,train,bert_pretraining.8x16.fp16_-51f5a40ac06e51cc,bert,388,9,8,0.8888888888888888
tile:xla,train,bert_pretraining.8x16.fp16_-52ecb13f91bbfee5,bert,30,20,19,0.95
tile:xla,train,bert_pretraining.8x16.fp16_-530c85921dc07d4,bert,840,16,15,0.9375
tile:xla,train,bert_pretraining.8x16.fp16_-5ad130fdb2eb43b3,bert,243,19,18,0.9473684210526315
tile:xla,train,bert_pretraining.8x16.fp16_-5c183441068c1be0,bert,206,35,35,1.0
tile:xla,train,bert_pretraining.8x16.fp16_-5e681d1d184200f4,bert,1327,38,38,1.0
tile:xla,train,bert_pretraining.8x16.fp16_-5e7543f765839356,bert,163,70,74,1.0571428571428572
tile:xla,train,bert_pretraining.8x16.fp16_-67d64e42f8a6e510,bert,206,21,21,1.0
tile:xla,train,bert_pretraining.8x16.fp16_-70b28a989cae5d16,bert,292,43,43,1.0
tile:xla,train,bert_pretraining.8x16.fp16_-760506af4da30059,bert,54,14,13,0.9285714285714286
tile:xla,train,bert_pretraining.8x16.fp16_-77c635139195baa3,bert,204,57,58,1.0175438596491229
tile:xla,train,bert_pretraining.8x16.fp16_-7965883313d1a195,bert,136,2,1,0.5
tile:xla,train,bert_pretraining.8x16.fp16_-84a4e8815a59f49,bert,9,17,16,0.9411764705882353
tile:xla,train,bert_pretraining.8x16.fp16_12715b8846fb1038,bert,62,47,50,1.0638297872340425
tile:xla,train,bert_pretraining.8x16.fp16_12ab6b03dbb07de7,bert,1333,39,42,1.0769230769230769
tile:xla,train,bert_pretraining.8x16.fp16_183d41d29e91b036,bert,35,46,54,1.173913043478261
tile:xla,train,bert_pretraining.8x16.fp16_249a7ea9296bcaac,bert,1031,52,55,1.0576923076923077
tile:xla,train,bert_pretraining.8x16.fp16_2c0d1aab8a3d822,bert,58,40,43,1.075
tile:xla,train,bert_pretraining.8x16.fp16_2e734f166c2b5710,bert,845,12,11,0.9166666666666666
tile:xla,train,bert_pretraining.8x16.fp16_339088db6f19cf75,bert,36,41,41,1.0
tile:xla,train,bert_pretraining.8x16.fp16_3ce76848de23b5f,bert,181,9,8,0.8888888888888888
tile:xla,train,bert_pretraining.8x16.fp16_3d8d72ac9e041965,bert,54,38,41,1.0789473684210527
tile:xla,train,bert_pretraining.8x16.fp16_445ebafb90750ee3,bert,203,57,58,1.0175438596491229
tile:xla,train,bert_pretraining.8x16.fp16_4ca360dd65278ba5,bert,164,54,56,1.037037037037037
tile:xla,train,bert_pretraining.8x16.fp16_4e7652f75ff95c52,bert,154,37,38,1.027027027027027
tile:xla,train,bert_pretraining.8x16.fp16_5258f1fb1315f778,bert,839,30,30,1.0
tile:xla,train,bert_pretraining.8x16.fp16_56f420e7acc1c4,bert,234,12,11,0.9166666666666666
tile:xla,train,bert_pretraining.8x16.fp16_5f28f8abc4b48a62,bert,207,68,80,1.1764705882352942
tile:xla,train,bert_pretraining.8x16.fp16_69e37cd55c7885d6,bert,165,61,63,1.0327868852459017
tile:xla,train,bert_pretraining.8x16.fp16_6c9ce9ced927fa83,bert,234,20,20,1.0
tile:xla,train,bert_pretraining.8x16.fp16_6d4dca078e4f052b,bert,4,13,12,0.9230769230769231
tile:xla,train,bert_pretraining.8x16.fp16_704aac9e932a033c,bert,1324,43,44,1.0232558139534884
tile:xla,train,bert_pretraining.8x16.fp16_70fbda9d27f8a296,bert,545,62,71,1.1451612903225807
tile:xla,train,bert_pretraining.8x16.fp16_7486e8ce089e8f8c,bert,206,19,18,0.9473684210526315
tile:xla,train,bert_pretraining.8x16.fp16_7ea64e206b836d1f,bert,49,10,9,0.9
tile:xla,train,bert_pretraining.8x16.fp16_7fa383735f84a0bb,bert,47,38,38,1.0
tile:xla,train,bert_pretraining.8x16.fp16_a35ebdeb43b3809,bert,840,21,20,0.9523809523809523
tile:xla,train,bert_pretraining.8x16.fp16_e0e5819b290ddf3,bert,818,35,35,1.0
tile:xla,train,bert_pretraining.8x8.fp32.performance_-180a628e07daaee7,bert,52,39,42,1.0769230769230769
tile:xla,train,bert_pretraining.8x8.fp32.performance_-1972c148bcabec74,bert,384,7,6,0.8571428571428571
tile:xla,train,bert_pretraining.8x8.fp32.performance_-1aea503fcc0481da,bert,953,40,40,1.0
tile:xla,train,bert_pretraining.8x8.fp32.performance_-1fafb2b99650913,bert,326,2,1,0.5
tile:xla,train,bert_pretraining.8x8.fp32.performance_-20bdcb9bb2cbeff4,bert,978,12,11,0.9166666666666666
tile:xla,train,bert_pretraining.8x8.fp32.performance_-2ab091fb8d7f07d7,bert,875,58,60,1.0344827586206897
tile:xla,train,bert_pretraining.8x8.fp32.performance_-2e8b089361cd4076,bert,942,58,59,1.0172413793103448
tile:xla,train,bert_pretraining.8x8.fp32.performance_-36822230c65a08b8,bert,30,47,50,1.0638297872340425
tile:xla,train,bert_pretraining.8x8.fp32.performance_-378efeaaf75defe6,bert,38,44,53,1.2045454545454546
tile:xla,train,bert_pretraining.8x8.fp32.performance_-37e944c81489413c,bert,26,19,18,0.9473684210526315
tile:xla,train,bert_pretraining.8x8.fp32.performance_-43ee0987c5036b88,bert,63,7,6,0.8571428571428571
tile:xla,train,bert_pretraining.8x8.fp32.performance_-495b2cdae0d889a7,bert,85,42,42,1.0
tile:xla,train,bert_pretraining.8x8.fp32.performance_-517d99c3242c074c,bert,170,10,9,0.9
tile:xla,train,bert_pretraining.8x8.fp32.performance_-51f5a40ac06e51cc,bert,387,9,8,0.8888888888888888
tile:xla,train,bert_pretraining.8x8.fp32.performance_-5e6c710e6d564f35,bert,158,103,115,1.116504854368932
tile:xla,train,bert_pretraining.8x8.fp32.performance_-6702494f873361d2,bert,986,86,89,1.0348837209302326
tile:xla,train,bert_pretraining.8x8.fp32.performance_-67a0df6a195491d1,bert,688,76,86,1.131578947368421
tile:xla,train,bert_pretraining.8x8.fp32.performance_-6cf1b96f90daa9fc,bert,99,47,47,1.0
tile:xla,train,bert_pretraining.8x8.fp32.performance_-77e96f267926f3f5,bert,176,59,63,1.0677966101694916
tile:xla,train,bert_pretraining.8x8.fp32.performance_-784a1a48788a34b3,bert,1192,52,55,1.0576923076923077
tile:xla,train,bert_pretraining.8x8.fp32.performance_-792d1315cf5c0a52,bert,936,57,57,1.0
tile:xla,train,bert_pretraining.8x8.fp32.performance_-b7798f3b6cb86ad,bert,170,47,48,1.0212765957446808
tile:xla,train,bert_pretraining.8x8.fp32.performance_-e8b1b078e8dbf92,bert,128,26,26,1.0
tile:xla,train,bert_pretraining.8x8.fp32.performance_116e55ce836660da,bert,1212,36,36,1.0
tile:xla,train,bert_pretraining.8x8.fp32.performance_11cd9e74e94b93fe,bert,960,37,37,1.0
tile:xla,train,bert_pretraining.8x8.fp32.performance_171e1d9131764311,bert,117,8,7,0.875
tile:xla,train,bert_pretraining.8x8.fp32.performance_1ac63c660d3fc873,bert,32,31,31,1.0
tile:xla,train,bert_pretraining.8x8.fp32.performance_218b5a9120a4d207,bert,953,37,37,1.0
tile:xla,train,bert_pretraining.8x8.fp32.performance_257ca1e9fad024c0,bert,936,54,54,1.0
tile:xla,train,bert_pretraining.8x8.fp32.performance_27b2fda7f900d351,bert,622,23,23,1.0
tile:xla,train,bert_pretraining.8x8.fp32.performance_298a9f90305a6a1c,bert,170,51,53,1.0392156862745099
tile:xla,train,bert_pretraining.8x8.fp32.performance_29da0b1da765f664,bert,42,13,12,0.9230769230769231
tile:xla,train,bert_pretraining.8x8.fp32.performance_3119c13938da6da2,bert,50,52,58,1.1153846153846154
tile:xla,train,bert_pretraining.8x8.fp32.performance_317378e13c1e16c7,bert,623,22,21,0.9545454545454546
tile:xla,train,bert_pretraining.8x8.fp32.performance_33c3fa4706d00e10,bert,181,52,61,1.1730769230769231
tile:xla,train,bert_pretraining.8x8.fp32.performance_36e1f9aafd68fe1,bert,170,32,32,1.0
tile:xla,train,bert_pretraining.8x8.fp32.performance_3a1fe90b136cb5fb,bert,75,47,50,1.0638297872340425
tile:xla,train,bert_pretraining.8x8.fp32.performance_3bcb5d1b987969d3,bert,961,41,42,1.024390243902439
tile:xla,train,bert_pretraining.8x8.fp32.performance_3c04e42bf03f1024,bert,211,19,19,1.0
tile:xla,train,bert_pretraining.8x8.fp32.performance_3efc74054470c5e3,bert,24,19,19,1.0
tile:xla,train,bert_pretraining.8x8.fp32.performance_425a1ee06bc05248,bert,53,13,12,0.9230769230769231
tile:xla,train,bert_pretraining.8x8.fp32.performance_4cc32c1a93fe868b,bert,211,12,11,0.9166666666666666
tile:xla,train,bert_pretraining.8x8.fp32.performance_4ee658b84988bab4,bert,541,40,39,0.975
tile:xla,train,bert_pretraining.8x8.fp32.performance_519925e8050989a0,bert,641,13,12,0.9230769230769231
tile:xla,train,bert_pretraining.8x8.fp32.performance_5328c79c4e1741cd,bert,162,8,7,0.875
tile:xla,train,bert_pretraining.8x8.fp32.performance_586f6554065f7d75,bert,85,39,39,1.0
tile:xla,train,bert_pretraining.8x8.fp32.performance_615a98d2ad2aef71,bert,117,8,7,0.875
tile:xla,train,bert_pretraining.8x8.fp32.performance_635ace4841073e1e,bert,1223,40,41,1.025
tile:xla,train,bert_pretraining.8x8.fp32.performance_6453141fdbdfb52c,bert,149,19,25,1.3157894736842106
tile:xla,train,bert_pretraining.8x8.fp32.performance_675b27755cb7aa43,bert,171,22,21,0.9545454545454546
tile:xla,train,bert_pretraining.8x8.fp32.performance_6a78964961a92e4e,bert,149,7,6,0.8571428571428571
tile:xla,train,bert_pretraining.8x8.fp32.performance_6cf1cfa7ba1ef3c8,bert,861,66,71,1.0757575757575757
tile:xla,train,bert_pretraining.8x8.fp32.performance_7e4be9699b0bb213,bert,443,45,46,1.0222222222222221
tile:xla,train,bert_pretraining.8x8.fp32.performance_98c5160f2a38126,bert,692,61,70,1.1475409836065573
tile:xla,train,bert_pretraining.8x8.fp32.performance_ac4129910261669,bert,960,29,28,0.9655172413793104
tile:xla,train,bert_pretraining.8x8.fp32.performance_ca8a089e06ae04,bert,185,73,78,1.0684931506849316
tile:xla,train,bert_pretraining.8x8.fp32.performance_d2e69494ec2a29d,bert,1160,66,76,1.1515151515151516
tile:xla,train,bert_squad.2x2.fp32_-121a46bc7c2bbbb7,bert,1077,13,12,0.9230769230769231
tile:xla,train,bert_squad.2x2.fp32_-1d4af7d38fb4902d,bert,174,7,6,0.8571428571428571
tile:xla,train,bert_squad.2x2.fp32_-1e604b845afe164c,bert,37,19,18,0.9473684210526315
tile:xla,train,bert_squad.2x2.fp32_-1f7d7f1acc70a3de,bert,782,45,46,1.0222222222222221
tile:xla,train,bert_squad.2x2.fp32_-1fdb7bb21fe7d727,bert,85,9,8,0.8888888888888888
tile:xla,train,bert_squad.2x2.fp32_-269d45782c98aa,bert,150,39,39,1.0
tile:xla,train,bert_squad.2x2.fp32_-29a8862e2248f90a,bert,261,37,39,1.054054054054054
tile:xla,train,bert_squad.2x2.fp32_-2a9438e91d9079ae,bert,1005,23,23,1.0
tile:xla,train,bert_squad.2x2.fp32_-2cfa77cc86efad0a,bert,1945,41,42,1.024390243902439
tile:xla,train,bert_squad.2x2.fp32_-2ea7c3f72b8b4df6,bert,61,49,58,1.183673469387755
tile:xla,train,bert_squad.2x2.fp32_-2f1be6682f888a24,bert,249,8,7,0.875
tile:xla,train,bert_squad.2x2.fp32_-33426bc0cc7e3aa6,bert,49,26,26,1.0
tile:xla,train,bert_squad.2x2.fp32_-362eed2f7cfd18a1,bert,168,47,47,1.0
tile:xla,train,bert_squad.2x2.fp32_-399fa81d99854135,bert,1929,58,59,1.0172413793103448
tile:xla,train,bert_squad.2x2.fp32_-45234dcbb497961b,bert,67,40,41,1.025
tile:xla,train,bert_squad.2x2.fp32_-4c9e1159ae0fd1fa,bert,50,13,12,0.9230769230769231
tile:xla,train,bert_squad.2x2.fp32_-53c92b31943bb50,bert,127,47,50,1.0638297872340425
tile:xla,train,bert_squad.2x2.fp32_-58657058c38ae928,bert,232,7,6,0.8571428571428571
tile:xla,train,bert_squad.2x2.fp32_-5f83403c7c19642c,bert,45,31,31,1.0
tile:xla,train,bert_squad.2x2.fp32_-70e3d6872422a7f,bert,2074,12,11,0.9166666666666666
tile:xla,train,bert_squad.2x2.fp32_-72da236b646a2ffc,bert,2496,66,76,1.1515151515151516
tile:xla,train,bert_squad.2x2.fp32_-788522c26d3c48c0,bert,185,8,7,0.875
tile:xla,train,bert_squad.2x2.fp32_-7c00ad6964808334,bert,1331,61,70,1.1475409836065573
tile:xla,train,bert_squad.2x2.fp32_-7e4f01b2e14c8e5e,bert,2640,40,41,1.025
tile:xla,train,bert_squad.2x2.fp32_143350b34bfdccd6,bert,863,40,39,0.975
tile:xla,train,bert_squad.2x2.fp32_158d0fd3f777c86f,bert,2653,36,36,1.0
tile:xla,train,bert_squad.2x2.fp32_20946b1e074a2ade,bert,1905,57,57,1.0
tile:xla,train,bert_squad.2x2.fp32_2f1fe820c7c813a5,bert,1932,37,37,1.0
tile:xla,train,bert_squad.2x2.fp32_322fdc4cc2e96776,bert,1781,58,60,1.0344827586206897
tile:xla,train,bert_squad.2x2.fp32_36507a8fed0974b9,bert,1905,54,54,1.0
tile:xla,train,bert_squad.2x2.fp32_3b66072c90ebbf4d,bert,388,73,78,1.0684931506849316
tile:xla,train,bert_squad.2x2.fp32_3ca760c387590ab4,bert,150,42,42,1.0
tile:xla,train,bert_squad.2x2.fp32_51dc58392c08fd5d,bert,1942,37,37,1.0
tile:xla,train,bert_squad.2x2.fp32_5701a8b5761d3538,bert,185,8,7,0.875
tile:xla,train,bert_squad.2x2.fp32_5745a8520ef4c67e,bert,270,22,21,0.9545454545454546
tile:xla,train,bert_squad.2x2.fp32_5a8ad6c9efce73ae,bert,67,32,32,1.0
tile:xla,train,bert_squad.2x2.fp32_5a8fc89ca92d7d77,bert,1932,40,40,1.0
tile:xla,train,bert_squad.2x2.fp32_604c9a51166bac5c,bert,2562,52,55,1.0576923076923077
tile:xla,train,bert_squad.2x2.fp32_630e5b55f3da4362,bert,1309,76,86,1.131578947368421
tile:xla,train,bert_squad.2x2.fp32_6532d92e7897d9cf,bert,1740,66,71,1.0757575757575757
tile:xla,train,bert_squad.2x2.fp32_6861ff8ba963890,bert,266,47,48,1.0212765957446808
tile:xla,train,bert_squad.2x2.fp32_6897437f6fd07265,bert,1941,29,28,0.9655172413793104
tile:xla,train,bert_squad.2x2.fp32_6bf98ccd807bb21c,bert,407,2,1,0.5
tile:xla,train,bert_squad.2x2.fp32_76b51532865cecb0,bert,383,52,61,1.1730769230769231
tile:xla,train,bert_squad.2x2.fp32_7d2e2cb197bf1ff9,bert,1038,22,21,0.9545454545454546
tile:xla,train,bert_squad.2x2.fp32_c7d50e1a378b43d,bert,268,10,9,0.9
tile:xla,train,brax_es_-28f9312ae68fcfa6,brax,73,13,12,0.9230769230769231
tile:xla,train,brax_es_-374c0072d10817da,brax,55,119,143,1.2016806722689075
tile:xla,train,brax_es_-37868e1e0d96b7f,brax,16,2,1,0.5
tile:xla,train,brax_es_-3a342b8ab0ab752a,brax,230,9,8,0.8888888888888888
tile:xla,train,brax_es_-3f1e45b01cc6e8a6,brax,65,27,30,1.1111111111111112
tile:xla,train,brax_es_-5393deb7bbd0cd21,brax,196,13,12,0.9230769230769231
tile:xla,train,brax_es_-57921f063f8395fb,brax,120,7,6,0.8571428571428571
tile:xla,train,brax_es_-5f43b2d1509bd574,brax,175,10,9,0.9
tile:xla,train,brax_es_-737c6a6df28f9987,brax,196,13,12,0.9230769230769231
tile:xla,train,brax_es_-74c50f47f28bf88,brax,18,394,711,1.8045685279187818
tile:xla,train,brax_es_-7e4066cb4d3b95a8,brax,109,26,32,1.2307692307692308
tile:xla,train,brax_es_-f108f2833fb7235,brax,626,21,21,1.0
tile:xla,train,brax_es_105d3f5733bb869d,brax,14,2,1,0.5
tile:xla,train,brax_es_106e492b457471cf,brax,611,7,6,0.8571428571428571
tile:xla,train,brax_es_16ed909325528c9f,brax,240,9,9,1.0
tile:xla,train,brax_es_1a366547d7d3885c,brax,322,10,9,0.9
tile:xla,train,brax_es_347346b0a7326472,brax,14,2,1,0.5
tile:xla,train,brax_es_3e1dddbc5c437b26,brax,108,394,711,1.8045685279187818
tile:xla,train,brax_es_3fb57bbd2392df16,brax,175,12,11,0.9166666666666666
tile:xla,train,brax_es_41ad8f129aacd367,brax,26,2,1,0.5
tile:xla,train,brax_es_47ff4fabf5ed32ce,brax,73,9,9,1.0
tile:xla,train,brax_es_4978a809bc15870b,brax,175,119,143,1.2016806722689075
tile:xla,train,brax_es_5b1adc97f1b71eda,brax,37,154,249,1.6168831168831168
tile:xla,train,brax_es_6a3323508bc7770a,brax,626,16,15,0.9375
tile:xla,train,brax_es_7345df0911c4a088,brax,175,7,6,0.8571428571428571
tile:xla,train,brax_es_e373cd2b8545564,brax,120,10,9,0.9
tile:xla,train,efficientnet_b7_eval_batch_1_-110f9417a8905506,efficientnet,13981,70,76,1.0857142857142856
tile:xla,train,efficientnet_b7_eval_batch_1_-15d7b7f52c4a2e3c,efficientnet,2023,59,61,1.0338983050847457
tile:xla,train,efficientnet_b7_eval_batch_1_-19afa2e830fe5a2e,efficientnet,3697,32,33,1.03125
tile:xla,train,efficientnet_b7_eval_batch_1_-1c3eeb1a454de6f0,efficientnet,13989,32,33,1.03125
tile:xla,train,efficientnet_b7_eval_batch_1_-1fe180c633be6bf1,efficientnet,1964,66,67,1.0151515151515151
tile:xla,train,efficientnet_b7_eval_batch_1_-2342cf129d1bb757,efficientnet,13999,57,57,1.0
tile:xla,train,efficientnet_b7_eval_batch_1_-24331afda3ebe305,efficientnet,780,21,21,1.0
tile:xla,train,efficientnet_b7_eval_batch_1_-2487cf495b666a0c,efficientnet,2031,45,44,0.9777777777777777
tile:xla,train,efficientnet_b7_eval_batch_1_-26579a0327693a86,efficientnet,1252,66,67,1.0151515151515151
tile:xla,train,efficientnet_b7_eval_batch_1_-27d068a771259791,efficientnet,1211,14,13,0.9285714285714286
tile:xla,train,efficientnet_b7_eval_batch_1_-2adde4fd6b61eb4f,efficientnet,2115,38,38,1.0
tile:xla,train,efficientnet_b7_eval_batch_1_-2d06333fc5c8d16e,efficientnet,1418,61,61,1.0
tile:xla,train,efficientnet_b7_eval_batch_1_-30d5c7b99e49ea43,efficientnet,1211,21,21,1.0
tile:xla,train,efficientnet_b7_eval_batch_1_-330330505cf090b7,efficientnet,183,43,49,1.1395348837209303
tile:xla,train,efficientnet_b7_eval_batch_1_-3394aca572c8ee7c,efficientnet,1559,14,13,0.9285714285714286
tile:xla,train,efficientnet_b7_eval_batch_1_-351d94fad9bff3bd,efficientnet,3020,14,13,0.9285714285714286
tile:xla,train,efficientnet_b7_eval_batch_1_-37d74c622609f634,efficientnet,1264,46,45,0.9782608695652174
tile:xla,train,efficientnet_b7_eval_batch_1_-3936e34d902be347,efficientnet,782,14,13,0.9285714285714286
tile:xla,train,efficientnet_b7_eval_batch_1_-3a91444074a2e617,efficientnet,652,43,49,1.1395348837209303
tile:xla,train,efficientnet_b7_eval_batch_1_-3e40af99ec69029c,efficientnet,2382,65,64,0.9846153846153847
tile:xla,train,efficientnet_b7_eval_batch_1_-3fe78ac0ebe49f9e,efficientnet,2061,66,67,1.0151515151515151
tile:xla,train,efficientnet_b7_eval_batch_1_-40c5900aa8dd1d38,efficientnet,1396,37,38,1.027027027027027
tile:xla,train,efficientnet_b7_eval_batch_1_-418d51370f99d5f1,efficientnet,11247,29,28,0.9655172413793104
tile:xla,train,efficientnet_b7_eval_batch_1_-42558a43ec6f1b37,efficientnet,1007,14,13,0.9285714285714286
tile:xla,train,efficientnet_b7_eval_batch_1_-43611c939e2093eb,efficientnet,1654,38,38,1.0
tile:xla,train,efficientnet_b7_eval_batch_1_-44b99cd00d752b41,efficientnet,35,2,1,0.5
tile:xla,train,efficientnet_b7_eval_batch_1_-4746747bb42bb9ee,efficientnet,1502,30,29,0.9666666666666667
tile:xla,train,efficientnet_b7_eval_batch_1_-47655feb557b02ca,efficientnet,1155,29,29,1.0
tile:xla,train,efficientnet_b7_eval_batch_1_-476eb14a86722116,efficientnet,35,2,1,0.5
tile:xla,train,efficientnet_b7_eval_batch_1_-489e6bba03c0d2e3,efficientnet,8304,22,21,0.9545454545454546
tile:xla,train,efficientnet_b7_eval_batch_1_-499cd57a6063894,efficientnet,11557,29,28,0.9655172413793104
tile:xla,train,efficientnet_b7_eval_batch_1_-4f0e016237018c19,efficientnet,3971,70,76,1.0857142857142856
tile:xla,train,efficientnet_b7_eval_batch_1_-5164265635696805,efficientnet,207,21,21,1.0
tile:xla,train,efficientnet_b7_eval_batch_1_-51c4c329293f6327,efficientnet,2342,21,21,1.0
tile:xla,train,efficientnet_b7_eval_batch_1_-526f07bc5e3ad251,efficientnet,12304,12,11,0.9166666666666666
tile:xla,train,efficientnet_b7_eval_batch_1_-546617444dc4cea2,efficientnet,1203,43,49,1.1395348837209303
tile:xla,train,efficientnet_b7_eval_batch_1_-567c50cd4100e351,efficientnet,796,62,64,1.032258064516129
tile:xla,train,efficientnet_b7_eval_batch_1_-58934212f84e15d3,efficientnet,2571,39,39,1.0
tile:xla,train,efficientnet_b7_eval_batch_1_-59c980097980a6d4,efficientnet,13997,57,57,1.0
tile:xla,train,efficientnet_b7_eval_batch_1_-5ac1b66665d93955,efficientnet,728,59,61,1.0338983050847457
tile:xla,train,efficientnet_b7_eval_batch_1_-5b4e1a0d47e14ae2,efficientnet,1841,29,29,1.0
tile:xla,train,efficientnet_b7_eval_batch_1_-622c3c223015924d,efficientnet,1020,9,8,0.8888888888888888
tile:xla,train,efficientnet_b7_eval_batch_1_-637c504f06b834df,efficientnet,1205,43,49,1.1395348837209303
tile:xla,train,efficientnet_b7_eval_batch_1_-6429faa916fa17c5,efficientnet,1152,38,38,1.0
tile:xla,train,efficientnet_b7_eval_batch_1_-66a81a2b99ee0451,efficientnet,1547,43,49,1.1395348837209303
tile:xla,train,efficientnet_b7_eval_batch_1_-67d052062f542155,efficientnet,13970,70,76,1.0857142857142856
tile:xla,train,efficientnet_b7_eval_batch_1_-6b1f3cabbe2d85a1,efficientnet,7465,32,33,1.03125
tile:xla,train,efficientnet_b7_eval_batch_1_-6d1807dbce7d3329,efficientnet,1395,43,49,1.1395348837209303
tile:xla,train,efficientnet_b7_eval_batch_1_-734b99b60f67d88a,efficientnet,999,57,57,1.0
tile:xla,train,efficientnet_b7_eval_batch_1_-78d73d4ca48643f8,efficientnet,2020,64,63,0.984375
tile:xla,train,efficientnet_b7_eval_batch_1_-7d514fbade0e38b4,efficientnet,1413,35,40,1.1428571428571428
tile:xla,train,efficientnet_b7_eval_batch_1_-7ef9377ab1ff3b99,efficientnet,1301,53,52,0.9811320754716981
tile:xla,train,efficientnet_b7_eval_batch_1_-7f1818c2a8d94309,efficientnet,1587,21,21,1.0
tile:xla,train,efficientnet_b7_eval_batch_1_-874d182b63e6cb6,efficientnet,810,13,12,0.9230769230769231
tile:xla,train,efficientnet_b7_eval_batch_1_-c528a12081ed57d,efficientnet,2057,70,70,1.0
tile:xla,train,efficientnet_b7_eval_batch_1_-f27f80648022ba5,efficientnet,2382,60,62,1.0333333333333334
tile:xla,train,efficientnet_b7_eval_batch_1_-f38bff09eb2e63d,efficientnet,780,14,13,0.9285714285714286
tile:xla,train,efficientnet_b7_eval_batch_1_104f20d4d3c31167,efficientnet,12304,23,22,0.9565217391304348
tile:xla,train,efficientnet_b7_eval_batch_1_10d54ad55fedd36b,efficientnet,8496,70,76,1.0857142857142856
tile:xla,train,efficientnet_b7_eval_batch_1_1356cb992b44a705,efficientnet,35,2,1,0.5
tile:xla,train,efficientnet_b7_eval_batch_1_1624aa7df8a2db7a,efficientnet,5480,32,33,1.03125
tile:xla,train,efficientnet_b7_eval_batch_1_165c64d12eb58aa,efficientnet,798,28,27,0.9642857142857143
tile:xla,train,efficientnet_b7_eval_batch_1_1715fb319316351,efficientnet,13733,70,76,1.0857142857142856
tile:xla,train,efficientnet_b7_eval_batch_1_1761d42f0971a508,efficientnet,13996,57,57,1.0
tile:xla,train,efficientnet_b7_eval_batch_1_18606e2b0a54233a,efficientnet,13987,70,76,1.0857142857142856
tile:xla,train,efficientnet_b7_eval_batch_1_19b722c5e539afca,efficientnet,513,43,49,1.1395348837209303
tile:xla,train,efficientnet_b7_eval_batch_1_1a65752bef0c167e,efficientnet,1248,57,58,1.0175438596491229
tile:xla,train,efficientnet_b7_eval_batch_1_1a9e7dcddc2ed6b6,efficientnet,2342,14,13,0.9285714285714286
tile:xla,train,efficientnet_b7_eval_batch_1_1aa66a24df3e63c0,efficientnet,282,23,23,1.0
tile:xla,train,efficientnet_b7_eval_batch_1_1c0bc7d782362569,efficientnet,793,35,34,0.9714285714285714
tile:xla,train,efficientnet_b7_eval_batch_1_1c4c26822bc0860e,efficientnet,12304,12,11,0.9166666666666666
tile:xla,train,efficientnet_b7_eval_batch_1_1d9ec49155c0549f,efficientnet,1997,62,64,1.032258064516129
tile:xla,train,efficientnet_b7_eval_batch_1_1de49637eec1fb80,efficientnet,13994,57,57,1.0
tile:xla,train,efficientnet_b7_eval_batch_1_1e9719e61cf7414,efficientnet,1155,19,19,1.0
tile:xla,train,efficientnet_b7_eval_batch_1_1ea603f010f2ae73,efficientnet,1358,38,37,0.9736842105263158
tile:xla,train,efficientnet_b7_eval_batch_1_209ecee83bf0296,efficientnet,1139,66,67,1.0151515151515151
tile:xla,train,efficientnet_b7_eval_batch_1_20f3de02f85ac91e,efficientnet,1413,15,15,1.0
tile:xla,train,efficientnet_b7_eval_batch_1_2326b2419453f7cd,efficientnet,13988,57,57,1.0
tile:xla,train,efficientnet_b7_eval_batch_1_24792c29b6f73290,efficientnet,7992,57,57,1.0
tile:xla,train,efficientnet_b7_eval_batch_1_2521de4a6aa7b3d6,efficientnet,11754,32,33,1.03125
tile:xla,train,efficientnet_b7_eval_batch_1_253bf56237af08ce,efficientnet,1301,45,44,0.9777777777777777
tile:xla,train,efficientnet_b7_eval_batch_1_25455fde5b6512b4,efficientnet,796,55,57,1.0363636363636364
tile:xla,train,efficientnet_b7_eval_batch_1_289a4a9db58e6099,efficientnet,11644,37,39,1.054054054054054
tile:xla,train,efficientnet_b7_eval_batch_1_2a2b841a7799fa95,efficientnet,2123,29,29,1.0
tile:xla,train,efficientnet_b7_eval_batch_1_2ceca4e111d05858,efficientnet,1197,43,49,1.1395348837209303
tile:xla,train,efficientnet_b7_eval_batch_1_2df5a8e93ce3b434,efficientnet,245,70,70,1.0
tile:xla,train,efficientnet_b7_eval_batch_1_323dee2f2d297773,efficientnet,2031,55,54,0.9818181818181818
tile:xla,train,efficientnet_b7_eval_batch_1_3399b1e47f2c2335,efficientnet,35,2,1,0.5
tile:xla,train,efficientnet_b7_eval_batch_1_3443a869e341e051,efficientnet,1413,19,19,1.0
tile:xla,train,efficientnet_b7_eval_batch_1_3500a8a6a7faf7f2,efficientnet,2123,19,19,1.0
tile:xla,train,efficientnet_b7_eval_batch_1_3ae1737da42a0501,efficientnet,12304,12,11,0.9166666666666666
tile:xla,train,efficientnet_b7_eval_batch_1_3b976ee52dedacf0,efficientnet,1381,19,19,1.0
tile:xla,train,efficientnet_b7_eval_batch_1_3bf164836532d1ae,efficientnet,1589,62,64,1.032258064516129
tile:xla,train,efficientnet_b7_eval_batch_1_40fe708699a7cc0d,efficientnet,1153,57,58,1.0175438596491229
tile:xla,train,efficientnet_b7_eval_batch_1_462d6102533ea4e5,efficientnet,13616,70,76,1.0857142857142856
tile:xla,train,efficientnet_b7_eval_batch_1_4ca8b0743311418f,efficientnet,1587,14,13,0.9285714285714286
tile:xla,train,efficientnet_b7_eval_batch_1_4ea8a2573719514b,efficientnet,1502,20,19,0.95
tile:xla,train,efficientnet_b7_eval_batch_1_525f9887f6c564fa,efficientnet,13989,32,33,1.03125
tile:xla,train,efficientnet_b7_eval_batch_1_530d6476cfb84e7,efficientnet,6999,57,57,1.0
tile:xla,train,efficientnet_b7_eval_batch_1_54bdf8a8cc23b8b5,efficientnet,1997,55,57,1.0363636363636364
tile:xla,train,efficientnet_b7_eval_batch_1_579f8943e831b7b8,efficientnet,2261,43,49,1.1395348837209303
tile:xla,train,efficientnet_b7_eval_batch_1_592a405bfe8c575f,efficientnet,782,21,21,1.0
tile:xla,train,efficientnet_b7_eval_batch_1_599d97f0a9e9845f,efficientnet,13989,32,33,1.03125
tile:xla,train,efficientnet_b7_eval_batch_1_62b1ef394181b404,efficientnet,11247,18,17,0.9444444444444444
tile:xla,train,efficientnet_b7_eval_batch_1_65cee73337c2b5ef,efficientnet,13990,32,33,1.03125
tile:xla,train,efficientnet_b7_eval_batch_1_664000a7ece33b,efficientnet,2240,66,67,1.0151515151515151
tile:xla,train,efficientnet_b7_eval_batch_1_6743675c3821818,efficientnet,7461,70,76,1.0857142857142856
tile:xla,train,efficientnet_b7_eval_batch_1_67acc10308edcf35,efficientnet,1656,19,19,1.0
tile:xla,train,efficientnet_b7_eval_batch_1_6813c8b9503be076,efficientnet,13989,32,33,1.03125
tile:xla,train,efficientnet_b7_eval_batch_1_68894b0024199112,efficientnet,1395,39,43,1.1025641025641026
tile:xla,train,efficientnet_b7_eval_batch_1_6926f5aa21631bb,efficientnet,1737,70,70,1.0
tile:xla,train,efficientnet_b7_eval_batch_1_6d50af9c2e63e4f6,efficientnet,11247,18,17,0.9444444444444444
tile:xla,train,efficientnet_b7_eval_batch_1_6e29769eb824f207,efficientnet,1841,19,19,1.0
tile:xla,train,efficientnet_b7_eval_batch_1_6ea64c1ee7a19f8f,efficientnet,1395,25,24,0.96
tile:xla,train,efficientnet_b7_eval_batch_1_731238616e27f67,efficientnet,1424,57,58,1.0175438596491229
tile:xla,train,efficientnet_b7_eval_batch_1_75eefc53e3b607e4,efficientnet,2023,37,38,1.027027027027027
tile:xla,train,efficientnet_b7_eval_batch_1_75f8be2893f6d4b0,efficientnet,13995,57,57,1.0
tile:xla,train,efficientnet_b7_eval_batch_1_77feb0300a2d68ac,efficientnet,1264,19,19,1.0
tile:xla,train,efficientnet_b7_eval_batch_1_7c6372be2283f960,efficientnet,11644,30,32,1.0666666666666667
tile:xla,train,efficientnet_b7_eval_batch_1_8fc2c6e4c9fdfdf,efficientnet,1655,29,29,1.0
tile:xla,train,inception_v2_batch_128_train_-107682284f57f5d,inception,1780,59,61,1.0338983050847457
tile:xla,train,inception_v2_batch_128_train_-11dbc6c5f778ada4,inception,644,30,36,1.2
tile:xla,train,inception_v2_batch_128_train_-126f548bd0f8cb72,inception,1082,49,48,0.9795918367346939
tile:xla,train,inception_v2_batch_128_train_-12b8fe74883617c,inception,4491,113,121,1.0707964601769913
tile:xla,train,inception_v2_batch_128_train_-14ddf85c9e6adb6a,inception,725,36,42,1.1666666666666667
tile:xla,train,inception_v2_batch_128_train_-16d3dba8588f1fb4,inception,804,85,95,1.1176470588235294
tile:xla,train,inception_v2_batch_128_train_-170d2f435935dcf5,inception,50,78,102,1.3076923076923077
tile:xla,train,inception_v2_batch_128_train_-1776d1eeb4a27ced,inception,53,30,36,1.2
tile:xla,train,inception_v2_batch_128_train_-17a5b2c9c1f57c39,inception,58,30,36,1.2
tile:xla,train,inception_v2_batch_128_train_-181bfb1908589ce2,inception,309,18,17,0.9444444444444444
tile:xla,train,inception_v2_batch_128_train_-1898925eb3472a47,inception,1111,43,42,0.9767441860465116
tile:xla,train,inception_v2_batch_128_train_-19512b2318ff4408,inception,4788,37,40,1.0810810810810811
tile:xla,train,inception_v2_batch_128_train_-1ae5c0fe9cd3c3cd,inception,349,37,40,1.0810810810810811
tile:xla,train,inception_v2_batch_128_train_-1c3feb675395f926,inception,2406,113,121,1.0707964601769913
tile:xla,train,inception_v2_batch_128_train_-1cef204291619938,inception,468,53,52,0.9811320754716981
tile:xla,train,inception_v2_batch_128_train_-1da5b3834a661c80,inception,7485,37,40,1.0810810810810811
tile:xla,train,inception_v2_batch_128_train_-1e9cf7d796bacb04,inception,1633,50,49,0.98
tile:xla,train,inception_v2_batch_128_train_-20cde8292dfe5275,inception,944,85,95,1.1176470588235294
tile:xla,train,inception_v2_batch_128_train_-218a50f104da73a1,inception,56,30,37,1.2333333333333334
tile:xla,train,inception_v2_batch_128_train_-21e873ce995960e4,inception,949,76,83,1.0921052631578947
tile:xla,train,inception_v2_batch_128_train_-21f87b1f54471730,inception,581,36,42,1.1666666666666667
tile:xla,train,inception_v2_batch_128_train_-2279177cb922a2f,inception,960,96,104,1.0833333333333333
tile:xla,train,inception_v2_batch_128_train_-22e9689fe233ae29,inception,1030,59,61,1.0338983050847457
tile:xla,train,inception_v2_batch_128_train_-23fc36c46db713c6,inception,2472,66,71,1.0757575757575757
tile:xla,train,inception_v2_batch_128_train_-2450d2849ad4543a,inception,2109,97,102,1.0515463917525774
tile:xla,train,inception_v2_batch_128_train_-26e863a892740855,inception,172,2,1,0.5
tile:xla,train,inception_v2_batch_128_train_-27943d7fa77b78aa,inception,214,36,42,1.1666666666666667
tile:xla,train,inception_v2_batch_128_train_-27ee119a51fdde85,inception,6335,37,40,1.0810810810810811
tile:xla,train,inception_v2_batch_128_train_-2943e709d3f0cdb9,inception,298,54,69,1.2777777777777777
tile:xla,train,inception_v2_batch_128_train_-29f3de8114c93e4f,inception,3334,85,95,1.1176470588235294
tile:xla,train,inception_v2_batch_128_train_-2b0e1fa62b19dfa2,inception,4929,85,95,1.1176470588235294
tile:xla,train,inception_v2_batch_128_train_-2b714e92ff8c953c,inception,792,96,104,1.0833333333333333
tile:xla,train,inception_v2_batch_128_train_-2dcc2e704e98c716,inception,2076,38,45,1.1842105263157894
tile:xla,train,inception_v2_batch_128_train_-2e263f1e360c86f1,inception,1033,43,42,0.9767441860465116
tile:xla,train,inception_v2_batch_128_train_-2e329970f57ec90a,inception,54,30,37,1.2333333333333334
tile:xla,train,inception_v2_batch_128_train_-30a59546b8177d07,inception,746,96,104,1.0833333333333333
tile:xla,train,inception_v2_batch_128_train_-319a9fe9c00d8700,inception,3440,97,102,1.0515463917525774
tile:xla,train,inception_v2_batch_128_train_-31a0b5e4b68ed9f8,inception,474,112,123,1.0982142857142858
tile:xla,train,inception_v2_batch_128_train_-3283f5a9b8cb7201,inception,306,30,36,1.2
tile:xla,train,inception_v2_batch_128_train_-32ca81d1893417e4,inception,2440,37,40,1.0810810810810811
tile:xla,train,inception_v2_batch_128_train_-335d3b8e23c2b837,inception,35,30,36,1.2
tile:xla,train,inception_v2_batch_128_train_-34ad375eacefbdc1,inception,7456,37,40,1.0810810810810811
tile:xla,train,inception_v2_batch_128_train_-356f582c14cd9fba,inception,632,85,95,1.1176470588235294
tile:xla,train,inception_v2_batch_128_train_-358fde3ef2d5939c,inception,627,96,104,1.0833333333333333
tile:xla,train,inception_v2_batch_128_train_-35b59eea0811fc7d,inception,694,49,48,0.9795918367346939
tile:xla,train,inception_v2_batch_128_train_-3bad95b996d9d0ff,inception,2234,113,121,1.0707964601769913
tile:xla,train,inception_v2_batch_128_train_-3c60df572cfbe47a,inception,194,36,42,1.1666666666666667
tile:xla,train,inception_v2_batch_128_train_-3cdc0ad57a21f9be,inception,6084,113,121,1.0707964601769913
tile:xla,train,inception_v2_batch_128_train_-3cfb71c6f0ddaff7,inception,1180,107,117,1.0934579439252337
tile:xla,train,inception_v2_batch_128_train_-4058c21e464b6777,inception,813,69,76,1.1014492753623188
tile:xla,train,inception_v2_batch_128_train_-40cb3544c96643d9,inception,831,20,23,1.15
tile:xla,train,inception_v2_batch_128_train_-4322e16f3f393d7e,inception,35,30,37,1.2333333333333334
tile:xla,train,inception_v2_batch_128_train_-4397eda0ec31c5c3,inception,564,87,92,1.0574712643678161
tile:xla,train,inception_v2_batch_128_train_-43b29419107e42b5,inception,1626,59,61,1.0338983050847457
tile:xla,train,inception_v2_batch_128_train_-43bd72ba6727bd81,inception,4137,66,71,1.0757575757575757
tile:xla,train,inception_v2_batch_128_train_-44299ee39612593,inception,154,2,1,0.5
tile:xla,train,inception_v2_batch_128_train_-47a076a89ddf503a,inception,692,96,104,1.0833333333333333
tile:xla,train,inception_v2_batch_128_train_-47f1d649b6c696b,inception,75,11,11,1.0
tile:xla,train,inception_v2_batch_128_train_-4a73fad5f6ac94af,inception,493,18,17,0.9444444444444444
tile:xla,train,inception_v2_batch_128_train_-4b7d668482ce66e1,inception,4384,104,109,1.0480769230769231
tile:xla,train,inception_v2_batch_128_train_-4cd5c53941029c9d,inception,2088,18,17,0.9444444444444444
tile:xla,train,inception_v2_batch_128_train_-4d20d4cc31eac645,inception,1591,59,61,1.0338983050847457
tile:xla,train,inception_v2_batch_128_train_-4db001fe9e9c8628,inception,614,54,69,1.2777777777777777
tile:xla,train,inception_v2_batch_128_train_-4f22dcd50bed5fad,inception,961,20,23,1.15
tile:xla,train,inception_v2_batch_128_train_-51a31bf8d9a00432,inception,303,30,36,1.2
tile:xla,train,inception_v2_batch_128_train_-520a218a1d76f99c,inception,172,9,8,0.8888888888888888
tile:xla,train,inception_v2_batch_128_train_-5343588214dd6608,inception,2835,37,40,1.0810810810810811
tile:xla,train,inception_v2_batch_128_train_-534e8c347ee73390,inception,1692,18,17,0.9444444444444444
tile:xla,train,inception_v2_batch_128_train_-53a195e602918bbe,inception,208,11,11,1.0
tile:xla,train,inception_v2_batch_128_train_-54beb4e1c34f3cf8,inception,154,2,1,0.5
tile:xla,train,inception_v2_batch_128_train_-55983667e4d84dfb,inception,172,11,11,1.0
tile:xla,train,inception_v2_batch_128_train_-55b1a8319d9a0b26,inception,725,36,42,1.1666666666666667
tile:xla,train,inception_v2_batch_128_train_-560e8a3d91b2d8a5,inception,4057,37,40,1.0810810810810811
tile:xla,train,inception_v2_batch_128_train_-56a7463bd7cea41a,inception,836,53,52,0.9811320754716981
tile:xla,train,inception_v2_batch_128_train_-5832f68e7c0fd7a5,inception,896,36,42,1.1666666666666667
tile:xla,train,inception_v2_batch_128_train_-59efd6f2c956c6e0,inception,84,78,102,1.3076923076923077
tile:xla,train,inception_v2_batch_128_train_-5a387895099564a8,inception,2798,69,76,1.1014492753623188
tile:xla,train,inception_v2_batch_128_train_-5bb9cba81263c323,inception,214,31,36,1.1612903225806452
tile:xla,train,inception_v2_batch_128_train_-5d275310842d7af6,inception,9361,38,45,1.1842105263157894
tile:xla,train,inception_v2_batch_128_train_-5d298e92c62ff91a,inception,3046,69,76,1.1014492753623188
tile:xla,train,inception_v2_batch_128_train_-5d7e8de61f3522ce,inception,931,96,104,1.0833333333333333
tile:xla,train,inception_v2_batch_128_train_-5dd99f321c43e078,inception,704,53,52,0.9811320754716981
tile:xla,train,inception_v2_batch_128_train_-5eb59a10a82a01e3,inception,56,30,36,1.2
tile:xla,train,inception_v2_batch_128_train_-5f339490f4a1f2a,inception,172,9,8,0.8888888888888888
tile:xla,train,inception_v2_batch_128_train_-604eae967cfcf16a,inception,837,20,23,1.15
tile:xla,train,inception_v2_batch_128_train_-606634fa8c67d4d4,inception,486,20,23,1.15
tile:xla,train,inception_v2_batch_128_train_-6108f2889c1b8d7b,inception,1998,29,35,1.206896551724138
tile:xla,train,inception_v2_batch_128_train_-6248f4fff144ec3,inception,260,18,17,0.9444444444444444
tile:xla,train,inception_v2_batch_128_train_-62942acb901b852c,inception,3294,113,121,1.0707964601769913
tile:xla,train,inception_v2_batch_128_train_-62caf1724e9e079a,inception,503,18,17,0.9444444444444444
tile:xla,train,inception_v2_batch_128_train_-6469cc2a9c3de325,inception,4927,95,103,1.0842105263157895
tile:xla,train,inception_v2_batch_128_train_-6486db85efca84dc,inception,303,43,45,1.0465116279069768
tile:xla,train,inception_v2_batch_128_train_-657b5e4c8fce7185,inception,152,36,42,1.1666666666666667
tile:xla,train,inception_v2_batch_128_train_-6644dd9ab518b2c6,inception,334,18,17,0.9444444444444444
tile:xla,train,inception_v2_batch_128_train_-6658603d6a658968,inception,190,2,1,0.5
tile:xla,train,inception_v2_batch_128_train_-679c53c567f85f4f,inception,793,59,61,1.0338983050847457
tile:xla,train,inception_v2_batch_128_train_-697c407481e31a3,inception,3310,97,102,1.0515463917525774
tile:xla,train,inception_v2_batch_128_train_-69eb98cf2fc27815,inception,737,96,104,1.0833333333333333
tile:xla,train,inception_v2_batch_128_train_-6a001dd404e44e18,inception,4284,37,40,1.0810810810810811
tile:xla,train,inception_v2_batch_128_train_-6a079b789b34b1bc,inception,725,96,104,1.0833333333333333
tile:xla,train,inception_v2_batch_128_train_-6a14519d67a213a9,inception,303,30,36,1.2
tile:xla,train,inception_v2_batch_128_train_-6c26d5631487e8c4,inception,598,69,76,1.1014492753623188
tile:xla,train,inception_v2_batch_128_train_-6cd230fde2a98c49,inception,6569,85,95,1.1176470588235294
tile:xla,train,inception_v2_batch_128_train_-6d0a1024b2bc0374,inception,273,85,95,1.1176470588235294
tile:xla,train,inception_v2_batch_128_train_-6d1d6b48094f050c,inception,1092,17,19,1.1176470588235294
tile:xla,train,inception_v2_batch_128_train_-6e799a8b684ce034,inception,1030,59,61,1.0338983050847457
tile:xla,train,inception_v2_batch_128_train_-6f73094a57ae742,inception,606,31,36,1.1612903225806452
tile:xla,train,inception_v2_batch_128_train_-6f7bec71fcb5d5a3,inception,190,36,42,1.1666666666666667
tile:xla,train,inception_v2_batch_128_train_-72ca7da7b207fbbb,inception,919,69,76,1.1014492753623188
tile:xla,train,inception_v2_batch_128_train_-72ef9fbfce6d3108,inception,120,11,11,1.0
tile:xla,train,inception_v2_batch_128_train_-7321a05b9801623b,inception,56,30,36,1.2
tile:xla,train,inception_v2_batch_128_train_-73f5ab8eebb5f865,inception,195,36,42,1.1666666666666667
tile:xla,train,inception_v2_batch_128_train_-7440ad2adeb5ad31,inception,59,2,1,0.5
tile:xla,train,inception_v2_batch_128_train_-761e6792eb16f4d5,inception,631,96,104,1.0833333333333333
tile:xla,train,inception_v2_batch_128_train_-778892414844b0e6,inception,2135,66,71,1.0757575757575757
tile:xla,train,inception_v2_batch_128_train_-77ef8af42a66ee6b,inception,704,91,98,1.0769230769230769
tile:xla,train,inception_v2_batch_128_train_-782beaf47f7b8074,inception,776,52,51,0.9807692307692307
tile:xla,train,inception_v2_batch_128_train_-7b0ba3801988aad4,inception,627,96,104,1.0833333333333333
tile:xla,train,inception_v2_batch_128_train_-7bda1ed69c11e72b,inception,907,112,123,1.0982142857142858
tile:xla,train,inception_v2_batch_128_train_-7dd7dfd5ae52a4de,inception,876,43,42,0.9767441860465116
tile:xla,train,inception_v2_batch_128_train_-7e5fc0dfd3756561,inception,3953,37,40,1.0810810810810811
tile:xla,train,inception_v2_batch_128_train_-7edcbe1e44e26130,inception,59,11,11,1.0
tile:xla,train,inception_v2_batch_128_train_-7f1f4b5c39a5ad17,inception,234,31,36,1.1612903225806452
tile:xla,train,inception_v2_batch_128_train_-a5a747108b8cb40,inception,447,18,17,0.9444444444444444
tile:xla,train,inception_v2_batch_128_train_-c57a5e9ffbdce80,inception,2470,37,40,1.0810810810810811
tile:xla,train,inception_v2_batch_128_train_-cada116c13dcf2d,inception,235,18,17,0.9444444444444444
tile:xla,train,inception_v2_batch_128_train_-d256549674721fb,inception,645,76,83,1.0921052631578947
tile:xla,train,inception_v2_batch_128_train_-dfeddc3ca4720de,inception,770,20,23,1.15
tile:xla,train,inception_v2_batch_128_train_-ecd11219ab52ef4,inception,473,96,104,1.0833333333333333
tile:xla,train,inception_v2_batch_128_train_10029ae5247374c9,inception,3966,66,71,1.0757575757575757
tile:xla,train,inception_v2_batch_128_train_10c8989d3ac4f305,inception,136,2,1,0.5
tile:xla,train,inception_v2_batch_128_train_118900b262bbd7c5,inception,530,54,69,1.2777777777777777
tile:xla,train,inception_v2_batch_128_train_12a9e339977f06f6,inception,10400,37,40,1.0810810810810811
tile:xla,train,inception_v2_batch_128_train_13f225450ceae6c0,inception,729,96,104,1.0833333333333333
tile:xla,train,inception_v2_batch_128_train_13ff345550ed9b5f,inception,285,18,17,0.9444444444444444
tile:xla,train,inception_v2_batch_128_train_16f9d0e7df5c3258,inception,1480,59,61,1.0338983050847457
tile:xla,train,inception_v2_batch_128_train_19d3f2e2f1d57a7a,inception,721,31,36,1.1612903225806452
tile:xla,train,inception_v2_batch_128_train_19db16f57ea36ea4,inception,3326,97,102,1.0515463917525774
tile:xla,train,inception_v2_batch_128_train_1b16a2e0b6e89bd4,inception,805,91,98,1.0769230769230769
tile:xla,train,inception_v2_batch_128_train_1c29fbb196623b59,inception,733,91,98,1.0769230769230769
tile:xla,train,inception_v2_batch_128_train_1ea4070774c974c0,inception,486,43,45,1.0465116279069768
tile:xla,train,inception_v2_batch_128_train_1f3bd1dba9bbdeb0,inception,398,18,17,0.9444444444444444
tile:xla,train,inception_v2_batch_128_train_1f55f3ed85fc2fe6,inception,671,80,85,1.0625
tile:xla,train,inception_v2_batch_128_train_1f67e9f1920ba575,inception,654,18,17,0.9444444444444444
tile:xla,train,inception_v2_batch_128_train_1fc80e1c9a98ee59,inception,309,18,17,0.9444444444444444
tile:xla,train,inception_v2_batch_128_train_22c5d64375904c0c,inception,3031,85,95,1.1176470588235294
tile:xla,train,inception_v2_batch_128_train_22d8d6d134d0e3c2,inception,1575,42,44,1.0476190476190477
tile:xla,train,inception_v2_batch_128_train_2461efd9be407f4a,inception,349,43,45,1.0465116279069768
tile:xla,train,inception_v2_batch_128_train_25eae582fe4a16b6,inception,185,18,17,0.9444444444444444
tile:xla,train,inception_v2_batch_128_train_26cb6e9dc930104c,inception,303,30,36,1.2
tile:xla,train,inception_v2_batch_128_train_276f9b8275cce768,inception,6032,104,109,1.0480769230769231
tile:xla,train,inception_v2_batch_128_train_27e6dc21c40f804,inception,1219,107,117,1.0934579439252337
tile:xla,train,inception_v2_batch_128_train_28c0e93d7b0244a4,inception,3866,113,121,1.0707964601769913
tile:xla,train,inception_v2_batch_128_train_28f937c8bed418fe,inception,90,11,11,1.0
tile:xla,train,inception_v2_batch_128_train_2af0e3d2ad1758d3,inception,85,30,36,1.2
tile:xla,train,inception_v2_batch_128_train_2bea02679ac3bc47,inception,840,96,104,1.0833333333333333
tile:xla,train,inception_v2_batch_128_train_2c0e7603c9f4d251,inception,90,30,36,1.2
tile:xla,train,inception_v2_batch_128_train_2c27577e5a301ab3,inception,829,43,42,0.9767441860465116
tile:xla,train,inception_v2_batch_128_train_2efb9db8e523b141,inception,519,37,40,1.0810810810810811
tile:xla,train,inception_v2_batch_128_train_2efd3ec449e18b6,inception,593,112,123,1.0982142857142858
tile:xla,train,inception_v2_batch_128_train_30f9e08764f438a2,inception,303,18,17,0.9444444444444444
tile:xla,train,inception_v2_batch_128_train_316b4728d23f0fc0,inception,172,31,36,1.1612903225806452
tile:xla,train,inception_v2_batch_128_train_33908fd0fef46df3,inception,194,36,42,1.1666666666666667
tile:xla,train,inception_v2_batch_128_train_342b2b015f70dd64,inception,582,53,52,0.9811320754716981
tile:xla,train,inception_v2_batch_128_train_34f9e799b714c627,inception,1616,85,95,1.1176470588235294
tile:xla,train,inception_v2_batch_128_train_36ad8a29ff2ad20b,inception,172,11,11,1.0
tile:xla,train,inception_v2_batch_128_train_36bf0dac29d58b59,inception,3882,38,45,1.1842105263157894
tile:xla,train,inception_v2_batch_128_train_36d5e30a58270919,inception,89,54,69,1.2777777777777777
tile:xla,train,inception_v2_batch_128_train_378fdefec94f5821,inception,6882,20,23,1.15
tile:xla,train,inception_v2_batch_128_train_38d40e0477004bf1,inception,2255,37,40,1.0810810810810811
tile:xla,train,inception_v2_batch_128_train_3b3e8fca1b939d0e,inception,746,80,85,1.0625
tile:xla,train,inception_v2_batch_128_train_3d89fa385b6913aa,inception,829,59,61,1.0338983050847457
tile:xla,train,inception_v2_batch_128_train_40c55b387a396fef,inception,793,59,61,1.0338983050847457
tile:xla,train,inception_v2_batch_128_train_40e807630c772b44,inception,352,18,17,0.9444444444444444
tile:xla,train,inception_v2_batch_128_train_421f940147777709,inception,558,96,104,1.0833333333333333
tile:xla,train,inception_v2_batch_128_train_432e5cb80f4abcc8,inception,480,36,42,1.1666666666666667
tile:xla,train,inception_v2_batch_128_train_4337abaea874e178,inception,3773,97,102,1.0515463917525774
tile:xla,train,inception_v2_batch_128_train_445117a848df4d7,inception,872,85,95,1.1176470588235294
tile:xla,train,inception_v2_batch_128_train_45ff96688a446b0b,inception,670,37,40,1.0810810810810811
tile:xla,train,inception_v2_batch_128_train_4948eb7ca2605b42,inception,5528,113,121,1.0707964601769913
tile:xla,train,inception_v2_batch_128_train_4a09ad09bb06a2a5,inception,782,17,19,1.1176470588235294
tile:xla,train,inception_v2_batch_128_train_4ac55caf2353cbd1,inception,3757,113,121,1.0707964601769913
tile:xla,train,inception_v2_batch_128_train_4b56f95ceb4f3bb6,inception,10865,66,71,1.0757575757575757
tile:xla,train,inception_v2_batch_128_train_4d11c221346c47c9,inception,58,30,37,1.2333333333333334
tile:xla,train,inception_v2_batch_128_train_4e30721e402dad18,inception,794,59,61,1.0338983050847457
tile:xla,train,inception_v2_batch_128_train_4ef2f0cc57b58b6c,inception,172,29,35,1.206896551724138
tile:xla,train,inception_v2_batch_128_train_4fce08d220c5d7ab,inception,5886,97,102,1.0515463917525774
tile:xla,train,inception_v2_batch_128_train_5085d4c91f8e475,inception,1043,103,111,1.0776699029126213
tile:xla,train,inception_v2_batch_128_train_530f20aaa51c715d,inception,54,30,36,1.2
tile:xla,train,inception_v2_batch_128_train_53c8e814f8da5af3,inception,722,37,40,1.0810810810810811
tile:xla,train,inception_v2_batch_128_train_573552980286f0c9,inception,15,11,11,1.0
tile:xla,train,inception_v2_batch_128_train_577c4f2dfdf0a35c,inception,5809,37,40,1.0810810810810811
tile:xla,train,inception_v2_batch_128_train_59775748ec44bb44,inception,3866,113,121,1.0707964601769913
tile:xla,train,inception_v2_batch_128_train_5adc1fe8cca83f75,inception,50,11,11,1.0
tile:xla,train,inception_v2_batch_128_train_5f13c6549946df0d,inception,828,20,23,1.15
tile:xla,train,inception_v2_batch_128_train_5f98906cca6d8ee4,inception,120,2,1,0.5
tile:xla,train,inception_v2_batch_128_train_5ff9a8b87214c99e,inception,2370,38,45,1.1842105263157894
tile:xla,train,inception_v2_batch_128_train_62521ff003844d68,inception,4375,37,40,1.0810810810810811
tile:xla,train,inception_v2_batch_128_train_62ad8b39fbd0ed73,inception,616,69,76,1.1014492753623188
tile:xla,train,inception_v2_batch_128_train_64f2ff69ccdf744c,inception,130,53,52,0.9811320754716981
tile:xla,train,inception_v2_batch_128_train_65b038411dade2ed,inception,638,53,52,0.9811320754716981
tile:xla,train,inception_v2_batch_128_train_65b5f24d2d655a75,inception,556,59,61,1.0338983050847457
tile:xla,train,inception_v2_batch_128_train_6695f3283538728,inception,8056,37,40,1.0810810810810811
tile:xla,train,inception_v2_batch_128_train_68dd68c2efb56a80,inception,2136,37,40,1.0810810810810811
tile:xla,train,inception_v2_batch_128_train_69aa0091350e733a,inception,605,91,98,1.0769230769230769
tile:xla,train,inception_v2_batch_128_train_6b0450c41cad26f9,inception,6434,113,121,1.0707964601769913
tile:xla,train,inception_v2_batch_128_train_6b281b7e6f9c35da,inception,837,112,123,1.0982142857142858
tile:xla,train,inception_v2_batch_128_train_6b3d5d610422c1c2,inception,47,54,69,1.2777777777777777
tile:xla,train,inception_v2_batch_128_train_6bf8eeb468857879,inception,170,31,36,1.1612903225806452
tile:xla,train,inception_v2_batch_128_train_6c7f0286d0199451,inception,123,81,86,1.0617283950617284
tile:xla,train,inception_v2_batch_128_train_6d350b53a5784134,inception,912,43,42,0.9767441860465116
tile:xla,train,inception_v2_batch_128_train_6d45e8cf128f2d5e,inception,596,36,42,1.1666666666666667
tile:xla,train,inception_v2_batch_128_train_6e19a03d5d803135,inception,3260,85,95,1.1176470588235294
tile:xla,train,inception_v2_batch_128_train_6f06c54ad0f0a4c0,inception,89,30,36,1.2
tile:xla,train,inception_v2_batch_128_train_6f8e8fde1f7cb358,inception,102,2,1,0.5
tile:xla,train,inception_v2_batch_128_train_708c39d3606dd20d,inception,1662,113,121,1.0707964601769913
tile:xla,train,inception_v2_batch_128_train_72a15d2b523e653d,inception,172,11,11,1.0
tile:xla,train,inception_v2_batch_128_train_73b4d2a8961e36d2,inception,4747,37,40,1.0810810810810811
tile:xla,train,inception_v2_batch_128_train_73d87bf59b14f384,inception,561,50,49,0.98
tile:xla,train,inception_v2_batch_128_train_747b2bbab3100631,inception,130,22,22,1.0
tile:xla,train,inception_v2_batch_128_train_74cf8f5451e15502,inception,8212,37,40,1.0810810810810811
tile:xla,train,inception_v2_batch_128_train_759142a749251608,inception,1980,69,76,1.1014492753623188
tile:xla,train,inception_v2_batch_128_train_7934b012fe86b7a6,inception,793,43,42,0.9767441860465116
tile:xla,train,inception_v2_batch_128_train_7ac6ecce0f1776d5,inception,3260,85,95,1.1176470588235294
tile:xla,train,inception_v2_batch_128_train_7c38026adf2a6575,inception,530,54,69,1.2777777777777777
tile:xla,train,inception_v2_batch_128_train_7cd3c86ddaa26258,inception,706,36,42,1.1666666666666667
tile:xla,train,inception_v2_batch_128_train_7dba20cad9bffdee,inception,735,36,42,1.1666666666666667
tile:xla,train,inception_v2_batch_128_train_7dd7e6900d2e4700,inception,120,9,8,0.8888888888888888
tile:xla,train,inception_v2_batch_128_train_7e8592f3a39e8224,inception,579,17,19,1.1176470588235294
tile:xla,train,inception_v2_batch_128_train_844cc9bd2c9b938,inception,387,113,121,1.0707964601769913
tile:xla,train,inception_v2_batch_128_train_9459fb285c185db,inception,796,43,42,0.9767441860465116
tile:xla,train,inception_v2_batch_128_train_9d61ccd90d3c1fa,inception,520,59,61,1.0338983050847457
tile:xla,train,inception_v2_batch_128_train_a683d7a3ded6e76,inception,6181,97,102,1.0515463917525774
tile:xla,train,inception_v2_batch_128_train_a7aa4e663184cd0,inception,190,9,8,0.8888888888888888
tile:xla,train,inception_v2_batch_128_train_aefe6eed1e0e536,inception,5633,85,95,1.1176470588235294
tile:xla,train,inception_v2_batch_128_train_af5cc590ef3a42e,inception,3719,38,45,1.1842105263157894
tile:xla,train,inception_v2_batch_128_train_b8f9cd7de860c0e,inception,436,53,52,0.9811320754716981
tile:xla,train,inception_v2_batch_128_train_bef68b90104e13c,inception,642,43,45,1.0465116279069768
tile:xla,train,inception_v2_batch_128_train_d14a03797a0e78f,inception,2244,113,121,1.0707964601769913
tile:xla,train,inception_v2_batch_128_train_e2f3ee7b2c4752,inception,172,9,8,0.8888888888888888
tile:xla,train,inception_v2_batch_128_train_e9e310b9dc4e76a,inception,658,43,42,0.9767441860465116
tile:xla,train,inception_v2_batch_128_train_ec59ceeaee5665c,inception,582,96,104,1.0833333333333333
tile:xla,train,inception_v2_batch_128_train_feb5a2db4e932de,inception,476,96,104,1.0833333333333333
tile:xla,train,inception_v2_batch_8_train_-12aa06a3725ad1d5,inception,216,18,17,0.9444444444444444
tile:xla,train,inception_v2_batch_8_train_-12cef05712459878,inception,520,52,51,0.9807692307692307
tile:xla,train,inception_v2_batch_8_train_-138957828850911a,inception,3536,85,95,1.1176470588235294
tile:xla,train,inception_v2_batch_8_train_-14f330695e61b05b,inception,770,20,23,1.15
tile:xla,train,inception_v2_batch_8_train_-15e0438cd0aa7bca,inception,902,97,102,1.0515463917525774
tile:xla,train,inception_v2_batch_8_train_-160e421c69fd5d06,inception,902,37,40,1.0810810810810811
tile:xla,train,inception_v2_batch_8_train_-175a5abed4c857d9,inception,220,18,17,0.9444444444444444
tile:xla,train,inception_v2_batch_8_train_-183e756b1c4da251,inception,412,17,19,1.1176470588235294
tile:xla,train,inception_v2_batch_8_train_-1875167e582ecc22,inception,216,30,36,1.2
tile:xla,train,inception_v2_batch_8_train_-1ba60b4015a067f7,inception,412,96,104,1.0833333333333333
tile:xla,train,inception_v2_batch_8_train_-1c52caef964d92d9,inception,412,20,23,1.15
tile:xla,train,inception_v2_batch_8_train_-1d88196f5aca09f6,inception,3536,85,95,1.1176470588235294
tile:xla,train,inception_v2_batch_8_train_-1dc6ee01ac7eca8f,inception,1784,69,76,1.1014492753623188
tile:xla,train,inception_v2_batch_8_train_-1e13e23470e3261a,inception,1790,113,121,1.0707964601769913
tile:xla,train,inception_v2_batch_8_train_-1ffb3782e49699ea,inception,902,37,40,1.0810810810810811
tile:xla,train,inception_v2_batch_8_train_-23716b0dfec2a667,inception,70,53,52,0.9811320754716981
tile:xla,train,inception_v2_batch_8_train_-241150a8199547e4,inception,412,36,42,1.1666666666666667
tile:xla,train,inception_v2_batch_8_train_-2780d93f2933627,inception,1766,85,95,1.1176470588235294
tile:xla,train,inception_v2_batch_8_train_-28831eee4ef893f1,inception,792,18,17,0.9444444444444444
tile:xla,train,inception_v2_batch_8_train_-2c8e9fd6f807e96a,inception,4142,85,95,1.1176470588235294
tile:xla,train,inception_v2_batch_8_train_-2ca69b0410660595,inception,520,80,85,1.0625
tile:xla,train,inception_v2_batch_8_train_-2f1e97ddfe569657,inception,410,91,98,1.0769230769230769
tile:xla,train,inception_v2_batch_8_train_-2fce6a423c928063,inception,6216,112,120,1.0714285714285714
tile:xla,train,inception_v2_batch_8_train_-304acaecc32d3aa4,inception,16,2,1,0.5
tile:xla,train,inception_v2_batch_8_train_-30588a84a51e5a3f,inception,1820,37,40,1.0810810810810811
tile:xla,train,inception_v2_batch_8_train_-322eca8c07843a13,inception,412,96,104,1.0833333333333333
tile:xla,train,inception_v2_batch_8_train_-32f95b1d561e9e83,inception,420,43,42,0.9767441860465116
tile:xla,train,inception_v2_batch_8_train_-3379be1863b3338c,inception,612,20,23,1.15
tile:xla,train,inception_v2_batch_8_train_-3398fa81ce25a42e,inception,420,59,61,1.0338983050847457
tile:xla,train,inception_v2_batch_8_train_-354c2788526fd547,inception,902,85,95,1.1176470588235294
tile:xla,train,inception_v2_batch_8_train_-3586c1efa7d4a721,inception,1820,37,40,1.0810810810810811
tile:xla,train,inception_v2_batch_8_train_-373f83c7db4a0543,inception,2450,104,109,1.0480769230769231
tile:xla,train,inception_v2_batch_8_train_-3743cdddb2d5319c,inception,902,113,121,1.0707964601769913
tile:xla,train,inception_v2_batch_8_train_-3a5eb22c461c68ac,inception,70,22,22,1.0
tile:xla,train,inception_v2_batch_8_train_-3afb4a9b222aaa20,inception,804,20,23,1.15
tile:xla,train,inception_v2_batch_8_train_-3beaa662566e408e,inception,782,29,35,1.206896551724138
tile:xla,train,inception_v2_batch_8_train_-3c00d468fc749d3,inception,3548,37,40,1.0810810810810811
tile:xla,train,inception_v2_batch_8_train_-3d59348d8a40d380,inception,3430,97,102,1.0515463917525774
tile:xla,train,inception_v2_batch_8_train_-3fa5cfdc7acd9b10,inception,902,113,121,1.0707964601769913
tile:xla,train,inception_v2_batch_8_train_-4112714047e00ede,inception,610,43,42,0.9767441860465116
tile:xla,train,inception_v2_batch_8_train_-42bcdfcc6095b92,inception,420,59,61,1.0338983050847457
tile:xla,train,inception_v2_batch_8_train_-4357db1f5c258c97,inception,388,80,85,1.0625
tile:xla,train,inception_v2_batch_8_train_-443028f72857fdd8,inception,1820,37,40,1.0810810810810811
tile:xla,train,inception_v2_batch_8_train_-449627f7d7d709ba,inception,1806,97,102,1.0515463917525774
tile:xla,train,inception_v2_batch_8_train_-45b323002599a2db,inception,606,17,19,1.1176470588235294
tile:xla,train,inception_v2_batch_8_train_-4639a100e6db3c38,inception,118,78,102,1.3076923076923077
tile:xla,train,inception_v2_batch_8_train_-4681dd5d44c495a,inception,412,43,42,0.9767441860465116
tile:xla,train,inception_v2_batch_8_train_-47f1d649b6c696b,inception,150,11,11,1.0
tile:xla,train,inception_v2_batch_8_train_-48840c2237e4e9ce,inception,2720,37,40,1.0810810810810811
tile:xla,train,inception_v2_batch_8_train_-4da8593322cf9207,inception,412,31,36,1.1612903225806452
tile:xla,train,inception_v2_batch_8_train_-4dd05d61b3f29e2c,inception,902,113,121,1.0707964601769913
tile:xla,train,inception_v2_batch_8_train_-4de847d7ea237698,inception,602,80,85,1.0625
tile:xla,train,inception_v2_batch_8_train_-4e0ffdba09a74097,inception,412,96,104,1.0833333333333333
tile:xla,train,inception_v2_batch_8_train_-51c6d75574378207,inception,1794,85,95,1.1176470588235294
tile:xla,train,inception_v2_batch_8_train_-520a218a1d76f99c,inception,344,9,8,0.8888888888888888
tile:xla,train,inception_v2_batch_8_train_-524c221f40186661,inception,802,36,42,1.1666666666666667
tile:xla,train,inception_v2_batch_8_train_-52a1c669e810d114,inception,416,96,104,1.0833333333333333
tile:xla,train,inception_v2_batch_8_train_-5364b9b7de679d66,inception,416,17,19,1.1176470588235294
tile:xla,train,inception_v2_batch_8_train_-53a195e602918bbe,inception,416,11,11,1.0
tile:xla,train,inception_v2_batch_8_train_-54556741852bfc6b,inception,1784,37,40,1.0810810810810811
tile:xla,train,inception_v2_batch_8_train_-55319bb2d7b6b557,inception,412,59,61,1.0338983050847457
tile:xla,train,inception_v2_batch_8_train_-55983667e4d84dfb,inception,344,11,11,1.0
tile:xla,train,inception_v2_batch_8_train_-581aa31e92537b06,inception,1784,85,95,1.1176470588235294
tile:xla,train,inception_v2_batch_8_train_-58a42000fc2cccc2,inception,402,20,23,1.15
tile:xla,train,inception_v2_batch_8_train_-58e12bfc1cc3413e,inception,1784,37,40,1.0810810810810811
tile:xla,train,inception_v2_batch_8_train_-5920fa45f3046db,inception,1794,69,76,1.1014492753623188
tile:xla,train,inception_v2_batch_8_train_-5c8a55292ec0e3eb,inception,420,43,42,0.9767441860465116
tile:xla,train,inception_v2_batch_8_train_-5d7e961a44c72df8,inception,804,80,85,1.0625
tile:xla,train,inception_v2_batch_8_train_-5efd59128f4fa2b4,inception,1784,97,102,1.0515463917525774
tile:xla,train,inception_v2_batch_8_train_-5f339490f4a1f2a,inception,344,9,8,0.8888888888888888
tile:xla,train,inception_v2_batch_8_train_-6031cf499b2d30bf,inception,3548,37,40,1.0810810810810811
tile:xla,train,inception_v2_batch_8_train_-606793a489eba40f,inception,416,96,104,1.0833333333333333
tile:xla,train,inception_v2_batch_8_train_-611b67bbc05aeb18,inception,520,91,98,1.0769230769230769
tile:xla,train,inception_v2_batch_8_train_-6274ed2aefeffb7b,inception,1790,85,95,1.1176470588235294
tile:xla,train,inception_v2_batch_8_train_-635515fb48177f8e,inception,118,30,36,1.2
tile:xla,train,inception_v2_batch_8_train_-6374564755a10904,inception,3466,113,121,1.0707964601769913
tile:xla,train,inception_v2_batch_8_train_-63ab115431e91ad9,inception,3486,97,102,1.0515463917525774
tile:xla,train,inception_v2_batch_8_train_-657bf035f78a238d,inception,412,36,42,1.1666666666666667
tile:xla,train,inception_v2_batch_8_train_-65d04d45b3c5db7e,inception,412,80,85,1.0625
tile:xla,train,inception_v2_batch_8_train_-66649197e9058789,inception,2720,85,95,1.1176470588235294
tile:xla,train,inception_v2_batch_8_train_-6759a706c85de4c6,inception,1802,113,121,1.0707964601769913
tile:xla,train,inception_v2_batch_8_train_-6f1d0710bd6c89bf,inception,412,96,104,1.0833333333333333
tile:xla,train,inception_v2_batch_8_train_-7087206a9f4660d0,inception,420,20,23,1.15
tile:xla,train,inception_v2_batch_8_train_-71c73f1f41d9d041,inception,819,29,35,1.206896551724138
tile:xla,train,inception_v2_batch_8_train_-72ef9fbfce6d3108,inception,240,11,11,1.0
tile:xla,train,inception_v2_batch_8_train_-73424134fe1b0c81,inception,770,31,36,1.1612903225806452
tile:xla,train,inception_v2_batch_8_train_-7391163f9bac9684,inception,1718,113,121,1.0707964601769913
tile:xla,train,inception_v2_batch_8_train_-756db6c2c2cd7dd4,inception,802,36,42,1.1666666666666667
tile:xla,train,inception_v2_batch_8_train_-765fe8e8697f6a0d,inception,520,53,52,0.9811320754716981
tile:xla,train,inception_v2_batch_8_train_-797a342db695df5e,inception,1820,69,76,1.1014492753623188
tile:xla,train,inception_v2_batch_8_train_-79880be0abe3575e,inception,1766,113,121,1.0707964601769913
tile:xla,train,inception_v2_batch_8_train_-7a3fad15bf87e982,inception,5866,84,94,1.119047619047619
tile:xla,train,inception_v2_batch_8_train_-7a41cc60e77c9bac,inception,920,113,121,1.0707964601769913
tile:xla,train,inception_v2_batch_8_train_-7edcbe1e44e26130,inception,125,11,11,1.0
tile:xla,train,inception_v2_batch_8_train_-a8ca8550c7ee67d,inception,14927,95,103,1.0842105263157895
tile:xla,train,inception_v2_batch_8_train_-d9fdc741a61d784,inception,220,54,69,1.2777777777777777
tile:xla,train,inception_v2_batch_8_train_-f61f537a74bc3b7,inception,216,18,17,0.9444444444444444
tile:xla,train,inception_v2_batch_8_train_11e149b7cdf42da9,inception,412,80,85,1.0625
tile:xla,train,inception_v2_batch_8_train_1294acd00304d83,inception,412,20,23,1.15
tile:xla,train,inception_v2_batch_8_train_1380f53a28b7910e,inception,3548,69,76,1.1014492753623188
tile:xla,train,inception_v2_batch_8_train_159804eebfed4ae9,inception,902,37,40,1.0810810810810811
tile:xla,train,inception_v2_batch_8_train_162af6b725745ac3,inception,798,112,123,1.0982142857142858
tile:xla,train,inception_v2_batch_8_train_1a01bcf1f103110f,inception,1820,37,40,1.0810810810810811
tile:xla,train,inception_v2_batch_8_train_1a9a4de35bb2232c,inception,2422,113,121,1.0707964601769913
tile:xla,train,inception_v2_batch_8_train_1ce65ac10f080451,inception,520,91,98,1.0769230769230769
tile:xla,train,inception_v2_batch_8_train_1e5445a6c750c8a4,inception,412,43,42,0.9767441860465116
tile:xla,train,inception_v2_batch_8_train_1eeb2d46fc90ad1d,inception,1784,85,95,1.1176470588235294
tile:xla,train,inception_v2_batch_8_train_24e277f3cbb81464,inception,404,53,52,0.9811320754716981
tile:xla,train,inception_v2_batch_8_train_269177fab30f928c,inception,1802,97,102,1.0515463917525774
tile:xla,train,inception_v2_batch_8_train_26d0f23e0d9218b5,inception,216,30,36,1.2
tile:xla,train,inception_v2_batch_8_train_28503b75686a8549,inception,216,54,69,1.2777777777777777
tile:xla,train,inception_v2_batch_8_train_28a593f4b8ef5ad7,inception,612,20,23,1.15
tile:xla,train,inception_v2_batch_8_train_28f937c8bed418fe,inception,150,11,11,1.0
tile:xla,train,inception_v2_batch_8_train_29376624ff6b9bdd,inception,404,53,52,0.9811320754716981
tile:xla,train,inception_v2_batch_8_train_2d4a9175af3b7ac9,inception,412,96,104,1.0833333333333333
tile:xla,train,inception_v2_batch_8_train_2d89106d92e21b19,inception,412,91,98,1.0769230769230769
tile:xla,train,inception_v2_batch_8_train_2f3512e392fa021a,inception,412,20,23,1.15
tile:xla,train,inception_v2_batch_8_train_2fcaaa9563aee61c,inception,902,69,76,1.1014492753623188
tile:xla,train,inception_v2_batch_8_train_315c845b0f43b041,inception,392,43,42,0.9767441860465116
tile:xla,train,inception_v2_batch_8_train_3254817ed34d557a,inception,602,80,85,1.0625
tile:xla,train,inception_v2_batch_8_train_348521caaf6a868b,inception,412,59,61,1.0338983050847457
tile:xla,train,inception_v2_batch_8_train_34fbb71fe48063e0,inception,1790,85,95,1.1176470588235294
tile:xla,train,inception_v2_batch_8_train_356a10582dd4eba5,inception,118,54,69,1.2777777777777777
tile:xla,train,inception_v2_batch_8_train_357ad6c150672f74,inception,398,53,52,0.9811320754716981
tile:xla,train,inception_v2_batch_8_train_3624f97378552abb,inception,1784,37,40,1.0810810810810811
tile:xla,train,inception_v2_batch_8_train_36424e33fb75ae0,inception,398,53,52,0.9811320754716981
tile:xla,train,inception_v2_batch_8_train_36ad8a29ff2ad20b,inception,344,11,11,1.0
tile:xla,train,inception_v2_batch_8_train_37f268da54aa898e,inception,410,96,104,1.0833333333333333
tile:xla,train,inception_v2_batch_8_train_37f6facd4cdf2165,inception,60,81,86,1.0617283950617284
tile:xla,train,inception_v2_batch_8_train_38d12b7ef9ae44b0,inception,784,53,52,0.9811320754716981
tile:xla,train,inception_v2_batch_8_train_38d5896d0943845a,inception,902,37,40,1.0810810810810811
tile:xla,train,inception_v2_batch_8_train_3adba7fe41a009fc,inception,13839,20,23,1.15
tile:xla,train,inception_v2_batch_8_train_3b577e6b4bb887b,inception,220,18,17,0.9444444444444444
tile:xla,train,inception_v2_batch_8_train_3b7634dd413cd9c,inception,218,54,69,1.2777777777777777
tile:xla,train,inception_v2_batch_8_train_3bb44d25219a7029,inception,804,31,36,1.1612903225806452
tile:xla,train,inception_v2_batch_8_train_3e0486606f44ce58,inception,412,20,23,1.15
tile:xla,train,inception_v2_batch_8_train_4003e307febef3b1,inception,420,59,61,1.0338983050847457
tile:xla,train,inception_v2_batch_8_train_450fc153875cdd3b,inception,6690,37,40,1.0810810810810811
tile:xla,train,inception_v2_batch_8_train_45103a6d5eb4cf9d,inception,520,20,23,1.15
tile:xla,train,inception_v2_batch_8_train_462dcc08b918b9ec,inception,412,59,61,1.0338983050847457
tile:xla,train,inception_v2_batch_8_train_473284941b13e23a,inception,412,96,104,1.0833333333333333
tile:xla,train,inception_v2_batch_8_train_49b69ba06262ed57,inception,1790,113,121,1.0707964601769913
tile:xla,train,inception_v2_batch_8_train_49e164dd1499e5be,inception,216,18,17,0.9444444444444444
tile:xla,train,inception_v2_batch_8_train_4a722720d1f3927e,inception,1784,113,121,1.0707964601769913
tile:xla,train,inception_v2_batch_8_train_4a996c4a80182731,inception,588,49,48,0.9795918367346939
tile:xla,train,inception_v2_batch_8_train_4b22169823de0363,inception,798,112,123,1.0982142857142858
tile:xla,train,inception_v2_batch_8_train_4b295d937a51946a,inception,770,50,49,0.98
tile:xla,train,inception_v2_batch_8_train_4be63e7c509a13cb,inception,804,59,61,1.0338983050847457
tile:xla,train,inception_v2_batch_8_train_4c4e73580766453,inception,1820,37,40,1.0810810810810811
tile:xla,train,inception_v2_batch_8_train_50b555a16a13f5db,inception,2720,76,83,1.0921052631578947
tile:xla,train,inception_v2_batch_8_train_51b63f59d47dde91,inception,412,17,19,1.1176470588235294
tile:xla,train,inception_v2_batch_8_train_5403373fd3ff192f,inception,3406,113,121,1.0707964601769913
tile:xla,train,inception_v2_batch_8_train_5537e0954262fa62,inception,220,30,36,1.2
tile:xla,train,inception_v2_batch_8_train_5618715e59c1f030,inception,1820,69,76,1.1014492753623188
tile:xla,train,inception_v2_batch_8_train_573552980286f0c9,inception,30,11,11,1.0
tile:xla,train,inception_v2_batch_8_train_57b157f9f8bc4d15,inception,3548,69,76,1.1014492753623188
tile:xla,train,inception_v2_batch_8_train_5985bb1c6b62ff40,inception,1820,37,40,1.0810810810810811
tile:xla,train,inception_v2_batch_8_train_59a23157f1a3f0c4,inception,804,80,85,1.0625
tile:xla,train,inception_v2_batch_8_train_5a00f76a2c7d8c87,inception,794,107,117,1.0934579439252337
tile:xla,train,inception_v2_batch_8_train_5adc1fe8cca83f75,inception,100,11,11,1.0
tile:xla,train,inception_v2_batch_8_train_5b3b86b522b517bd,inception,220,30,36,1.2
tile:xla,train,inception_v2_batch_8_train_5da50bea37a78b4c,inception,2936,85,95,1.1176470588235294
tile:xla,train,inception_v2_batch_8_train_5e8681f93a043883,inception,1668,113,121,1.0707964601769913
tile:xla,train,inception_v2_batch_8_train_5fc73eb95f5e1227,inception,1720,104,109,1.0480769230769231
tile:xla,train,inception_v2_batch_8_train_61b84534b3600c6a,inception,412,80,85,1.0625
tile:xla,train,inception_v2_batch_8_train_61c821e48696bfb8,inception,902,85,95,1.1176470588235294
tile:xla,train,inception_v2_batch_8_train_62129851b0020e2b,inception,3548,37,40,1.0810810810810811
tile:xla,train,inception_v2_batch_8_train_62bd60674f37f697,inception,760,107,117,1.0934579439252337
tile:xla,train,inception_v2_batch_8_train_632c0b3db3d97b85,inception,792,49,48,0.9795918367346939
tile:xla,train,inception_v2_batch_8_train_64c0c6399e372740,inception,1820,76,83,1.0921052631578947
tile:xla,train,inception_v2_batch_8_train_65883c8da704b321,inception,902,113,121,1.0707964601769913
tile:xla,train,inception_v2_batch_8_train_6713eab7f76137ce,inception,902,85,95,1.1176470588235294
tile:xla,train,inception_v2_batch_8_train_6820fde1b28b2156,inception,1766,113,121,1.0707964601769913
tile:xla,train,inception_v2_batch_8_train_6ac844b920a6fd41,inception,804,59,61,1.0338983050847457
tile:xla,train,inception_v2_batch_8_train_6b4d69a4d00d1693,inception,412,31,36,1.1612903225806452
tile:xla,train,inception_v2_batch_8_train_6b8ca0c916f5fca7,inception,874,18,17,0.9444444444444444
tile:xla,train,inception_v2_batch_8_train_6e881cd99858305b,inception,1820,85,95,1.1176470588235294
tile:xla,train,inception_v2_batch_8_train_6eb7271c4302ae96,inception,1818,97,102,1.0515463917525774
tile:xla,train,inception_v2_batch_8_train_7232c2bc5e6e07f2,inception,216,78,102,1.3076923076923077
tile:xla,train,inception_v2_batch_8_train_72a15d2b523e653d,inception,344,11,11,1.0
tile:xla,train,inception_v2_batch_8_train_78d7254e2aa75657,inception,220,54,69,1.2777777777777777
tile:xla,train,inception_v2_batch_8_train_7acb84d0517f2c78,inception,1784,113,121,1.0707964601769913
tile:xla,train,inception_v2_batch_8_train_7dd7e6900d2e4700,inception,240,9,8,0.8888888888888888
tile:xla,train,inception_v2_batch_8_train_a42053ae9efa011,inception,216,30,36,1.2
tile:xla,train,inception_v2_batch_8_train_a7aa4e663184cd0,inception,380,9,8,0.8888888888888888
tile:xla,train,inception_v2_batch_8_train_ba07fa52964a633,inception,5852,85,95,1.1176470588235294
tile:xla,train,inception_v2_batch_8_train_cc7916be068486f,inception,3548,37,40,1.0810810810810811
tile:xla,train,inception_v2_batch_8_train_e2f3ee7b2c4752,inception,344,9,8,0.8888888888888888
tile:xla,train,inception_v2_batch_8_train_fac37b0f3e4578e,inception,804,20,23,1.15
tile:xla,train,inception_v3_batch_8_train_-13f60e617ab1cf92,inception,2451,37,40,1.0810810810810811
tile:xla,train,inception_v3_batch_8_train_-1570c29aeac92374,inception,384,30,36,1.2
tile:xla,train,inception_v3_batch_8_train_-15e02681cf294d5c,inception,521,43,42,0.9767441860465116
tile:xla,train,inception_v3_batch_8_train_-15f83a35cc1cf307,inception,1017,50,49,0.98
tile:xla,train,inception_v3_batch_8_train_-16ef8b2816377f23,inception,468,59,61,1.0338983050847457
tile:xla,train,inception_v3_batch_8_train_-1755c3a865c70d8f,inception,738,9,8,0.8888888888888888
tile:xla,train,inception_v3_batch_8_train_-1edad4a943e8e0dd,inception,874,20,23,1.15
tile:xla,train,inception_v3_batch_8_train_-1f2b0b6f629e592a,inception,627,53,52,0.9811320754716981
tile:xla,train,inception_v3_batch_8_train_-1f503d693d0444d6,inception,162,30,36,1.2
tile:xla,train,inception_v3_batch_8_train_-2766c94e7e424f19,inception,937,53,52,0.9811320754716981
tile:xla,train,inception_v3_batch_8_train_-27b3449846aa10db,inception,990,59,61,1.0338983050847457
tile:xla,train,inception_v3_batch_8_train_-29691c93212cef7f,inception,1277,104,109,1.0480769230769231
tile:xla,train,inception_v3_batch_8_train_-29899f7123f10402,inception,874,43,42,0.9767441860465116
tile:xla,train,inception_v3_batch_8_train_-298ebc5188d112ce,inception,249,18,17,0.9444444444444444
tile:xla,train,inception_v3_batch_8_train_-2c37754d4ffa447a,inception,465,17,19,1.1176470588235294
tile:xla,train,inception_v3_batch_8_train_-2e496e355b789e95,inception,2451,37,40,1.0810810810810811
tile:xla,train,inception_v3_batch_8_train_-2e84274b1dcf952,inception,3859,37,40,1.0810810810810811
tile:xla,train,inception_v3_batch_8_train_-2ea8424355f3e1c8,inception,162,30,36,1.2
tile:xla,train,inception_v3_batch_8_train_-2fc3bccbd9d619af,inception,3563,113,121,1.0707964601769913
tile:xla,train,inception_v3_batch_8_train_-3067011158126063,inception,943,107,117,1.0934579439252337
tile:xla,train,inception_v3_batch_8_train_-316a33fd387f0bb8,inception,84,53,52,0.9811320754716981
tile:xla,train,inception_v3_batch_8_train_-349e417a5109d3b1,inception,312,9,8,0.8888888888888888
tile:xla,train,inception_v3_batch_8_train_-381fee1234761f04,inception,196,9,8,0.8888888888888888
tile:xla,train,inception_v3_batch_8_train_-3c9d138a22b60be,inception,15926,59,61,1.0338983050847457
tile:xla,train,inception_v3_batch_8_train_-3d43ad4642bbbb96,inception,2011,85,95,1.1176470588235294
tile:xla,train,inception_v3_batch_8_train_-3d4789ee4a8c8c42,inception,249,18,17,0.9444444444444444
tile:xla,train,inception_v3_batch_8_train_-3e6d3f517b5e838,inception,1302,59,61,1.0338983050847457
tile:xla,train,inception_v3_batch_8_train_-3e90f58db87bc2bc,inception,187,11,11,1.0
tile:xla,train,inception_v3_batch_8_train_-3f913b7d823b5893,inception,249,30,36,1.2
tile:xla,train,inception_v3_batch_8_train_-40a064eb634c40f4,inception,464,96,104,1.0833333333333333
tile:xla,train,inception_v3_batch_8_train_-430aa527a6387acb,inception,627,37,40,1.0810810810810811
tile:xla,train,inception_v3_batch_8_train_-4421620967bf93e,inception,2400,97,102,1.0515463917525774
tile:xla,train,inception_v3_batch_8_train_-4475b552f5c515a0,inception,1110,37,40,1.0810810810810811
tile:xla,train,inception_v3_batch_8_train_-44c7e2995e19acf0,inception,242,9,8,0.8888888888888888
tile:xla,train,inception_v3_batch_8_train_-452134322dc0f255,inception,52,98,103,1.0510204081632653
tile:xla,train,inception_v3_batch_8_train_-48072f5d114ed69c,inception,2018,113,121,1.0707964601769913
tile:xla,train,inception_v3_batch_8_train_-4808f8fbb28af14d,inception,2026,97,102,1.0515463917525774
tile:xla,train,inception_v3_batch_8_train_-48e9deea02a2423,inception,3563,113,121,1.0707964601769913
tile:xla,train,inception_v3_batch_8_train_-49a4e0f2bd609804,inception,831,96,104,1.0833333333333333
tile:xla,train,inception_v3_batch_8_train_-4a390f6927397efb,inception,702,20,23,1.15
tile:xla,train,inception_v3_batch_8_train_-4b036b903dde5811,inception,865,11,11,1.0
tile:xla,train,inception_v3_batch_8_train_-4c69fcae596c953e,inception,261,78,102,1.3076923076923077
tile:xla,train,inception_v3_batch_8_train_-4c6adc9b3e5f1d0d,inception,1226,85,95,1.1176470588235294
tile:xla,train,inception_v3_batch_8_train_-4d0b5bd1cd74aab5,inception,6372,112,120,1.0714285714285714
tile:xla,train,inception_v3_batch_8_train_-4de9e42440babe93,inception,57,70,77,1.1
tile:xla,train,inception_v3_batch_8_train_-4fa1929e3ba86d0a,inception,263,30,36,1.2
tile:xla,train,inception_v3_batch_8_train_-50960cc61153e799,inception,3548,85,95,1.1176470588235294
tile:xla,train,inception_v3_batch_8_train_-51a9987cd9a9a4d,inception,464,80,85,1.0625
tile:xla,train,inception_v3_batch_8_train_-51b9c01154f1c271,inception,3833,69,76,1.1014492753623188
tile:xla,train,inception_v3_batch_8_train_-51d4d2c4c9b917fc,inception,902,29,35,1.206896551724138
tile:xla,train,inception_v3_batch_8_train_-520a218a1d76f99c,inception,327,9,8,0.8888888888888888
tile:xla,train,inception_v3_batch_8_train_-520f5ef6eb30b5c9,inception,135,37,40,1.0810810810810811
tile:xla,train,inception_v3_batch_8_train_-52ffb02d8d79855b,inception,2431,85,95,1.1176470588235294
tile:xla,train,inception_v3_batch_8_train_-53f2d9848ed5bc2c,inception,101,97,102,1.0515463917525774
tile:xla,train,inception_v3_batch_8_train_-54f8fd9a5e9b2b8f,inception,2373,113,121,1.0707964601769913
tile:xla,train,inception_v3_batch_8_train_-554f82701be2ae3c,inception,1232,85,95,1.1176470588235294
tile:xla,train,inception_v3_batch_8_train_-55bf1090b490ef96,inception,2011,85,95,1.1176470588235294
tile:xla,train,inception_v3_batch_8_train_-56a4f0d2775d9e0e,inception,2432,69,76,1.1014492753623188
tile:xla,train,inception_v3_batch_8_train_-570b57f3ac57234d,inception,464,96,104,1.0833333333333333
tile:xla,train,inception_v3_batch_8_train_-5714df555a39a53b,inception,496,31,36,1.1612903225806452
tile:xla,train,inception_v3_batch_8_train_-5748f8d733edb07b,inception,6872,112,120,1.0714285714285714
tile:xla,train,inception_v3_batch_8_train_-581735266a94f35f,inception,2419,85,95,1.1176470588235294
tile:xla,train,inception_v3_batch_8_train_-58e4046f42b080f7,inception,2018,113,121,1.0707964601769913
tile:xla,train,inception_v3_batch_8_train_-596aa928dea1f42,inception,468,59,61,1.0338983050847457
tile:xla,train,inception_v3_batch_8_train_-5a7f56e889bb6457,inception,6176,84,94,1.119047619047619
tile:xla,train,inception_v3_batch_8_train_-5a96228dd8592fec,inception,7599,37,40,1.0810810810810811
tile:xla,train,inception_v3_batch_8_train_-5b33af32cf4d6da9,inception,502,17,19,1.1176470588235294
tile:xla,train,inception_v3_batch_8_train_-5b501f829ae0cbd7,inception,249,30,36,1.2
tile:xla,train,inception_v3_batch_8_train_-5d2355a894766879,inception,992,43,42,0.9767441860465116
tile:xla,train,inception_v3_batch_8_train_-5fe2903802808904,inception,65,81,86,1.0617283950617284
tile:xla,train,inception_v3_batch_8_train_-5fea6eae5695cfab,inception,685,17,19,1.1176470588235294
tile:xla,train,inception_v3_batch_8_train_-60ae730a48bff22e,inception,1017,43,42,0.9767441860465116
tile:xla,train,inception_v3_batch_8_train_-643f6fe46778d99f,inception,5560,85,95,1.1176470588235294
tile:xla,train,inception_v3_batch_8_train_-6ae31bc68b5be4db,inception,842,80,85,1.0625
tile:xla,train,inception_v3_batch_8_train_-6b69b3838681f18e,inception,627,97,102,1.0515463917525774
tile:xla,train,inception_v3_batch_8_train_-6cc20a320f450362,inception,684,50,49,0.98
tile:xla,train,inception_v3_batch_8_train_-6daab99cc378170d,inception,1235,113,121,1.0707964601769913
tile:xla,train,inception_v3_batch_8_train_-6db13b2708aaac59,inception,660,96,104,1.0833333333333333
tile:xla,train,inception_v3_batch_8_train_-6f85ab78b31f8ed5,inception,135,69,76,1.1014492753623188
tile:xla,train,inception_v3_batch_8_train_-7071c3fc014b232c,inception,384,18,17,0.9444444444444444
tile:xla,train,inception_v3_batch_8_train_-70de39b108a9318b,inception,2014,69,76,1.1014492753623188
tile:xla,train,inception_v3_batch_8_train_-71f62328b0680676,inception,464,80,85,1.0625
tile:xla,train,inception_v3_batch_8_train_-72468b48937edf7b,inception,669,36,42,1.1666666666666667
tile:xla,train,inception_v3_batch_8_train_-72a90b2c5fdfdbd3,inception,1235,37,40,1.0810810810810811
tile:xla,train,inception_v3_batch_8_train_-732e7ee84d8b43b4,inception,589,20,23,1.15
tile:xla,train,inception_v3_batch_8_train_-746a7b206b4911bb,inception,924,96,104,1.0833333333333333
tile:xla,train,inception_v3_batch_8_train_-7611dc7b4cef33eb,inception,1268,113,121,1.0707964601769913
tile:xla,train,inception_v3_batch_8_train_-76bbce6d5bcf09f6,inception,249,30,36,1.2
tile:xla,train,inception_v3_batch_8_train_-7708b10b7799d3ef,inception,464,80,85,1.0625
tile:xla,train,inception_v3_batch_8_train_-772aa93427888198,inception,16,2,1,0.5
tile:xla,train,inception_v3_batch_8_train_-772cb5e0db5b90db,inception,2432,69,76,1.1014492753623188
tile:xla,train,inception_v3_batch_8_train_-775c0ba561175fe7,inception,584,2,1,0.5
tile:xla,train,inception_v3_batch_8_train_-78156546178a823b,inception,1302,37,40,1.0810810810810811
tile:xla,train,inception_v3_batch_8_train_-784667276e17f855,inception,171,11,11,1.0
tile:xla,train,inception_v3_batch_8_train_-784d9eceec146b2d,inception,2258,113,121,1.0707964601769913
tile:xla,train,inception_v3_batch_8_train_-78b6175934510050,inception,584,9,8,0.8888888888888888
tile:xla,train,inception_v3_batch_8_train_-7ae545fce86387cc,inception,477,20,23,1.15
tile:xla,train,inception_v3_batch_8_train_-7b8e7c5d1902790e,inception,1015,20,23,1.15
tile:xla,train,inception_v3_batch_8_train_-7bada95bb7f028a6,inception,472,20,23,1.15
tile:xla,train,inception_v3_batch_8_train_-7d1cf33928234a60,inception,2451,37,40,1.0810810810810811
tile:xla,train,inception_v3_batch_8_train_-7eb94e0a430b4c22,inception,521,80,85,1.0625
tile:xla,train,inception_v3_batch_8_train_-7f264e22b9620474,inception,468,59,61,1.0338983050847457
tile:xla,train,inception_v3_batch_8_train_-89a6be004031b7d,inception,9185,20,23,1.15
tile:xla,train,inception_v3_batch_8_train_-8b7882d0986dd62,inception,992,43,42,0.9767441860465116
tile:xla,train,inception_v3_batch_8_train_-8bf8670b2b3ab73,inception,1230,113,121,1.0707964601769913
tile:xla,train,inception_v3_batch_8_train_-9e8f278e7596c80,inception,977,96,104,1.0833333333333333
tile:xla,train,inception_v3_batch_8_train_-b4f7388ee7b89c3,inception,244,78,102,1.3076923076923077
tile:xla,train,inception_v3_batch_8_train_-d3c62ffafad284c,inception,589,96,104,1.0833333333333333
tile:xla,train,inception_v3_batch_8_train_-d51b6f0bee75b7b,inception,437,53,52,0.9811320754716981
tile:xla,train,inception_v3_batch_8_train_-dd84afd46c6531a,inception,988,20,23,1.15
tile:xla,train,inception_v3_batch_8_train_109e2d103375c3c2,inception,464,96,104,1.0833333333333333
tile:xla,train,inception_v3_batch_8_train_11af1b21f5e5460c,inception,468,43,42,0.9767441860465116
tile:xla,train,inception_v3_batch_8_train_19ed8eea9aca64dd,inception,249,18,17,0.9444444444444444
tile:xla,train,inception_v3_batch_8_train_1a7ec0dcebd9818,inception,2400,113,121,1.0707964601769913
tile:xla,train,inception_v3_batch_8_train_1ace55b30e240e38,inception,1302,79,86,1.0886075949367089
tile:xla,train,inception_v3_batch_8_train_1b3ed53dfdd6d6cf,inception,1235,37,40,1.0810810810810811
tile:xla,train,inception_v3_batch_8_train_1cc225fea8f13dc0,inception,179,11,11,1.0
tile:xla,train,inception_v3_batch_8_train_20b88f7ed49e1ef7,inception,468,43,42,0.9767441860465116
tile:xla,train,inception_v3_batch_8_train_211c057213cda8c8,inception,2432,85,95,1.1176470588235294
tile:xla,train,inception_v3_batch_8_train_214b7c96ccc8ab44,inception,669,36,42,1.1666666666666667
tile:xla,train,inception_v3_batch_8_train_236ffe30c41276cb,inception,84,22,22,1.0
tile:xla,train,inception_v3_batch_8_train_24b28f47e2c88bc9,inception,7626,37,40,1.0810810810810811
tile:xla,train,inception_v3_batch_8_train_25d057b5eaa16a6a,inception,688,43,42,0.9767441860465116
tile:xla,train,inception_v3_batch_8_train_26c14902e87f9388,inception,6646,80,85,1.0625
tile:xla,train,inception_v3_batch_8_train_281effce6156be2b,inception,190,11,11,1.0
tile:xla,train,inception_v3_batch_8_train_283ab9cc0df393f,inception,1277,104,109,1.0480769230769231
tile:xla,train,inception_v3_batch_8_train_28a57cd0b4f13a60,inception,2451,37,40,1.0810810810810811
tile:xla,train,inception_v3_batch_8_train_2aa4affbc4cf2e3f,inception,627,97,102,1.0515463917525774
tile:xla,train,inception_v3_batch_8_train_2aae315e69e54513,inception,990,20,23,1.15
tile:xla,train,inception_v3_batch_8_train_2b993e02c38bf745,inception,937,52,51,0.9807692307692307
tile:xla,train,inception_v3_batch_8_train_2d02cc3f7a95b5c6,inception,1004,18,17,0.9444444444444444
tile:xla,train,inception_v3_batch_8_train_2db34bd64fd6140b,inception,242,11,11,1.0
tile:xla,train,inception_v3_batch_8_train_2ed68dd0f70c6db8,inception,162,11,11,1.0
tile:xla,train,inception_v3_batch_8_train_3260b1c0a7756d47,inception,1302,59,61,1.0338983050847457
tile:xla,train,inception_v3_batch_8_train_33c6416aca784a71,inception,660,112,123,1.0982142857142858
tile:xla,train,inception_v3_batch_8_train_349ddea86b841ea1,inception,2584,37,40,1.0810810810810811
tile:xla,train,inception_v3_batch_8_train_34dbb7abfdf77b17,inception,2400,97,102,1.0515463917525774
tile:xla,train,inception_v3_batch_8_train_3502e2e68cf034b6,inception,650,49,48,0.9795918367346939
tile:xla,train,inception_v3_batch_8_train_3763dbfe38fb067b,inception,156,11,11,1.0
tile:xla,train,inception_v3_batch_8_train_391d8c23c4f37713,inception,973,31,36,1.1612903225806452
tile:xla,train,inception_v3_batch_8_train_39df13d38900b7a8,inception,920,96,104,1.0833333333333333
tile:xla,train,inception_v3_batch_8_train_3b14e64e664f3682,inception,472,20,23,1.15
tile:xla,train,inception_v3_batch_8_train_3b49caa56d77ff55,inception,736,11,11,1.0
tile:xla,train,inception_v3_batch_8_train_3b535559f8f29b36,inception,489,91,98,1.0769230769230769
tile:xla,train,inception_v3_batch_8_train_3c50ade369b556df,inception,2071,37,40,1.0810810810810811
tile:xla,train,inception_v3_batch_8_train_3d30ea88cc1a88d5,inception,684,20,23,1.15
tile:xla,train,inception_v3_batch_8_train_3d60b0a602b08e8e,inception,2885,85,95,1.1176470588235294
tile:xla,train,inception_v3_batch_8_train_3f092d71da136b7c,inception,162,78,102,1.3076923076923077
tile:xla,train,inception_v3_batch_8_train_3f4d84bc439b3275,inception,660,96,104,1.0833333333333333
tile:xla,train,inception_v3_batch_8_train_3fdb78be91552520,inception,627,37,40,1.0810810810810811
tile:xla,train,inception_v3_batch_8_train_40d8ecf69700b527,inception,206,11,11,1.0
tile:xla,train,inception_v3_batch_8_train_41e3a5befd2edded,inception,692,20,23,1.15
tile:xla,train,inception_v3_batch_8_train_448e98e7a844dbfe,inception,2410,97,102,1.0515463917525774
tile:xla,train,inception_v3_batch_8_train_44a96fe6b06c8de9,inception,874,20,23,1.15
tile:xla,train,inception_v3_batch_8_train_44d2714e257f7450,inception,688,59,61,1.0338983050847457
tile:xla,train,inception_v3_batch_8_train_455facb2233e48f,inception,1017,20,23,1.15
tile:xla,train,inception_v3_batch_8_train_4bbeef9e3cf2973e,inception,874,59,61,1.0338983050847457
tile:xla,train,inception_v3_batch_8_train_4cc005363de6944,inception,3636,37,40,1.0810810810810811
tile:xla,train,inception_v3_batch_8_train_4d00c5bba6391e83,inception,2071,37,40,1.0810810810810811
tile:xla,train,inception_v3_batch_8_train_4f3924c89690d910,inception,871,9,8,0.8888888888888888
tile:xla,train,inception_v3_batch_8_train_4f980a4d996262d6,inception,206,9,8,0.8888888888888888
tile:xla,train,inception_v3_batch_8_train_5039b7e1e903e464,inception,920,112,123,1.0982142857142858
tile:xla,train,inception_v3_batch_8_train_529de39f5d0d979e,inception,506,43,42,0.9767441860465116
tile:xla,train,inception_v3_batch_8_train_531dc3a55af2d4e9,inception,83,11,11,1.0
tile:xla,train,inception_v3_batch_8_train_542fb72912cd7ea8,inception,468,96,104,1.0833333333333333
tile:xla,train,inception_v3_batch_8_train_54bcc453497e8280,inception,802,80,85,1.0625
tile:xla,train,inception_v3_batch_8_train_5608c687d9b82722,inception,310,11,11,1.0
tile:xla,train,inception_v3_batch_8_train_5664981351ef31bb,inception,975,80,85,1.0625
tile:xla,train,inception_v3_batch_8_train_568879eaf6087e57,inception,6296,69,76,1.1014492753623188
tile:xla,train,inception_v3_batch_8_train_56db0a924c3a765f,inception,1302,50,49,0.98
tile:xla,train,inception_v3_batch_8_train_573c37431b35b71c,inception,2451,37,40,1.0810810810810811
tile:xla,train,inception_v3_batch_8_train_58a5eae3bf7f080d,inception,3548,85,95,1.1176470588235294
tile:xla,train,inception_v3_batch_8_train_5b75c265affbd8b7,inception,1268,113,121,1.0707964601769913
tile:xla,train,inception_v3_batch_8_train_5be1ec6cbfebef60,inception,179,11,11,1.0
tile:xla,train,inception_v3_batch_8_train_5d6b89e1727a7a4a,inception,550,20,23,1.15
tile:xla,train,inception_v3_batch_8_train_5e3ac1ba2ca19b6f,inception,937,53,52,0.9811320754716981
tile:xla,train,inception_v3_batch_8_train_608dfbdffbc321ce,inception,1302,37,40,1.0810810810810811
tile:xla,train,inception_v3_batch_8_train_60d7f5c4dcc8fd65,inception,969,53,52,0.9811320754716981
tile:xla,train,inception_v3_batch_8_train_61103af86442a5d5,inception,2410,97,102,1.0515463917525774
tile:xla,train,inception_v3_batch_8_train_62ba8f4049fd94e,inception,2451,37,40,1.0810810810810811
tile:xla,train,inception_v3_batch_8_train_638535a8a0b004b,inception,464,59,61,1.0338983050847457
tile:xla,train,inception_v3_batch_8_train_658459d406195fe9,inception,477,20,23,1.15
tile:xla,train,inception_v3_batch_8_train_66000fae59c02f16,inception,247,54,69,1.2777777777777777
tile:xla,train,inception_v3_batch_8_train_665103853cd89e5,inception,679,59,61,1.0338983050847457
tile:xla,train,inception_v3_batch_8_train_667171bfa832c8f1,inception,5976,96,104,1.0833333333333333
tile:xla,train,inception_v3_batch_8_train_66b89c3d5d914954,inception,1268,113,121,1.0707964601769913
tile:xla,train,inception_v3_batch_8_train_6726da7bcd18c3a,inception,1684,113,121,1.0707964601769913
tile:xla,train,inception_v3_batch_8_train_67700bdfdea2bad4,inception,7766,84,94,1.119047619047619
tile:xla,train,inception_v3_batch_8_train_68da6efdd55a5e02,inception,7154,37,40,1.0810810810810811
tile:xla,train,inception_v3_batch_8_train_694ff48fa470cc80,inception,6132,20,23,1.15
tile:xla,train,inception_v3_batch_8_train_698f2155b6099bda,inception,2431,69,76,1.1014492753623188
tile:xla,train,inception_v3_batch_8_train_6cccd75e84e2b594,inception,8330,85,95,1.1176470588235294
tile:xla,train,inception_v3_batch_8_train_6d52b777ba70a1ca,inception,437,53,52,0.9811320754716981
tile:xla,train,inception_v3_batch_8_train_6deb5b03a09ee35b,inception,992,59,61,1.0338983050847457
tile:xla,train,inception_v3_batch_8_train_6ece1bd3a9616710,inception,2423,85,95,1.1176470588235294
tile:xla,train,inception_v3_batch_8_train_6edb8df346a5ac0,inception,472,20,23,1.15
tile:xla,train,inception_v3_batch_8_train_708a3f62219d2c5f,inception,584,11,11,1.0
tile:xla,train,inception_v3_batch_8_train_70c48bdfc4812f6b,inception,939,36,42,1.1666666666666667
tile:xla,train,inception_v3_batch_8_train_7278541c0730eca5,inception,865,87,92,1.0574712643678161
tile:xla,train,inception_v3_batch_8_train_72a15d2b523e653d,inception,327,11,11,1.0
tile:xla,train,inception_v3_batch_8_train_72c6a7a60a1b5f3e,inception,128,30,36,1.2
tile:xla,train,inception_v3_batch_8_train_72ce77aa163bf806,inception,1302,88,98,1.1136363636363635
tile:xla,train,inception_v3_batch_8_train_7364537becdd0dc4,inception,968,18,17,0.9444444444444444
tile:xla,train,inception_v3_batch_8_train_73a8b93b2191a930,inception,872,29,35,1.206896551724138
tile:xla,train,inception_v3_batch_8_train_764d2b572f8bdbfd,inception,1017,20,23,1.15
tile:xla,train,inception_v3_batch_8_train_772a741a4c2185a3,inception,1268,113,121,1.0707964601769913
tile:xla,train,inception_v3_batch_8_train_77e8dd19a721f5f1,inception,821,80,85,1.0625
tile:xla,train,inception_v3_batch_8_train_799d40c11b59105f,inception,679,96,104,1.0833333333333333
tile:xla,train,inception_v3_batch_8_train_7a841ab6c1edbc9d,inception,865,53,52,0.9811320754716981
tile:xla,train,inception_v3_batch_8_train_7b2b7ac43f460fb9,inception,2387,113,121,1.0707964601769913
tile:xla,train,inception_v3_batch_8_train_7c1d1cdcde30d95a,inception,242,9,8,0.8888888888888888
tile:xla,train,inception_v3_batch_8_train_7ce0912a5b416e37,inception,6376,97,102,1.0515463917525774
tile:xla,train,inception_v3_batch_8_train_7cef1ab1c9ac3077,inception,66,11,11,1.0
tile:xla,train,inception_v3_batch_8_train_7e6f7bf664aab8e4,inception,162,9,8,0.8888888888888888
tile:xla,train,inception_v3_batch_8_train_7efffe76ac6bd5d7,inception,483,53,52,0.9811320754716981
tile:xla,train,inception_v3_batch_8_train_82ecbdc07a1e14e,inception,1729,37,40,1.0810810810810811
tile:xla,train,inception_v3_batch_8_train_87ebbe582c5f68e,inception,1097,113,121,1.0707964601769913
tile:xla,train,inception_v3_batch_8_train_89ea715f54946a9,inception,2410,113,121,1.0707964601769913
tile:xla,train,inception_v3_batch_8_train_8e53605af49e595,inception,464,80,85,1.0625
tile:xla,train,inception_v3_batch_8_train_b006554c0afc191,inception,874,20,23,1.15
tile:xla,train,inception_v3_batch_8_train_b27b5aaf84efcbe,inception,808,80,85,1.0625
tile:xla,train,inception_v3_batch_8_train_c5901a80dbc71ba,inception,2626,97,102,1.0515463917525774
tile:xla,train,inception_v3_batch_8_train_cdeb008ba89fc50,inception,2431,69,76,1.1014492753623188
tile:xla,train,inception_v3_batch_8_train_f6d56527b6f02db,inception,679,80,85,1.0625
tile:xla,train,inference_mlperf_resnet_batch_16_-1124364928e6bcd1,resnet,1400,38,37,0.9736842105263158
tile:xla,train,inference_mlperf_resnet_batch_16_-1e330b4b389b1e92,resnet,429,17,16,0.9411764705882353
tile:xla,train,inference_mlperf_resnet_batch_16_-2344431dad1b0eb8,resnet,7442,12,11,0.9166666666666666
tile:xla,train,inference_mlperf_resnet_batch_16_-2a7d216918b9a416,resnet,1470,12,11,0.9166666666666666
tile:xla,train,inference_mlperf_resnet_batch_16_-2eb0ba8bdd26d7f2,resnet,1381,36,35,0.9722222222222222
tile:xla,train,inference_mlperf_resnet_batch_16_-2fdd06e0c44577dd,resnet,597,12,11,0.9166666666666666
tile:xla,train,inference_mlperf_resnet_batch_16_-30242f159eb6e75c,resnet,67,2,1,0.5
tile:xla,train,inference_mlperf_resnet_batch_16_-3275b0110500ada1,resnet,3538,39,38,0.9743589743589743
tile:xla,train,inference_mlperf_resnet_batch_16_-4173fea9e266e8b4,resnet,1058,12,11,0.9166666666666666
tile:xla,train,inference_mlperf_resnet_batch_16_-41b792f3fb9baaf9,resnet,517,68,67,0.9852941176470589
tile:xla,train,inference_mlperf_resnet_batch_16_-52896e9e5e6e6c41,resnet,987,12,11,0.9166666666666666
tile:xla,train,inference_mlperf_resnet_batch_16_-59eabbc6a57a3883,resnet,753,12,11,0.9166666666666666
tile:xla,train,inference_mlperf_resnet_batch_16_-63a882bd97fdf8dc,resnet,984,26,25,0.9615384615384616
tile:xla,train,inference_mlperf_resnet_batch_16_-64b8cca006d76154,resnet,3889,26,25,0.9615384615384616
tile:xla,train,inference_mlperf_resnet_batch_16_-67fda2d7e04731aa,resnet,974,28,27,0.9642857142857143
tile:xla,train,inference_mlperf_resnet_batch_16_-69ec94c874d5b9aa,resnet,387,12,11,0.9166666666666666
tile:xla,train,inference_mlperf_resnet_batch_16_-7a0434572d66e69a,resnet,1055,26,25,0.9615384615384616
tile:xla,train,inference_mlperf_resnet_batch_16_-d56b4940c76a0f1,resnet,2784,36,35,0.9722222222222222
tile:xla,train,inference_mlperf_resnet_batch_16_169e433b7f900975,resnet,656,38,37,0.9736842105263158
tile:xla,train,inference_mlperf_resnet_batch_16_18aba01aa966648b,resnet,1055,48,47,0.9791666666666666
tile:xla,train,inference_mlperf_resnet_batch_16_18b8a698f0eb9a5f,resnet,3835,26,25,0.9615384615384616
tile:xla,train,inference_mlperf_resnet_batch_16_1f922b7e7e7c5730,resnet,597,26,25,0.9615384615384616
tile:xla,train,inference_mlperf_resnet_batch_16_4dee26303b5548b2,resnet,78,19,18,0.9473684210526315
tile:xla,train,inference_mlperf_resnet_batch_16_6194eff5f00443da,resnet,22,2,1,0.5
tile:xla,train,inference_mlperf_resnet_batch_16_79b3244759d3e59d,resnet,645,52,51,0.9807692307692307
tile:xla,train,inference_mlperf_resnet_batch_16_79f6190a1743fa48,resnet,1618,38,37,0.9736842105263158
tile:xla,train,inference_mlperf_resnet_batch_16_7f4710ce2f416ca,resnet,629,68,67,0.9852941176470589
tile:xla,train,inference_mlperf_resnet_batch_16_8e91f6b28f66052,resnet,984,38,37,0.9736842105263158
tile:xla,train,inference_mlperf_resnet_batch_16_bfb69a84b9180cb,resnet,1048,42,41,0.9761904761904762
tile:xla,train,inference_mlperf_resnet_batch_256_-219b36e6876df43f,resnet,4713,12,11,0.9166666666666666
tile:xla,train,inference_mlperf_resnet_batch_256_-37774638d95f736d,resnet,6791,12,11,0.9166666666666666
tile:xla,train,inference_mlperf_resnet_batch_256_-3b5df78a92109187,resnet,4102,38,37,0.9736842105263158
tile:xla,train,inference_mlperf_resnet_batch_256_-4014a5c429c25621,resnet,4882,34,33,0.9705882352941176
tile:xla,train,inference_mlperf_resnet_batch_256_-49434f170f659b9b,resnet,9927,26,25,0.9615384615384616
tile:xla,train,inference_mlperf_resnet_batch_256_-56ec49a54c76cdc,resnet,1063,38,37,0.9736842105263158
tile:xla,train,inference_mlperf_resnet_batch_256_-6152a97c46f2a648,resnet,5200,12,11,0.9166666666666666
tile:xla,train,inference_mlperf_resnet_batch_256_-69326ba2ece760a1,resnet,5090,26,25,0.9615384615384616
tile:xla,train,inference_mlperf_resnet_batch_256_-77463334200e9e55,resnet,2029,52,51,0.9807692307692307
tile:xla,train,inference_mlperf_resnet_batch_256_-915dd7e756a5e32,resnet,4346,28,27,0.9642857142857143
tile:xla,train,inference_mlperf_resnet_batch_256_-f1e4ccf2f084281,resnet,5167,12,11,0.9166666666666666
tile:xla,train,inference_mlperf_resnet_batch_256_1a4449aaa9f2a7c1,resnet,177,52,51,0.9807692307692307
tile:xla,train,inference_mlperf_resnet_batch_256_28f13b68f7b3c325,resnet,6650,38,37,0.9736842105263158
tile:xla,train,inference_mlperf_resnet_batch_256_2b545a0008a72007,resnet,2717,12,11,0.9166666666666666
tile:xla,train,inference_mlperf_resnet_batch_256_3ca4cfd3f34ad459,resnet,4799,28,27,0.9642857142857143
tile:xla,train,inference_mlperf_resnet_batch_256_41dec8afc428ebcd,resnet,2204,68,67,0.9852941176470589
tile:xla,train,inference_mlperf_resnet_batch_256_4a776f5caefb9e5f,resnet,138,2,1,0.5
tile:xla,train,inference_mlperf_resnet_batch_256_4b6dbcf0c04a15cd,resnet,3122,12,11,0.9166666666666666
tile:xla,train,inference_mlperf_resnet_batch_256_52df38bd7db5134c,resnet,9993,39,38,0.9743589743589743
tile:xla,train,inference_mlperf_resnet_batch_256_5349404ac938e998,resnet,9995,39,38,0.9743589743589743
tile:xla,train,inference_mlperf_resnet_batch_256_5ff63a149cc31264,resnet,4634,26,25,0.9615384615384616
tile:xla,train,inference_mlperf_resnet_batch_256_62d19a440a92be6a,resnet,339,19,18,0.9473684210526315
tile:xla,train,inference_mlperf_resnet_batch_256_6306cdc46623c68b,resnet,6993,28,27,0.9642857142857143
tile:xla,train,inference_mlperf_resnet_batch_256_631484b6e8a67f7e,resnet,1369,12,11,0.9166666666666666
tile:xla,train,inference_mlperf_resnet_batch_256_6490f3d560aff77d,resnet,151,68,67,0.9852941176470589
tile:xla,train,inference_mlperf_resnet_batch_256_686f606f46e1788a,resnet,9944,26,25,0.9615384615384616
tile:xla,train,inference_mlperf_resnet_batch_256_788dd216cf3296bb,resnet,1892,12,11,0.9166666666666666
tile:xla,train,inference_mlperf_resnet_batch_256_e9755bbcdbdea54,resnet,5495,38,37,0.9736842105263158
tile:xla,train,inference_mlperf_ssd_1200_batch_128_-21468307adb6094d,mlperf,480,56,57,1.0178571428571428
tile:xla,train,inference_mlperf_ssd_1200_batch_128_-71705a41983c2e1a,mlperf,477,18,19,1.0555555555555556
tile:xla,train,inference_mlperf_ssd_1200_batch_128_-7cd999842de0fb9d,mlperf,9991,36,35,0.9722222222222222
tile:xla,train,inference_mlperf_ssd_1200_batch_128_19e347584b4bf41b,mlperf,9996,42,41,0.9761904761904762
tile:xla,train,inference_mlperf_ssd_1200_batch_128_2d003c9e601b9570,mlperf,486,12,11,0.9166666666666666
tile:xla,train,inference_mlperf_ssd_1200_batch_128_50ce6c64399e6e98,mlperf,9998,52,51,0.9807692307692307
tile:xla,train,inference_mlperf_ssd_1200_batch_128_67210472321f64c4,mlperf,9999,12,11,0.9166666666666666
tile:xla,train,inference_mlperf_ssd_1200_batch_1_-11985572b0612096,mlperf,6562,52,54,1.0384615384615385
tile:xla,train,inference_mlperf_ssd_1200_batch_1_-1221e7323145ef43,mlperf,1492,23,23,1.0
tile:xla,train,inference_mlperf_ssd_1200_batch_1_-152fbb75485acbea,mlperf,12,2,1,0.5
tile:xla,train,inference_mlperf_ssd_1200_batch_1_-1535f983cc5a50c0,mlperf,440,2,1,0.5
tile:xla,train,inference_mlperf_ssd_1200_batch_1_-1c5f85ece15a41c9,mlperf,308,23,23,1.0
tile:xla,train,inference_mlperf_ssd_1200_batch_1_-23a227d57a322124,mlperf,440,5,4,0.8
tile:xla,train,inference_mlperf_ssd_1200_batch_1_-23abd20acae8108,mlperf,44,2,1,0.5
tile:xla,train,inference_mlperf_ssd_1200_batch_1_-2483f6fd9009577e,mlperf,1444,16,15,0.9375
tile:xla,train,inference_mlperf_ssd_1200_batch_1_-25c339cb56ee2b1a,mlperf,20,2,1,0.5
tile:xla,train,inference_mlperf_ssd_1200_batch_1_-2beb6763d8f37360,mlperf,190,37,38,1.027027027027027
tile:xla,train,inference_mlperf_ssd_1200_batch_1_-2ec669b52e292d07,mlperf,1270,17,17,1.0
tile:xla,train,inference_mlperf_ssd_1200_batch_1_-31319b7b4f376e1f,mlperf,48,2,1,0.5
tile:xla,train,inference_mlperf_ssd_1200_batch_1_-315f70ad553365ef,mlperf,6712,54,57,1.0555555555555556
tile:xla,train,inference_mlperf_ssd_1200_batch_1_-3a4d728752d1185e,mlperf,820,24,23,0.9583333333333334
tile:xla,train,inference_mlperf_ssd_1200_batch_1_-3c72666fae76f424,mlperf,20,2,1,0.5
tile:xla,train,inference_mlperf_ssd_1200_batch_1_-41c6a63a385f5d8a,mlperf,2174,17,16,0.9411764705882353
tile:xla,train,inference_mlperf_ssd_1200_batch_1_-45b7e94c20c45fe1,mlperf,12,2,1,0.5
tile:xla,train,inference_mlperf_ssd_1200_batch_1_-4878b894c498c3fb,mlperf,13016,54,57,1.0555555555555556
tile:xla,train,inference_mlperf_ssd_1200_batch_1_-4ceb562b76b7c645,mlperf,8,2,1,0.5
tile:xla,train,inference_mlperf_ssd_1200_batch_1_-535e8e5ab431c5b2,mlperf,1444,17,17,1.0
tile:xla,train,inference_mlperf_ssd_1200_batch_1_-5a721351ef6fd0b4,mlperf,44,2,1,0.5
tile:xla,train,inference_mlperf_ssd_1200_batch_1_-613c4a3b4b8cca14,mlperf,500,2,1,0.5
tile:xla,train,inference_mlperf_ssd_1200_batch_1_-621213cdd10e7ecd,mlperf,2422,16,15,0.9375
tile:xla,train,inference_mlperf_ssd_1200_batch_1_-6252bbb47c6adb,mlperf,776,16,15,0.9375
tile:xla,train,inference_mlperf_ssd_1200_batch_1_-63cb30dc17c772d0,mlperf,1286,2,1,0.5
tile:xla,train,inference_mlperf_ssd_1200_batch_1_-6581751403d48e0e,mlperf,400,10,9,0.9
tile:xla,train,inference_mlperf_ssd_1200_batch_1_-66295e016fb2edd5,mlperf,6984,17,16,0.9411764705882353
tile:xla,train,inference_mlperf_ssd_1200_batch_1_-6697dccdcce7b7a2,mlperf,764,12,11,0.9166666666666666
tile:xla,train,inference_mlperf_ssd_1200_batch_1_-696cf8fd9d5dc492,mlperf,88,6,6,1.0
tile:xla,train,inference_mlperf_ssd_1200_batch_1_-6a918561a90c7ee7,mlperf,48,2,1,0.5
tile:xla,train,inference_mlperf_ssd_1200_batch_1_-6c69607d248343a7,mlperf,16,2,1,0.5
tile:xla,train,inference_mlperf_ssd_1200_batch_1_-73dc1dda835c380d,mlperf,3380,54,57,1.0555555555555556
tile:xla,train,inference_mlperf_ssd_1200_batch_1_-755c6299d517d938,mlperf,6554,56,59,1.0535714285714286
tile:xla,train,inference_mlperf_ssd_1200_batch_1_-772965bd6b9f64fa,mlperf,12,2,1,0.5
tile:xla,train,inference_mlperf_ssd_1200_batch_1_-779cfd4602d4c2ef,mlperf,776,10,9,0.9
tile:xla,train,inference_mlperf_ssd_1200_batch_1_-78e08a86d49bf518,mlperf,1230,24,24,1.0
tile:xla,train,inference_mlperf_ssd_1200_batch_1_-79d2b97bbee23864,mlperf,1456,17,17,1.0
tile:xla,train,inference_mlperf_ssd_1200_batch_1_-8a8691d591870a5,mlperf,344,18,17,0.9444444444444444
tile:xla,train,inference_mlperf_ssd_1200_batch_1_-9b301ddf887e73c,mlperf,28,2,1,0.5
tile:xla,train,inference_mlperf_ssd_1200_batch_1_-a06e4d46ca6a6fb,mlperf,3166,54,57,1.0555555555555556
tile:xla,train,inference_mlperf_ssd_1200_batch_1_-ecf3bb52dca6166,mlperf,12500,33,34,1.0303030303030303
tile:xla,train,inference_mlperf_ssd_1200_batch_1_137a780fad13979a,mlperf,3338,52,54,1.0384615384615385
tile:xla,train,inference_mlperf_ssd_1200_batch_1_15cc58b6c3b26d73,mlperf,168,2,1,0.5
tile:xla,train,inference_mlperf_ssd_1200_batch_1_1e82ef39486edeef,mlperf,5114,47,50,1.0638297872340425
tile:xla,train,inference_mlperf_ssd_1200_batch_1_1f73a48ae1609647,mlperf,3338,56,59,1.0535714285714286
tile:xla,train,inference_mlperf_ssd_1200_batch_1_255e11aeecb82fd2,mlperf,12760,62,64,1.032258064516129
tile:xla,train,inference_mlperf_ssd_1200_batch_1_2a66c12eb238bd25,mlperf,8,2,1,0.5
tile:xla,train,inference_mlperf_ssd_1200_batch_1_33e75887b19c4bd6,mlperf,3338,62,64,1.032258064516129
tile:xla,train,inference_mlperf_ssd_1200_batch_1_352d55379b70a004,mlperf,428,5,4,0.8
tile:xla,train,inference_mlperf_ssd_1200_batch_1_3a2cb8346ef1276b,mlperf,344,18,17,0.9444444444444444
tile:xla,train,inference_mlperf_ssd_1200_batch_1_3aa6418d3928dcd0,mlperf,12758,56,59,1.0535714285714286
tile:xla,train,inference_mlperf_ssd_1200_batch_1_47d6bb1616594006,mlperf,1098,2,1,0.5
tile:xla,train,inference_mlperf_ssd_1200_batch_1_55c5ad6044c945bc,mlperf,6656,54,57,1.0555555555555556
tile:xla,train,inference_mlperf_ssd_1200_batch_1_577062f516131a83,mlperf,272,14,13,0.9285714285714286
tile:xla,train,inference_mlperf_ssd_1200_batch_1_5a37c89cef67b486,mlperf,1444,17,17,1.0
tile:xla,train,inference_mlperf_ssd_1200_batch_1_5f4e2292ae24ffd7,mlperf,148,2,1,0.5
tile:xla,train,inference_mlperf_ssd_1200_batch_1_668f46954843aa78,mlperf,32,2,1,0.5
tile:xla,train,inference_mlperf_ssd_1200_batch_1_6a1fa4dd07b8f24f,mlperf,148,2,1,0.5
tile:xla,train,inference_mlperf_ssd_1200_batch_1_6a6e92be94f3ffdc,mlperf,10128,23,23,1.0
tile:xla,train,inference_mlperf_ssd_1200_batch_1_6d5f32820631e565,mlperf,620,17,17,1.0
tile:xla,train,inference_mlperf_ssd_1200_batch_1_6f9f687cdbe1df9d,mlperf,376,12,11,0.9166666666666666
tile:xla,train,inference_mlperf_ssd_1200_batch_1_7206645719e701a4,mlperf,12760,52,54,1.0384615384615385
tile:xla,train,inference_mlperf_ssd_1200_batch_1_73b5a569ea7d7118,mlperf,560,42,44,1.0476190476190477
tile:xla,train,inference_mlperf_ssd_1200_batch_1_df1a5fb4f3ff539,mlperf,808,10,9,0.9
tile:xla,train,inference_mlperf_ssd_1200_batch_2_-10c524923b1ae4b2,mlperf,8,2,1,0.5
tile:xla,train,inference_mlperf_ssd_1200_batch_2_-12cf7bdc4b230d01,mlperf,18512,12,11,0.9166666666666666
tile:xla,train,inference_mlperf_ssd_1200_batch_2_-1622f08634014594,mlperf,212,2,1,0.5
tile:xla,train,inference_mlperf_ssd_1200_batch_2_-16f1e7087edb70d5,mlperf,19991,52,51,0.9807692307692307
tile:xla,train,inference_mlperf_ssd_1200_batch_2_-1cac25f8544a83d7,mlperf,4162,16,15,0.9375
tile:xla,train,inference_mlperf_ssd_1200_batch_2_-1d6223c288b4f40a,mlperf,2088,12,11,0.9166666666666666
tile:xla,train,inference_mlperf_ssd_1200_batch_2_-1e4ec86bde6e4db0,mlperf,18504,17,16,0.9411764705882353
tile:xla,train,inference_mlperf_ssd_1200_batch_2_-26288c5451ba7880,mlperf,15988,25,24,0.96
tile:xla,train,inference_mlperf_ssd_1200_batch_2_-2ac1a61be2c35982,mlperf,11316,17,16,0.9411764705882353
tile:xla,train,inference_mlperf_ssd_1200_batch_2_-2b3914e247c104bf,mlperf,20,2,1,0.5
tile:xla,train,inference_mlperf_ssd_1200_batch_2_-33a2e676e83db101,mlperf,8886,50,50,1.0
tile:xla,train,inference_mlperf_ssd_1200_batch_2_-38ad7df18eb68f47,mlperf,16,2,1,0.5
tile:xla,train,inference_mlperf_ssd_1200_batch_2_-404f25af90ee6443,mlperf,2720,17,16,0.9411764705882353
tile:xla,train,inference_mlperf_ssd_1200_batch_2_-408584992667d16a,mlperf,148,2,1,0.5
tile:xla,train,inference_mlperf_ssd_1200_batch_2_-4d3a486ac9627d6b,mlperf,15440,50,50,1.0
tile:xla,train,inference_mlperf_ssd_1200_batch_2_-542bb9f62af0a3c3,mlperf,32,2,1,0.5
tile:xla,train,inference_mlperf_ssd_1200_batch_2_-6b1175d2780e1662,mlperf,920,36,35,0.9722222222222222
tile:xla,train,inference_mlperf_ssd_1200_batch_2_-6b3a11d0433d86c7,mlperf,522,14,13,0.9285714285714286
tile:xla,train,inference_mlperf_ssd_1200_batch_2_-74134f6ed363e00d,mlperf,2650,16,15,0.9375
tile:xla,train,inference_mlperf_ssd_1200_batch_2_-77363caa5651e65d,mlperf,1586,23,22,0.9565217391304348
tile:xla,train,inference_mlperf_ssd_1200_batch_2_-7a1bdd3d6b4a1c57,mlperf,7448,17,16,0.9411764705882353
tile:xla,train,inference_mlperf_ssd_1200_batch_2_-7f366482c5ceb7e8,mlperf,19518,36,35,0.9722222222222222
tile:xla,train,inference_mlperf_ssd_1200_batch_2_-d1217435dd7a9bf,mlperf,8,2,1,0.5
tile:xla,train,inference_mlperf_ssd_1200_batch_2_13bb697bc76e89d0,mlperf,1022,12,11,0.9166666666666666
tile:xla,train,inference_mlperf_ssd_1200_batch_2_14ade78bf17f76fb,mlperf,9500,38,37,0.9736842105263158
tile:xla,train,inference_mlperf_ssd_1200_batch_2_1ecb473ddbd7aab2,mlperf,8958,25,24,0.96
tile:xla,train,inference_mlperf_ssd_1200_batch_2_2060f87a63e9958c,mlperf,992,17,16,0.9411764705882353
tile:xla,train,inference_mlperf_ssd_1200_batch_2_3cf5f4e4633dc9c9,mlperf,12350,36,35,0.9722222222222222
tile:xla,train,inference_mlperf_ssd_1200_batch_2_4521deefce074325,mlperf,6454,16,15,0.9375
tile:xla,train,inference_mlperf_ssd_1200_batch_2_460956e760db3c89,mlperf,12,2,1,0.5
tile:xla,train,inference_mlperf_ssd_1200_batch_2_48ce7da6ebbac4f1,mlperf,12,2,1,0.5
tile:xla,train,inference_mlperf_ssd_1200_batch_2_49ebb44486d6bdfd,mlperf,24,2,1,0.5
tile:xla,train,inference_mlperf_ssd_1200_batch_2_4bd2dc7ae607013e,mlperf,108,56,67,1.1964285714285714
tile:xla,train,inference_mlperf_ssd_1200_batch_2_55ce74727dd903fc,mlperf,12,2,1,0.5
tile:xla,train,inference_mlperf_ssd_1200_batch_2_5920a0bce7dbb276,mlperf,522,9,8,0.8888888888888888
tile:xla,train,inference_mlperf_ssd_1200_batch_2_59b8db473bfb9ed8,mlperf,992,17,16,0.9411764705882353
tile:xla,train,inference_mlperf_ssd_1200_batch_2_697162343d6a14ba,mlperf,48,2,1,0.5
tile:xla,train,inference_mlperf_ssd_1200_batch_2_6bb03f003752f795,mlperf,8,2,1,0.5
tile:xla,train,inference_mlperf_ssd_1200_batch_2_6cd066056ec19afb,mlperf,19990,42,41,0.9761904761904762
tile:xla,train,inference_mlperf_ssd_1200_batch_2_6e601bb873dc991,mlperf,2238,36,35,0.9722222222222222
tile:xla,train,inference_mlperf_ssd_1200_batch_2_72ad829bf07ac143,mlperf,19989,12,11,0.9166666666666666
tile:xla,train,inference_mlperf_ssd_1200_batch_2_7ab94d5c2fd196e6,mlperf,108,56,57,1.0178571428571428
tile:xla,train,magenta_-268865520ab49c15,magenta,20,2,1,0.5
tile:xla,train,magenta_-540833f9776978b6,magenta,86,44,43,0.9772727272727273
tile:xla,train,magenta_-5830cc5d1db92ac,magenta,14,2,1,0.5
tile:xla,train,magenta_-65dfd6d86c570794,magenta,86,51,51,1.0
tile:xla,train,magenta_361c782024b10768,magenta,14,2,1,0.5
tile:xla,train,magenta_3b3be842dddb8aa9,magenta,86,49,54,1.1020408163265305
tile:xla,train,magenta_899f390285e47b,magenta,143,2,1,0.5
tile:xla,train,magenta_dynamic_-1624fe690b64bf8,magenta,86,22,22,1.0
tile:xla,train,magenta_dynamic_-35cfefd9be2d850e,magenta,74,2,1,0.5
tile:xla,train,magenta_dynamic_-40110305d7fb45c9,magenta,86,51,51,1.0
tile:xla,train,magenta_dynamic_-44523d6e772acede,magenta,20,2,1,0.5
tile:xla,train,magenta_dynamic_-448ee1cf8a949c08,magenta,6,2,1,0.5
tile:xla,train,magenta_dynamic_-45f697d767dbc904,magenta,86,49,54,1.1020408163265305
tile:xla,train,magenta_dynamic_-4dfe2358a6a12ef0,magenta,74,2,1,0.5
tile:xla,train,magenta_dynamic_-7eae0d8a2d63400d,magenta,86,44,43,0.9772727272727273
tile:xla,train,magenta_dynamic_48614a5eb79212ec,magenta,6,2,1,0.5
tile:xla,train,magenta_dynamic_537d3249c577b6ed,magenta,16,2,1,0.5
tile:xla,train,magenta_dynamic_7c9492c33fc18ce9,magenta,74,2,1,0.5
tile:xla,train,mask_rcnn_batch_16_bf16_img1024_-1ed56b61011cffa0,mask_rcnn,9996,18,18,1.0
tile:xla,train,mask_rcnn_batch_16_bf16_img1024_-28e9655e306fe712,mask_rcnn,234,18,19,1.0555555555555556
tile:xla,train,mask_rcnn_batch_16_bf16_img1024_-2b99d67c57207c,mask_rcnn,9995,19,18,0.9473684210526315
tile:xla,train,mask_rcnn_batch_16_bf16_img1024_-2d75362b7f68d387,mask_rcnn,318,19,18,0.9473684210526315
tile:xla,train,mask_rcnn_batch_16_bf16_img1024_-43b48033c6a4563a,mask_rcnn,8632,2,1,0.5
tile:xla,train,mask_rcnn_batch_16_bf16_img1024_-60543790c182b2e1,mask_rcnn,9733,35,36,1.0285714285714285
tile:xla,train,mask_rcnn_batch_16_bf16_img1024_-62dfb04d2507bef7,mask_rcnn,456,2,1,0.5
tile:xla,train,mask_rcnn_batch_16_bf16_img1024_-6cc86fa6743847c5,mask_rcnn,9905,35,36,1.0285714285714285
tile:xla,train,mask_rcnn_batch_16_bf16_img1024_-7303ce8d93e06ab8,mask_rcnn,7960,35,36,1.0285714285714285
tile:xla,train,mask_rcnn_batch_16_bf16_img1024_-73390d692bd6fb98,mask_rcnn,9867,12,11,0.9166666666666666
tile:xla,train,mask_rcnn_batch_16_bf16_img1024_-7f2e08c207804f6f,mask_rcnn,9991,12,11,0.9166666666666666
tile:xla,train,mask_rcnn_batch_16_bf16_img1024_2423d58909f50b8c,mask_rcnn,9995,27,27,1.0
tile:xla,train,mask_rcnn_batch_16_bf16_img1024_2456f7b661ea9e3a,mask_rcnn,9992,19,18,0.9473684210526315
tile:xla,train,mask_rcnn_batch_16_bf16_img1024_26cf4cbc7c8555ab,mask_rcnn,8137,18,17,0.9444444444444444
tile:xla,train,mask_rcnn_batch_16_bf16_img1024_271ada2e3a1a5b11,mask_rcnn,4997,12,11,0.9166666666666666
tile:xla,train,mask_rcnn_batch_16_bf16_img1024_2dc8f8aba3847803,mask_rcnn,235,60,63,1.05
tile:xla,train,mask_rcnn_batch_16_bf16_img1024_3464373deae8f14d,mask_rcnn,2998,19,18,0.9473684210526315
tile:xla,train,mask_rcnn_batch_16_bf16_img1024_347751b2f87b7e92,mask_rcnn,7456,18,17,0.9444444444444444
tile:xla,train,mask_rcnn_batch_16_bf16_img1024_348eb700361e5c4d,mask_rcnn,5409,2,1,0.5
tile:xla,train,mask_rcnn_batch_16_bf16_img1024_34faf4b52e4d143f,mask_rcnn,2750,2,1,0.5
tile:xla,train,mask_rcnn_batch_16_bf16_img1024_363ac0a291521c4c,mask_rcnn,1352,12,14,1.1666666666666667
tile:xla,train,mask_rcnn_batch_16_bf16_img1024_369695e777fc14d7,mask_rcnn,9994,21,21,1.0
tile:xla,train,mask_rcnn_batch_16_bf16_img1024_3ca6fb847cb036a8,mask_rcnn,336,20,19,0.95
tile:xla,train,mask_rcnn_batch_16_bf16_img1024_3ea9b44a512eb51e,mask_rcnn,235,12,11,0.9166666666666666
tile:xla,train,mask_rcnn_batch_16_bf16_img1024_62f2e4298eb51f5f,mask_rcnn,2544,2,1,0.5
tile:xla,train,mask_rcnn_batch_16_bf16_img1024_76a02fde480cbd0b,mask_rcnn,1325,12,11,0.9166666666666666
tile:xla,train,mask_rcnn_batch_16_bf16_img1024_7e0d571c3c8bb3c7,mask_rcnn,5995,19,18,0.9473684210526315
tile:xla,train,mask_rcnn_batch_16_bf16_img1024_7e575cc8162f6492,mask_rcnn,5998,31,31,1.0
tile:xla,train,mask_rcnn_batch_4_bf16_img1408_-1b15ea13f965df9c,mask_rcnn,9996,21,21,1.0
tile:xla,train,mask_rcnn_batch_4_bf16_img1408_-21da027a35b88c91,mask_rcnn,483,11,10,0.9090909090909091
tile:xla,train,mask_rcnn_batch_4_bf16_img1408_-243387396c2ee579,mask_rcnn,8371,2,1,0.5
tile:xla,train,mask_rcnn_batch_4_bf16_img1408_-28db091202cb3b76,mask_rcnn,9997,27,27,1.0
tile:xla,train,mask_rcnn_batch_4_bf16_img1408_-2cf91eaf7bf0e2e0,mask_rcnn,100,60,63,1.05
tile:xla,train,mask_rcnn_batch_4_bf16_img1408_-3ce134d0ea021d75,mask_rcnn,9715,50,55,1.1
tile:xla,train,mask_rcnn_batch_4_bf16_img1408_-5ed627f41d1ef484,mask_rcnn,9533,50,55,1.1
tile:xla,train,mask_rcnn_batch_4_bf16_img1408_-5f25cafcd1e46af5,mask_rcnn,100,12,11,0.9166666666666666
tile:xla,train,mask_rcnn_batch_4_bf16_img1408_-614abb530197bc86,mask_rcnn,9882,50,55,1.1
tile:xla,train,mask_rcnn_batch_4_bf16_img1408_-665e673aeea78932,mask_rcnn,1692,68,67,0.9852941176470589
tile:xla,train,mask_rcnn_batch_4_bf16_img1408_-68dbc521cb945475,mask_rcnn,9998,12,11,0.9166666666666666
tile:xla,train,mask_rcnn_batch_4_bf16_img1408_150e6919a6065aaa,mask_rcnn,946,11,10,0.9090909090909091
tile:xla,train,mask_rcnn_batch_4_bf16_img1408_1ddad506e4976803,mask_rcnn,9995,12,11,0.9166666666666666
tile:xla,train,mask_rcnn_batch_4_bf16_img1408_1df6f30f742af24f,mask_rcnn,9995,19,18,0.9473684210526315
tile:xla,train,mask_rcnn_batch_4_bf16_img1408_22faee66ba424e39,mask_rcnn,9995,18,18,1.0
tile:xla,train,mask_rcnn_batch_4_bf16_img1408_23842ccfc87fbc04,mask_rcnn,8220,17,16,0.9411764705882353
tile:xla,train,mask_rcnn_batch_4_bf16_img1408_24764601f05b277c,mask_rcnn,9960,17,16,0.9411764705882353
tile:xla,train,mask_rcnn_batch_4_bf16_img1408_275ad238cbe7712f,mask_rcnn,9994,19,18,0.9473684210526315
tile:xla,train,mask_rcnn_batch_4_bf16_img1408_2fa2002d7c6ae709,mask_rcnn,1457,38,37,0.9736842105263158
tile:xla,train,mask_rcnn_batch_4_bf16_img1408_3e7ad40944c6aa6b,mask_rcnn,1982,27,28,1.037037037037037
tile:xla,train,mask_rcnn_batch_4_bf16_img1408_462aa3b1e37d4fad,mask_rcnn,1402,11,10,0.9090909090909091
tile:xla,train,mask_rcnn_batch_4_bf16_img1408_58939931c2596b7,mask_rcnn,4023,19,18,0.9473684210526315
tile:xla,train,mask_rcnn_batch_4_bf16_img1408_5c7a413c31475c77,mask_rcnn,2076,12,14,1.1666666666666667
tile:xla,train,mask_rcnn_batch_4_bf16_img1408_636d9e18b03ecd84,mask_rcnn,718,11,10,0.9090909090909091
tile:xla,train,mask_rcnn_batch_4_bf16_img1408_6f076fabe640dad,mask_rcnn,5568,2,1,0.5
tile:xla,train,mlperf_maskrcnn_1_shard_batch_4_-2420677f7cc9fc73,mlperf,946,19,18,0.9473684210526315
tile:xla,train,mlperf_maskrcnn_1_shard_batch_4_-336db2223c362827,mlperf,1050,19,18,0.9473684210526315
tile:xla,train,mlperf_maskrcnn_1_shard_batch_4_-38fbabc4542bda79,mlperf,466,19,18,0.9473684210526315
tile:xla,train,mlperf_maskrcnn_1_shard_batch_4_-395c7bcb008f6bf3,mlperf,872,19,18,0.9473684210526315
tile:xla,train,mlperf_maskrcnn_1_shard_batch_4_-d04e7b2522a702c,mlperf,9555,21,20,0.9523809523809523
tile:xla,train,mlperf_maskrcnn_1_shard_batch_4_1adb5dd73b1f2b76,mlperf,8169,21,20,0.9523809523809523
tile:xla,train,mlperf_maskrcnn_1_shard_batch_4_1e95652e84cd2560,mlperf,145,12,11,0.9166666666666666
tile:xla,train,mlperf_maskrcnn_1_shard_batch_4_2087aacd488ba0aa,mlperf,7745,13,12,0.9230769230769231
tile:xla,train,mlperf_maskrcnn_1_shard_batch_4_2470902a217f386,mlperf,6592,13,12,0.9230769230769231
tile:xla,train,mlperf_maskrcnn_1_shard_batch_4_38ec49eb1354ff08,mlperf,9555,21,20,0.9523809523809523
tile:xla,train,mlperf_maskrcnn_1_shard_batch_4_3c381e269e375411,mlperf,6110,13,12,0.9230769230769231
tile:xla,train,mlperf_maskrcnn_1_shard_batch_4_3c9f70b1b50b0b9d,mlperf,8169,21,20,0.9523809523809523
tile:xla,train,mlperf_maskrcnn_1_shard_batch_4_4e859bff26d873fd,mlperf,145,18,19,1.0555555555555556
tile:xla,train,mlperf_maskrcnn_1_shard_batch_4_50eaa44a26b9b604,mlperf,3376,13,12,0.9230769230769231
tile:xla,train,mlperf_maskrcnn_1_shard_batch_4_5b91ad6a47c174a6,mlperf,7173,13,12,0.9230769230769231
tile:xla,train,mlperf_maskrcnn_1_shard_batch_4_5d5ea7cdd7184dee,mlperf,3549,13,12,0.9230769230769231
tile:xla,train,mlperf_maskrcnn_1_shard_batch_4_787d8ff5139e8de3,mlperf,145,60,63,1.05
tile:xla,train,mlperf_maskrcnn_batch_2_-1283c4198a10b6fb,mlperf,889,19,18,0.9473684210526315
tile:xla,train,mlperf_maskrcnn_batch_2_-18c2c44102113665,mlperf,8209,20,19,0.95
tile:xla,train,mlperf_maskrcnn_batch_2_-195958c5a2b12a9d,mlperf,3150,27,27,1.0
tile:xla,train,mlperf_maskrcnn_batch_2_-1db25f818f3edc03,mlperf,381,19,18,0.9473684210526315
tile:xla,train,mlperf_maskrcnn_batch_2_-2ae5ac58705becbf,mlperf,4429,13,12,0.9230769230769231
tile:xla,train,mlperf_maskrcnn_batch_2_-2cf91eaf7bf0e2e0,mlperf,100,60,63,1.05
tile:xla,train,mlperf_maskrcnn_batch_2_-50508112997be280,mlperf,9992,25,24,0.96
tile:xla,train,mlperf_maskrcnn_batch_2_-558400b5743e2e20,mlperf,1565,19,18,0.9473684210526315
tile:xla,train,mlperf_maskrcnn_batch_2_-5f25cafcd1e46af5,mlperf,100,12,11,0.9166666666666666
tile:xla,train,mlperf_maskrcnn_batch_2_-6336da92f0af96ae,mlperf,9991,25,24,0.96
tile:xla,train,mlperf_maskrcnn_batch_2_-6da80d8d771af238,mlperf,438,12,11,0.9166666666666666
tile:xla,train,mlperf_maskrcnn_batch_2_-7ed43921e25ef8dd,mlperf,9931,20,19,0.95
tile:xla,train,mlperf_maskrcnn_batch_2_-afaf9b7932de2b3,mlperf,6488,13,12,0.9230769230769231
tile:xla,train,mlperf_maskrcnn_batch_2_-de19f9438c31416,mlperf,5596,13,12,0.9230769230769231
tile:xla,train,mlperf_maskrcnn_batch_2_144030201467bf4,mlperf,9931,20,19,0.95
tile:xla,train,mlperf_maskrcnn_batch_2_17bc982df92733de,mlperf,1120,19,18,0.9473684210526315
tile:xla,train,mlperf_maskrcnn_batch_2_245931e76737fe63,mlperf,4996,12,11,0.9166666666666666
tile:xla,train,mlperf_maskrcnn_batch_2_308f78014f517e62,mlperf,1998,12,11,0.9166666666666666
tile:xla,train,mlperf_maskrcnn_batch_2_38db07ca793e5fd1,mlperf,2946,27,27,1.0
tile:xla,train,mlperf_maskrcnn_batch_2_3ab0a66723dfc0fa,mlperf,2719,13,12,0.9230769230769231
tile:xla,train,mlperf_maskrcnn_batch_2_47c8dede9be11d67,mlperf,6095,13,12,0.9230769230769231
tile:xla,train,mlperf_maskrcnn_batch_2_47d85221673a2276,mlperf,5551,13,12,0.9230769230769231
tile:xla,train,mlperf_maskrcnn_batch_2_531ca6f43e3cfcec,mlperf,7994,12,11,0.9166666666666666
tile:xla,train,mlperf_maskrcnn_batch_2_5b67bf17c64ed7ed,mlperf,8209,20,19,0.95
tile:xla,train,mlperf_maskrcnn_batch_2_5bb62a1f92525937,mlperf,6118,13,12,0.9230769230769231
tile:xla,train,mlperf_maskrcnn_batch_2_7cfa5699c6bd05d,mlperf,777,19,18,0.9473684210526315
tile:xla,train,mlperf_maskrcnn_batch_2_7e4d33b2b3af2a2e,mlperf,731,19,18,0.9473684210526315
tile:xla,train,mlperf_maskrcnn_batch_2_d0e7338cfbc9a76,mlperf,5212,13,12,0.9230769230769231
tile:xla,train,mlperf_maskrcnn_batch_4_-2420677f7cc9fc73,mlperf,1135,19,18,0.9473684210526315
tile:xla,train,mlperf_maskrcnn_batch_4_-336db2223c362827,mlperf,1050,19,18,0.9473684210526315
tile:xla,train,mlperf_maskrcnn_batch_4_-33f18fc1fee0a2ca,mlperf,9931,21,20,0.9523809523809523
tile:xla,train,mlperf_maskrcnn_batch_4_-38fbabc4542bda79,mlperf,559,19,18,0.9473684210526315
tile:xla,train,mlperf_maskrcnn_batch_4_-395c7bcb008f6bf3,mlperf,872,19,18,0.9473684210526315
tile:xla,train,mlperf_maskrcnn_batch_4_-4596b02330ebe46b,mlperf,8208,21,20,0.9523809523809523
tile:xla,train,mlperf_maskrcnn_batch_4_1e95652e84cd2560,mlperf,145,12,11,0.9166666666666666
tile:xla,train,mlperf_maskrcnn_batch_4_1ee6df751cdfdf4f,mlperf,8208,21,20,0.9523809523809523
tile:xla,train,mlperf_maskrcnn_batch_4_2087aacd488ba0aa,mlperf,7745,13,12,0.9230769230769231
tile:xla,train,mlperf_maskrcnn_batch_4_2470902a217f386,mlperf,6592,13,12,0.9230769230769231
tile:xla,train,mlperf_maskrcnn_batch_4_3c381e269e375411,mlperf,6110,13,12,0.9230769230769231
tile:xla,train,mlperf_maskrcnn_batch_4_4e859bff26d873fd,mlperf,145,18,19,1.0555555555555556
tile:xla,train,mlperf_maskrcnn_batch_4_4f7fe3b455535fab,mlperf,9931,21,20,0.9523809523809523
tile:xla,train,mlperf_maskrcnn_batch_4_50eaa44a26b9b604,mlperf,4051,13,12,0.9230769230769231
tile:xla,train,mlperf_maskrcnn_batch_4_5b91ad6a47c174a6,mlperf,7173,13,12,0.9230769230769231
tile:xla,train,mlperf_maskrcnn_batch_4_5d5ea7cdd7184dee,mlperf,3549,13,12,0.9230769230769231
tile:xla,train,mlperf_maskrcnn_batch_4_787d8ff5139e8de3,mlperf,145,60,63,1.05
tile:xla,train,mlperf_nmt_1_shard_batch_64_-1024cd4969d184fc,mlperf,236,38,42,1.105263157894737
tile:xla,train,mlperf_nmt_1_shard_batch_64_-10fe39043c68c81f,mlperf,234,14,14,1.0
tile:xla,train,mlperf_nmt_1_shard_batch_64_-11114b706102a9d5,mlperf,3143,20,19,0.95
tile:xla,train,mlperf_nmt_1_shard_batch_64_-127c8de04aba648f,mlperf,3660,19,19,1.0
tile:xla,train,mlperf_nmt_1_shard_batch_64_-1374ee8289af728f,mlperf,75,21,20,0.9523809523809523
tile:xla,train,mlperf_nmt_1_shard_batch_64_-163f4a00c0445672,mlperf,3552,36,37,1.0277777777777777
tile:xla,train,mlperf_nmt_1_shard_batch_64_-17f5b21d3bf485,mlperf,235,10,9,0.9
tile:xla,train,mlperf_nmt_1_shard_batch_64_-185d2f4beab8e123,mlperf,4088,19,19,1.0
tile:xla,train,mlperf_nmt_1_shard_batch_64_-1878fac93d3a0b07,mlperf,1939,16,15,0.9375
tile:xla,train,mlperf_nmt_1_shard_batch_64_-1b6f070c978d82c5,mlperf,260,7,6,0.8571428571428571
tile:xla,train,mlperf_nmt_1_shard_batch_64_-1e487a9f43fd1202,mlperf,242,10,10,1.0
tile:xla,train,mlperf_nmt_1_shard_batch_64_-1f66331107979aef,mlperf,70,21,20,0.9523809523809523
tile:xla,train,mlperf_nmt_1_shard_batch_64_-1fbe7814b78376f4,mlperf,2665,16,15,0.9375
tile:xla,train,mlperf_nmt_1_shard_batch_64_-2209d705d432e065,mlperf,1006,13,12,0.9230769230769231
tile:xla,train,mlperf_nmt_1_shard_batch_64_-22e8346260808bbb,mlperf,3057,36,37,1.0277777777777777
tile:xla,train,mlperf_nmt_1_shard_batch_64_-23d3d4e09f2fe897,mlperf,3629,20,19,0.95
tile:xla,train,mlperf_nmt_1_shard_batch_64_-25dcedf08d011619,mlperf,309,42,47,1.119047619047619
tile:xla,train,mlperf_nmt_1_shard_batch_64_-287a9b358c99d55c,mlperf,3062,31,32,1.032258064516129
tile:xla,train,mlperf_nmt_1_shard_batch_64_-288d703ab3fde091,mlperf,284,6,6,1.0
tile:xla,train,mlperf_nmt_1_shard_batch_64_-28bf837a24e634f3,mlperf,260,12,11,0.9166666666666666
tile:xla,train,mlperf_nmt_1_shard_batch_64_-2932d52acceba2f7,mlperf,235,7,6,0.8571428571428571
tile:xla,train,mlperf_nmt_1_shard_batch_64_-2ba8546ca30272c4,mlperf,394,11,10,0.9090909090909091
tile:xla,train,mlperf_nmt_1_shard_batch_64_-2d1d1b50212c1fd3,mlperf,2549,35,35,1.0
tile:xla,train,mlperf_nmt_1_shard_batch_64_-2d2b057afb50811e,mlperf,270,29,31,1.0689655172413792
tile:xla,train,mlperf_nmt_1_shard_batch_64_-2d518446041f67ae,mlperf,2556,31,32,1.032258064516129
tile:xla,train,mlperf_nmt_1_shard_batch_64_-2d6b3f10ac842ff1,mlperf,335,39,43,1.1025641025641026
tile:xla,train,mlperf_nmt_1_shard_batch_64_-2efcb9f91c5a0941,mlperf,309,6,6,1.0
tile:xla,train,mlperf_nmt_1_shard_batch_64_-2efdc883c433322f,mlperf,464,11,10,0.9090909090909091
tile:xla,train,mlperf_nmt_1_shard_batch_64_-312fd0df7fbbc7ce,mlperf,1308,20,20,1.0
tile:xla,train,mlperf_nmt_1_shard_batch_64_-31e6173414322d71,mlperf,210,15,15,1.0
tile:xla,train,mlperf_nmt_1_shard_batch_64_-34ab7eb4c2b72d87,mlperf,1708,20,20,1.0
tile:xla,train,mlperf_nmt_1_shard_batch_64_-34af205266fabc92,mlperf,3571,31,32,1.032258064516129
tile:xla,train,mlperf_nmt_1_shard_batch_64_-35f53209addf7ad5,mlperf,2720,19,18,0.9473684210526315
tile:xla,train,mlperf_nmt_1_shard_batch_64_-36cad5f46dd33aa4,mlperf,1708,20,20,1.0
tile:xla,train,mlperf_nmt_1_shard_batch_64_-36cb86657a928b19,mlperf,2178,13,12,0.9230769230769231
tile:xla,train,mlperf_nmt_1_shard_batch_64_-3711acaf37cfccd9,mlperf,3000,13,12,0.9230769230769231
tile:xla,train,mlperf_nmt_1_shard_batch_64_-38a2d4ba40e7849e,mlperf,334,15,15,1.0
tile:xla,train,mlperf_nmt_1_shard_batch_64_-397a14634f3ee8c1,mlperf,2123,19,18,0.9473684210526315
tile:xla,train,mlperf_nmt_1_shard_batch_64_-3994135c81ff0b85,mlperf,309,10,9,0.9
tile:xla,train,mlperf_nmt_1_shard_batch_64_-3d7ab94ee42f62ca,mlperf,2046,20,20,1.0
tile:xla,train,mlperf_nmt_1_shard_batch_64_-41baf9ea2815e295,mlperf,4337,35,35,1.0
tile:xla,train,mlperf_nmt_1_shard_batch_64_-4302a9a2204e59e5,mlperf,210,7,6,0.8571428571428571
tile:xla,train,mlperf_nmt_1_shard_batch_64_-4476eb45711487be,mlperf,285,7,6,0.8571428571428571
tile:xla,train,mlperf_nmt_1_shard_batch_64_-460b2b8295e05769,mlperf,1833,20,20,1.0
tile:xla,train,mlperf_nmt_1_shard_batch_64_-463fcf9083b828a3,mlperf,325,11,10,0.9090909090909091
tile:xla,train,mlperf_nmt_1_shard_batch_64_-467f508db6cd8d2c,mlperf,329,14,14,1.0
tile:xla,train,mlperf_nmt_1_shard_batch_64_-46aba87a04b356f,mlperf,222,10,10,1.0
tile:xla,train,mlperf_nmt_1_shard_batch_64_-47489c45e8aca3c7,mlperf,235,6,6,1.0
tile:xla,train,mlperf_nmt_1_shard_batch_64_-47e7b55862804b4f,mlperf,8,45,54,1.2
tile:xla,train,mlperf_nmt_1_shard_batch_64_-4900aa6759136469,mlperf,210,11,10,0.9090909090909091
tile:xla,train,mlperf_nmt_1_shard_batch_64_-4a6c566f4616fd46,mlperf,2802,19,19,1.0
tile:xla,train,mlperf_nmt_1_shard_batch_64_-4ce6e49e6ec3ae4a,mlperf,210,11,10,0.9090909090909091
tile:xla,train,mlperf_nmt_1_shard_batch_64_-4daef57356373b69,mlperf,2155,16,15,0.9375
tile:xla,train,mlperf_nmt_1_shard_batch_64_-501010fc35d1fc48,mlperf,269,32,34,1.0625
tile:xla,train,mlperf_nmt_1_shard_batch_64_-502aa8a89e4f4d16,mlperf,309,15,15,1.0
tile:xla,train,mlperf_nmt_1_shard_batch_64_-508fba70aa90f934,mlperf,1923,19,18,0.9473684210526315
tile:xla,train,mlperf_nmt_1_shard_batch_64_-512f4f16e0e67113,mlperf,1596,13,12,0.9230769230769231
tile:xla,train,mlperf_nmt_1_shard_batch_64_-524895d812c4a222,mlperf,2472,21,21,1.0
tile:xla,train,mlperf_nmt_1_shard_batch_64_-52a97669333afeab,mlperf,284,11,10,0.9090909090909091
tile:xla,train,mlperf_nmt_1_shard_batch_64_-532ed367570e5695,mlperf,309,11,10,0.9090909090909091
tile:xla,train,mlperf_nmt_1_shard_batch_64_-54ccc42e5daa36db,mlperf,2914,21,21,1.0
tile:xla,train,mlperf_nmt_1_shard_batch_64_-55025662b0d25a0b,mlperf,2915,16,15,0.9375
tile:xla,train,mlperf_nmt_1_shard_batch_64_-5671dd3fb0cb18e,mlperf,360,11,10,0.9090909090909091
tile:xla,train,mlperf_nmt_1_shard_batch_64_-58fbee1a2db0a22f,mlperf,2922,19,18,0.9473684210526315
tile:xla,train,mlperf_nmt_1_shard_batch_64_-5956a5afa3a291a6,mlperf,310,39,43,1.1025641025641026
tile:xla,train,mlperf_nmt_1_shard_batch_64_-59d184bd2ff82de2,mlperf,285,11,10,0.9090909090909091
tile:xla,train,mlperf_nmt_1_shard_batch_64_-5a83dc88d620f39b,mlperf,3255,19,19,1.0
tile:xla,train,mlperf_nmt_1_shard_batch_64_-5aff48a5f8427143,mlperf,1567,49,49,1.0
tile:xla,train,mlperf_nmt_1_shard_batch_64_-5bd4726306d45dc9,mlperf,55,12,11,0.9166666666666666
tile:xla,train,mlperf_nmt_1_shard_batch_64_-5c251f5527d3bfa7,mlperf,3158,16,15,0.9375
tile:xla,train,mlperf_nmt_1_shard_batch_64_-5e8c6cb0241522ae,mlperf,2579,13,12,0.9230769230769231
tile:xla,train,mlperf_nmt_1_shard_batch_64_-621fe2bdd03434d3,mlperf,3815,31,32,1.032258064516129
tile:xla,train,mlperf_nmt_1_shard_batch_64_-622bfbf0f1c758b1,mlperf,1119,49,49,1.0
tile:xla,train,mlperf_nmt_1_shard_batch_64_-62d722e6c51fd339,mlperf,234,18,19,1.0555555555555556
tile:xla,train,mlperf_nmt_1_shard_batch_64_-6402279bbe978ae0,mlperf,284,15,15,1.0
tile:xla,train,mlperf_nmt_1_shard_batch_64_-645a86299dfbf30,mlperf,259,42,47,1.119047619047619
tile:xla,train,mlperf_nmt_1_shard_batch_64_-6575b3f562e93df7,mlperf,331,18,19,1.0555555555555556
tile:xla,train,mlperf_nmt_1_shard_batch_64_-670b3b963db1e65a,mlperf,262,10,10,1.0
tile:xla,train,mlperf_nmt_1_shard_batch_64_-6813d4e70d693d89,mlperf,2831,28,28,1.0
tile:xla,train,mlperf_nmt_1_shard_batch_64_-6898069e44181d61,mlperf,1308,20,20,1.0
tile:xla,train,mlperf_nmt_1_shard_batch_64_-6a710e40e4858227,mlperf,269,32,34,1.0625
tile:xla,train,mlperf_nmt_1_shard_batch_64_-6ba0e2926c82514c,mlperf,306,18,19,1.0555555555555556
tile:xla,train,mlperf_nmt_1_shard_batch_64_-6d0d4d47dfaed469,mlperf,2026,21,21,1.0
tile:xla,train,mlperf_nmt_1_shard_batch_64_-6d58dfaa46524eb2,mlperf,235,42,47,1.119047619047619
tile:xla,train,mlperf_nmt_1_shard_batch_64_-6e530073c556138f,mlperf,2529,19,18,0.9473684210526315
tile:xla,train,mlperf_nmt_1_shard_batch_64_-6ee8e1cb3a512dd6,mlperf,2785,35,35,1.0
tile:xla,train,mlperf_nmt_1_shard_batch_64_-7007760ec4b9de5c,mlperf,2359,16,15,0.9375
tile:xla,train,mlperf_nmt_1_shard_batch_64_-70dc1cd671e99183,mlperf,235,15,15,1.0
tile:xla,train,mlperf_nmt_1_shard_batch_64_-73689892ab5a8e6,mlperf,235,39,43,1.1025641025641026
tile:xla,train,mlperf_nmt_1_shard_batch_64_-73a4bb7564efde9e,mlperf,3320,31,32,1.032258064516129
tile:xla,train,mlperf_nmt_1_shard_batch_64_-7438235a07c891d3,mlperf,335,12,11,0.9166666666666666
tile:xla,train,mlperf_nmt_1_shard_batch_64_-79c9b34c4aa461a,mlperf,260,15,15,1.0
tile:xla,train,mlperf_nmt_1_shard_batch_64_-7b7863d4a7686554,mlperf,60,12,11,0.9166666666666666
tile:xla,train,mlperf_nmt_1_shard_batch_64_-7b7fceb36a065345,mlperf,3068,28,28,1.0
tile:xla,train,mlperf_nmt_1_shard_batch_64_-7ca44859b811713e,mlperf,3556,23,23,1.0
tile:xla,train,mlperf_nmt_1_shard_batch_64_-7f780bcb2099abfe,mlperf,284,18,19,1.0555555555555556
tile:xla,train,mlperf_nmt_1_shard_batch_64_-7fa1c9aa7549b2b,mlperf,2849,23,23,1.0
tile:xla,train,mlperf_nmt_1_shard_batch_64_-80e170717975418,mlperf,284,42,47,1.119047619047619
tile:xla,train,mlperf_nmt_1_shard_batch_64_-8c47724dca28db0,mlperf,429,11,10,0.9090909090909091
tile:xla,train,mlperf_nmt_1_shard_batch_64_-9a86099e40ddeb,mlperf,2603,13,12,0.9230769230769231
tile:xla,train,mlperf_nmt_1_shard_batch_64_-b9cda6a9ca27a0a,mlperf,2772,16,15,0.9375
tile:xla,train,mlperf_nmt_1_shard_batch_64_-c3d3b15d7963aa0,mlperf,309,11,10,0.9090909090909091
tile:xla,train,mlperf_nmt_1_shard_batch_64_-c64b48d8bcb2ae6,mlperf,3408,16,15,0.9375
tile:xla,train,mlperf_nmt_1_shard_batch_64_-e0ed39b1d938cc9,mlperf,3415,28,27,0.9642857142857143
tile:xla,train,mlperf_nmt_1_shard_batch_64_-ed2dc56fcfd7590,mlperf,2818,13,12,0.9230769230769231
tile:xla,train,mlperf_nmt_1_shard_batch_64_137f88afde861b38,mlperf,235,11,10,0.9090909090909091
tile:xla,train,mlperf_nmt_1_shard_batch_64_13e5a49392ae10e5,mlperf,2323,19,18,0.9473684210526315
tile:xla,train,mlperf_nmt_1_shard_batch_64_1462cfd8af507629,mlperf,209,14,14,1.0
tile:xla,train,mlperf_nmt_1_shard_batch_64_15dd37ed4bb8157c,mlperf,2795,13,12,0.9230769230769231
tile:xla,train,mlperf_nmt_1_shard_batch_64_164f7793ef5b0753,mlperf,994,56,55,0.9821428571428571
tile:xla,train,mlperf_nmt_1_shard_batch_64_17dc6a452a0c28a8,mlperf,3982,35,35,1.0
tile:xla,train,mlperf_nmt_1_shard_batch_64_183693b73bb6fbfb,mlperf,270,29,31,1.0689655172413792
tile:xla,train,mlperf_nmt_1_shard_batch_64_184cc044e5176f7b,mlperf,1099,56,55,0.9821428571428571
tile:xla,train,mlperf_nmt_1_shard_batch_64_1927eebbedc8e6e8,mlperf,11,45,54,1.2
tile:xla,train,mlperf_nmt_1_shard_batch_64_19ecb250dba3fa4d,mlperf,174,10,10,1.0
tile:xla,train,mlperf_nmt_1_shard_batch_64_1a68273fb3d3032f,mlperf,210,42,47,1.119047619047619
tile:xla,train,mlperf_nmt_1_shard_batch_64_1c765dfe2ae938d1,mlperf,3804,36,37,1.0277777777777777
tile:xla,train,mlperf_nmt_1_shard_batch_64_1fac60ca61328ee4,mlperf,259,14,14,1.0
tile:xla,train,mlperf_nmt_1_shard_batch_64_2211c316392c8bdd,mlperf,119,38,42,1.105263157894737
tile:xla,train,mlperf_nmt_1_shard_batch_64_2282c0fb85f2b645,mlperf,1230,49,49,1.0
tile:xla,train,mlperf_nmt_1_shard_batch_64_25b6a581707e1e16,mlperf,1535,20,20,1.0
tile:xla,train,mlperf_nmt_1_shard_batch_64_25e81c63f9f611c2,mlperf,617,9,8,0.8888888888888888
tile:xla,train,mlperf_nmt_1_shard_batch_64_26b343e7252c8bfa,mlperf,3086,23,23,1.0
tile:xla,train,mlperf_nmt_1_shard_batch_64_27c308b787a30e07,mlperf,65,21,20,0.9523809523809523
tile:xla,train,mlperf_nmt_1_shard_batch_64_286dae9455e5ad6,mlperf,1360,13,12,0.9230769230769231
tile:xla,train,mlperf_nmt_1_shard_batch_64_299bff7638b10ae6,mlperf,2922,19,18,0.9473684210526315
tile:xla,train,mlperf_nmt_1_shard_batch_64_2a2c5151dc465ab2,mlperf,210,39,43,1.1025641025641026
tile:xla,train,mlperf_nmt_1_shard_batch_64_2a93130c2e7317e9,mlperf,4113,28,27,0.9642857142857143
tile:xla,train,mlperf_nmt_1_shard_batch_64_2a9a22850107306e,mlperf,1003,49,49,1.0
tile:xla,train,mlperf_nmt_1_shard_batch_64_2aa7493d4b544e07,mlperf,270,29,31,1.0689655172413792
tile:xla,train,mlperf_nmt_1_shard_batch_64_2b0adc0375395b72,mlperf,1525,56,55,0.9821428571428571
tile:xla,train,mlperf_nmt_1_shard_batch_64_2b19b2f06c75fca2,mlperf,3536,28,28,1.0
tile:xla,train,mlperf_nmt_1_shard_batch_64_2cd1d419c29ef6a6,mlperf,2720,19,18,0.9473684210526315
tile:xla,train,mlperf_nmt_1_shard_batch_64_2e9e42d513937cdb,mlperf,270,29,31,1.0689655172413792
tile:xla,train,mlperf_nmt_1_shard_batch_64_305f56945564bc3b,mlperf,334,11,10,0.9090909090909091
tile:xla,train,mlperf_nmt_1_shard_batch_64_308f76a6448eea90,mlperf,2392,13,12,0.9230769230769231
tile:xla,train,mlperf_nmt_1_shard_batch_64_32f8339cfd0ef35a,mlperf,260,11,10,0.9090909090909091
tile:xla,train,mlperf_nmt_1_shard_batch_64_337c114b1a172a78,mlperf,65,12,11,0.9166666666666666
tile:xla,train,mlperf_nmt_1_shard_batch_64_3444d0b65bed2350,mlperf,3298,28,28,1.0
tile:xla,train,mlperf_nmt_1_shard_batch_64_35b0c2e10dd30cab,mlperf,270,29,31,1.0689655172413792
tile:xla,train,mlperf_nmt_1_shard_batch_64_35bc3e14485eb3e2,mlperf,1247,13,12,0.9230769230769231
tile:xla,train,mlperf_nmt_1_shard_batch_64_362793d3b984854,mlperf,284,10,9,0.9
tile:xla,train,mlperf_nmt_1_shard_batch_64_3874204f493baeef,mlperf,281,14,14,1.0
tile:xla,train,mlperf_nmt_1_shard_batch_64_3874c64e2ed47df8,mlperf,270,28,30,1.0714285714285714
tile:xla,train,mlperf_nmt_1_shard_batch_64_391b467bfa5e151e,mlperf,1479,13,12,0.9230769230769231
tile:xla,train,mlperf_nmt_1_shard_batch_64_39b06c9eb383aa00,mlperf,3213,35,35,1.0
tile:xla,train,mlperf_nmt_1_shard_batch_64_3b0786c3d1c0733b,mlperf,1343,49,49,1.0
tile:xla,train,mlperf_nmt_1_shard_batch_64_3c95906584dfcb46,mlperf,3127,21,21,1.0
tile:xla,train,mlperf_nmt_1_shard_batch_64_3ebc3ce00c1d6f93,mlperf,2401,20,19,0.95
tile:xla,train,mlperf_nmt_1_shard_batch_64_40fd1784becbd2eb,mlperf,204,10,10,1.0
tile:xla,train,mlperf_nmt_1_shard_batch_64_411990df32e8dcb5,mlperf,1535,20,20,1.0
tile:xla,train,mlperf_nmt_1_shard_batch_64_42300778515bbf08,mlperf,259,10,9,0.9
tile:xla,train,mlperf_nmt_1_shard_batch_64_42b47e46f5d56f3,mlperf,2077,20,20,1.0
tile:xla,train,mlperf_nmt_1_shard_batch_64_4310458135614291,mlperf,1207,56,55,0.9821428571428571
tile:xla,train,mlperf_nmt_1_shard_batch_64_43eedb258130e8ca,mlperf,1833,20,20,1.0
tile:xla,train,mlperf_nmt_1_shard_batch_64_448ef78a087597b1,mlperf,1952,13,12,0.9230769230769231
tile:xla,train,mlperf_nmt_1_shard_batch_64_461b6571eb1f0810,mlperf,2906,20,19,0.95
tile:xla,train,mlperf_nmt_1_shard_batch_64_47566a605d8af12f,mlperf,2694,21,21,1.0
tile:xla,train,mlperf_nmt_1_shard_batch_64_47fa67ae30e8a55b,mlperf,309,7,6,0.8571428571428571
tile:xla,train,mlperf_nmt_1_shard_batch_64_48f4a5c651574b3c,mlperf,260,39,43,1.1025641025641026
tile:xla,train,mlperf_nmt_1_shard_batch_64_4a77e25058ba8a1c,mlperf,235,12,11,0.9166666666666666
tile:xla,train,mlperf_nmt_1_shard_batch_64_4b5dcc7c2341434d,mlperf,8,45,54,1.2
tile:xla,train,mlperf_nmt_1_shard_batch_64_4d90afdc8e395cca,mlperf,269,32,34,1.0625
tile:xla,train,mlperf_nmt_1_shard_batch_64_4e4787f3f111509a,mlperf,2548,36,37,1.0277777777777777
tile:xla,train,mlperf_nmt_1_shard_batch_64_4f25d1bf94d9e86c,mlperf,3393,20,19,0.95
tile:xla,train,mlperf_nmt_1_shard_batch_64_5436dc319c3dd25e,mlperf,210,6,6,1.0
tile:xla,train,mlperf_nmt_1_shard_batch_64_5480578482e01a9b,mlperf,334,7,6,0.8571428571428571
tile:xla,train,mlperf_nmt_1_shard_batch_64_57492ce84a5f3e76,mlperf,270,29,31,1.0689655172413792
tile:xla,train,mlperf_nmt_1_shard_batch_64_58079171c4c9e1d0,mlperf,4473,19,19,1.0
tile:xla,train,mlperf_nmt_1_shard_batch_64_5839facf999285cb,mlperf,334,10,9,0.9
tile:xla,train,mlperf_nmt_1_shard_batch_64_5880dc83a3f8fb02,mlperf,270,12,11,0.9166666666666666
tile:xla,train,mlperf_nmt_1_shard_batch_64_58c876a263b55cb1,mlperf,1314,56,55,0.9821428571428571
tile:xla,train,mlperf_nmt_1_shard_batch_64_59161b5ce1f2f558,mlperf,235,11,10,0.9090909090909091
tile:xla,train,mlperf_nmt_1_shard_batch_64_5b5ebf2932f599c3,mlperf,285,39,43,1.1025641025641026
tile:xla,train,mlperf_nmt_1_shard_batch_64_5bea783be8c215d,mlperf,2249,21,21,1.0
tile:xla,train,mlperf_nmt_1_shard_batch_64_5c9d9f378053404b,mlperf,2046,20,20,1.0
tile:xla,train,mlperf_nmt_1_shard_batch_64_5d0952eacab9b669,mlperf,2529,19,18,0.9473684210526315
tile:xla,train,mlperf_nmt_1_shard_batch_64_5d98b750ee810f7b,mlperf,2566,16,15,0.9375
tile:xla,train,mlperf_nmt_1_shard_batch_64_5e99572edece909b,mlperf,514,37,41,1.1081081081081081
tile:xla,train,mlperf_nmt_1_shard_batch_64_5e9c7606696fb76b,mlperf,2603,28,28,1.0
tile:xla,train,mlperf_nmt_1_shard_batch_64_5ebcc3296490baf7,mlperf,11,45,54,1.2
tile:xla,train,mlperf_nmt_1_shard_batch_64_5fd67124c832e93,mlperf,1455,49,49,1.0
tile:xla,train,mlperf_nmt_1_shard_batch_64_619a43d486729057,mlperf,1420,56,55,0.9821428571428571
tile:xla,train,mlperf_nmt_1_shard_batch_64_62383a703120c288,mlperf,2156,13,12,0.9230769230769231
tile:xla,train,mlperf_nmt_1_shard_batch_64_62c6b60006d345a2,mlperf,2654,20,19,0.95
tile:xla,train,mlperf_nmt_1_shard_batch_64_6309d318b06f2032,mlperf,306,14,14,1.0
tile:xla,train,mlperf_nmt_1_shard_batch_64_648b1f9e618f2076,mlperf,309,7,6,0.8571428571428571
tile:xla,train,mlperf_nmt_1_shard_batch_64_64c8b0930df6dfe7,mlperf,3033,13,12,0.9230769230769231
tile:xla,train,mlperf_nmt_1_shard_batch_64_652262677660449f,mlperf,285,12,11,0.9166666666666666
tile:xla,train,mlperf_nmt_1_shard_batch_64_67a40baa549b5584,mlperf,3053,28,27,0.9642857142857143
tile:xla,train,mlperf_nmt_1_shard_batch_64_67dd40399f29c60,mlperf,3785,28,27,0.9642857142857143
tile:xla,train,mlperf_nmt_1_shard_batch_64_6857ea1f864aca9d,mlperf,314,38,42,1.105263157894737
tile:xla,train,mlperf_nmt_1_shard_batch_64_6a6c990b5213e73e,mlperf,2807,36,37,1.0277777777777777
tile:xla,train,mlperf_nmt_1_shard_batch_64_6cc728ba25b92893,mlperf,2647,28,27,0.9642857142857143
tile:xla,train,mlperf_nmt_1_shard_batch_64_6d99f457f07fe4b4,mlperf,259,11,10,0.9090909090909091
tile:xla,train,mlperf_nmt_1_shard_batch_64_6f0f218278633f1,mlperf,70,12,11,0.9166666666666666
tile:xla,train,mlperf_nmt_1_shard_batch_64_726dbd8fceccc9e1,mlperf,310,12,11,0.9166666666666666
tile:xla,train,mlperf_nmt_1_shard_batch_64_75a3adb06d6c72a1,mlperf,284,7,6,0.8571428571428571
tile:xla,train,mlperf_nmt_1_shard_batch_64_75c35103794e12e4,mlperf,269,32,34,1.0625
tile:xla,train,mlperf_nmt_1_shard_batch_64_75ed8268d9494b58,mlperf,1940,13,12,0.9230769230769231
tile:xla,train,mlperf_nmt_1_shard_batch_64_769ec77d6d767e4b,mlperf,2123,19,18,0.9473684210526315
tile:xla,train,mlperf_nmt_1_shard_batch_64_76c9f7443dc50569,mlperf,2632,19,19,1.0
tile:xla,train,mlperf_nmt_1_shard_batch_64_76d0b62bd5ca672c,mlperf,2077,20,20,1.0
tile:xla,train,mlperf_nmt_1_shard_batch_64_7705823b119b119e,mlperf,2614,23,23,1.0
tile:xla,train,mlperf_nmt_1_shard_batch_64_775533f432f28a8f,mlperf,210,18,19,1.0555555555555556
tile:xla,train,mlperf_nmt_1_shard_batch_64_77a24a6fce7ed11a,mlperf,290,11,10,0.9090909090909091
tile:xla,train,mlperf_nmt_1_shard_batch_64_77b3eff667de7e5d,mlperf,259,6,6,1.0
tile:xla,train,mlperf_nmt_1_shard_batch_64_7b513462b8e7ea9e,mlperf,75,12,11,0.9166666666666666
tile:xla,train,mlperf_nmt_1_shard_batch_64_7bb3fed55548b4a6,mlperf,3659,16,15,0.9375
tile:xla,train,mlperf_nmt_1_shard_batch_64_7c390e796b2832b7,mlperf,2980,16,15,0.9375
tile:xla,train,mlperf_nmt_1_shard_batch_64_7c634f7cf53500a,mlperf,2404,16,15,0.9375
tile:xla,train,mlperf_nmt_1_shard_batch_64_7cd0009b290548cb,mlperf,3314,23,23,1.0
tile:xla,train,mlperf_nmt_1_shard_batch_64_7dbcb867e9d342bd,mlperf,3306,36,37,1.0277777777777777
tile:xla,train,mlperf_nmt_1_shard_batch_64_7e3042967a5a0986,mlperf,1128,13,12,0.9230769230769231
tile:xla,train,mlperf_nmt_1_shard_batch_64_7ece6cd0b7c5ada,mlperf,269,32,34,1.0625
tile:xla,train,mlperf_nmt_1_shard_batch_64_7f055206ebb562c0,mlperf,269,32,34,1.0625
tile:xla,train,mlperf_nmt_1_shard_batch_64_84ad0fca4a3a6e6,mlperf,3580,35,35,1.0
tile:xla,train,mlperf_nmt_1_shard_batch_64_8975424ab3d7a61,mlperf,334,6,6,1.0
tile:xla,train,mlperf_nmt_1_shard_batch_64_8bc1344640b7957,mlperf,60,21,20,0.9523809523809523
tile:xla,train,mlperf_nmt_1_shard_batch_64_908162884d7b872,mlperf,259,18,19,1.0555555555555556
tile:xla,train,mlperf_nmt_1_shard_batch_64_98345e088c20a4f,mlperf,2360,28,28,1.0
tile:xla,train,mlperf_nmt_1_shard_batch_64_a1e9155fab8d5d1,mlperf,2417,28,27,0.9642857142857143
tile:xla,train,mlperf_nmt_1_shard_batch_64_a29bba5aaa08a03,mlperf,2323,19,18,0.9473684210526315
tile:xla,train,mlperf_nmt_1_shard_batch_64_b5708cdf011c3ee,mlperf,2811,31,32,1.032258064516129
tile:xla,train,mlperf_nmt_1_shard_batch_64_bdfaaadc63dd4fc,mlperf,2371,13,12,0.9230769230769231
tile:xla,train,mlperf_nmt_1_shard_batch_64_c703defcadeea2c,mlperf,1923,19,18,0.9473684210526315
tile:xla,train,mlperf_nmt_1_shard_batch_64_e73f8cd8804e336,mlperf,2371,23,23,1.0
tile:xla,train,mlperf_nmt_1_shard_batch_64_ee37506f737ac1e,mlperf,280,10,10,1.0
tile:xla,train,mlperf_nmt_1_shard_batch_64_eecac7a6d2a5371,mlperf,334,11,10,0.9090909090909091
tile:xla,train,mlperf_nmt_1_shard_batch_64_f283e56d4abaf45,mlperf,514,37,41,1.1081081081081081
tile:xla,train,mlperf_nmt_1_shard_batch_64_f95e7004e4c3c03,mlperf,334,42,47,1.119047619047619
tile:xla,train,mlperf_nmt_1_shard_batch_8_-1024cd4969d184fc,mlperf,236,38,42,1.105263157894737
tile:xla,train,mlperf_nmt_1_shard_batch_8_-12ee6eb373170d9,mlperf,458,13,12,0.9230769230769231
tile:xla,train,mlperf_nmt_1_shard_batch_8_-134e0ad1f5a5004b,mlperf,694,28,28,1.0
tile:xla,train,mlperf_nmt_1_shard_batch_8_-142dca5133bf0ad1,mlperf,756,16,15,0.9375
tile:xla,train,mlperf_nmt_1_shard_batch_8_-1656349b87b67ccc,mlperf,810,28,28,1.0
tile:xla,train,mlperf_nmt_1_shard_batch_8_-174e9a2d6d4aa45a,mlperf,62,28,30,1.0714285714285714
tile:xla,train,mlperf_nmt_1_shard_batch_8_-19542e84ada458a6,mlperf,210,13,12,0.9230769230769231
tile:xla,train,mlperf_nmt_1_shard_batch_8_-1a0205135d67a21d,mlperf,573,28,28,1.0
tile:xla,train,mlperf_nmt_1_shard_batch_8_-1a8633b94459ba44,mlperf,688,36,37,1.0277777777777777
tile:xla,train,mlperf_nmt_1_shard_batch_8_-1ba01f4f247a173d,mlperf,601,19,18,0.9473684210526315
tile:xla,train,mlperf_nmt_1_shard_batch_8_-1bb7b4f6cb4ceb7,mlperf,18,15,15,1.0
tile:xla,train,mlperf_nmt_1_shard_batch_8_-1beed0c670abf9ab,mlperf,80,11,10,0.9090909090909091
tile:xla,train,mlperf_nmt_1_shard_batch_8_-1c56ff4ba5122fa5,mlperf,1855,44,44,1.0
tile:xla,train,mlperf_nmt_1_shard_batch_8_-1cddf41789f01791,mlperf,335,13,12,0.9230769230769231
tile:xla,train,mlperf_nmt_1_shard_batch_8_-2031d3eb3d192587,mlperf,425,21,21,1.0
tile:xla,train,mlperf_nmt_1_shard_batch_8_-231e61030da0565f,mlperf,729,21,21,1.0
tile:xla,train,mlperf_nmt_1_shard_batch_8_-27dbe96d0ba8c187,mlperf,235,13,12,0.9230769230769231
tile:xla,train,mlperf_nmt_1_shard_batch_8_-2bf502b46056afba,mlperf,750,28,28,1.0
tile:xla,train,mlperf_nmt_1_shard_batch_8_-2f7445e855c0e72f,mlperf,458,17,16,0.9411764705882353
tile:xla,train,mlperf_nmt_1_shard_batch_8_-302d839d66aa313e,mlperf,458,20,19,0.95
tile:xla,train,mlperf_nmt_1_shard_batch_8_-31c8b3ef3a6d4f21,mlperf,476,21,21,1.0
tile:xla,train,mlperf_nmt_1_shard_batch_8_-3221023b6b3c3e0f,mlperf,513,23,23,1.0
tile:xla,train,mlperf_nmt_1_shard_batch_8_-33fb35a8e66e2c23,mlperf,1237,33,32,0.9696969696969697
tile:xla,train,mlperf_nmt_1_shard_batch_8_-38cb6ed82a1e6837,mlperf,210,49,49,1.0
tile:xla,train,mlperf_nmt_1_shard_batch_8_-39b0bbb44e31e564,mlperf,62,29,31,1.0689655172413792
tile:xla,train,mlperf_nmt_1_shard_batch_8_-39e97a9ba5598d6b,mlperf,425,25,25,1.0
tile:xla,train,mlperf_nmt_1_shard_batch_8_-3a1611eba11c0c71,mlperf,528,21,21,1.0
tile:xla,train,mlperf_nmt_1_shard_batch_8_-3b17dad52d3af0c0,mlperf,680,21,21,1.0
tile:xla,train,mlperf_nmt_1_shard_batch_8_-3c4628bcb1242cb4,mlperf,603,17,16,0.9411764705882353
tile:xla,train,mlperf_nmt_1_shard_batch_8_-3de1aa74d97f292e,mlperf,650,17,16,0.9411764705882353
tile:xla,train,mlperf_nmt_1_shard_batch_8_-3deb26ab8f1d12ef,mlperf,753,31,32,1.032258064516129
tile:xla,train,mlperf_nmt_1_shard_batch_8_-3f2d506bdbc47d63,mlperf,629,25,25,1.0
tile:xla,train,mlperf_nmt_1_shard_batch_8_-41fe3e313e85b2e0,mlperf,689,31,32,1.032258064516129
tile:xla,train,mlperf_nmt_1_shard_batch_8_-4227470b4746b484,mlperf,210,56,55,0.9821428571428571
tile:xla,train,mlperf_nmt_1_shard_batch_8_-426ba24e18a17dc8,mlperf,285,49,49,1.0
tile:xla,train,mlperf_nmt_1_shard_batch_8_-4435791453ededea,mlperf,636,20,19,0.95
tile:xla,train,mlperf_nmt_1_shard_batch_8_-4620f8832159f3d2,mlperf,1776,33,32,0.9696969696969697
tile:xla,train,mlperf_nmt_1_shard_batch_8_-46953053bd4a226b,mlperf,753,36,37,1.0277777777777777
tile:xla,train,mlperf_nmt_1_shard_batch_8_-4b27173c7af040ec,mlperf,1498,44,44,1.0
tile:xla,train,mlperf_nmt_1_shard_batch_8_-4c1860205652ea59,mlperf,194,28,28,1.0
tile:xla,train,mlperf_nmt_1_shard_batch_8_-4cee6ee8f0e381d,mlperf,652,13,12,0.9230769230769231
tile:xla,train,mlperf_nmt_1_shard_batch_8_-4d9e08c3d444b73f,mlperf,813,20,19,0.95
tile:xla,train,mlperf_nmt_1_shard_batch_8_-4f47b582142ccc57,mlperf,1324,33,32,0.9696969696969697
tile:xla,train,mlperf_nmt_1_shard_batch_8_-4f624edc751d3f49,mlperf,556,17,16,0.9411764705882353
tile:xla,train,mlperf_nmt_1_shard_batch_8_-50a527a75edb7875,mlperf,633,23,23,1.0
tile:xla,train,mlperf_nmt_1_shard_batch_8_-526db4569dbaa2f,mlperf,653,13,12,0.9230769230769231
tile:xla,train,mlperf_nmt_1_shard_batch_8_-52ef06c39545e822,mlperf,1218,44,44,1.0
tile:xla,train,mlperf_nmt_1_shard_batch_8_-550205b9144e043e,mlperf,458,17,16,0.9411764705882353
tile:xla,train,mlperf_nmt_1_shard_batch_8_-55b383d8b01e7c71,mlperf,62,29,31,1.0689655172413792
tile:xla,train,mlperf_nmt_1_shard_batch_8_-56b69adce88e8c94,mlperf,335,49,49,1.0
tile:xla,train,mlperf_nmt_1_shard_batch_8_-57168ddfa19eafbb,mlperf,235,49,49,1.0
tile:xla,train,mlperf_nmt_1_shard_batch_8_-5a95ac87cb6d2ced,mlperf,729,21,21,1.0
tile:xla,train,mlperf_nmt_1_shard_batch_8_-5c6c287ee1616649,mlperf,730,21,21,1.0
tile:xla,train,mlperf_nmt_1_shard_batch_8_-5d2e5ed3ded5d4f0,mlperf,730,21,21,1.0
tile:xla,train,mlperf_nmt_1_shard_batch_8_-606985bfdda83174,mlperf,100,10,10,1.0
tile:xla,train,mlperf_nmt_1_shard_batch_8_-618b711b6a9717e8,mlperf,574,16,15,0.9375
tile:xla,train,mlperf_nmt_1_shard_batch_8_-620953602671c393,mlperf,260,56,55,0.9821428571428571
tile:xla,train,mlperf_nmt_1_shard_batch_8_-63c8c2cc934dfdc6,mlperf,557,31,32,1.032258064516129
tile:xla,train,mlperf_nmt_1_shard_batch_8_-641e9cbf2ee24c4b,mlperf,605,13,12,0.9230769230769231
tile:xla,train,mlperf_nmt_1_shard_batch_8_-655ae3ef2ab5ebac,mlperf,579,21,21,1.0
tile:xla,train,mlperf_nmt_1_shard_batch_8_-665eb643b7dacacb,mlperf,556,20,19,0.95
tile:xla,train,mlperf_nmt_1_shard_batch_8_-681fbdb8bd75c691,mlperf,260,49,49,1.0
tile:xla,train,mlperf_nmt_1_shard_batch_8_-69fbd023bb273fb7,mlperf,477,21,21,1.0
tile:xla,train,mlperf_nmt_1_shard_batch_8_-6cb97a22cb70360a,mlperf,62,12,11,0.9166666666666666
tile:xla,train,mlperf_nmt_1_shard_batch_8_-6f0e51cbd0f4d087,mlperf,507,13,12,0.9230769230769231
tile:xla,train,mlperf_nmt_1_shard_batch_8_-71e03b9696960648,mlperf,573,23,23,1.0
tile:xla,train,mlperf_nmt_1_shard_batch_8_-7740ef97acc29de2,mlperf,751,23,23,1.0
tile:xla,train,mlperf_nmt_1_shard_batch_8_-787006d4e8ce2d15,mlperf,75,6,6,1.0
tile:xla,train,mlperf_nmt_1_shard_batch_8_-7ab575347c09cc68,mlperf,310,49,49,1.0
tile:xla,train,mlperf_nmt_1_shard_batch_8_-d15c733dcaa8005,mlperf,87,11,10,0.9090909090909091
tile:xla,train,mlperf_nmt_1_shard_batch_8_10f3d810c3833db1,mlperf,458,13,12,0.9230769230769231
tile:xla,train,mlperf_nmt_1_shard_batch_8_119a896f59961590,mlperf,815,36,37,1.0277777777777777
tile:xla,train,mlperf_nmt_1_shard_batch_8_1282b8978f30ba53,mlperf,62,32,34,1.0625
tile:xla,train,mlperf_nmt_1_shard_batch_8_1354b863efbabc81,mlperf,235,56,55,0.9821428571428571
tile:xla,train,mlperf_nmt_1_shard_batch_8_14d2d9b777d618b7,mlperf,409,13,12,0.9230769230769231
tile:xla,train,mlperf_nmt_1_shard_batch_8_150fca60c6eee54d,mlperf,633,28,28,1.0
tile:xla,train,mlperf_nmt_1_shard_batch_8_1864d64f161a03d5,mlperf,601,20,19,0.95
tile:xla,train,mlperf_nmt_1_shard_batch_8_1a56bcc0519c3d32,mlperf,756,20,19,0.95
tile:xla,train,mlperf_nmt_1_shard_batch_8_1b53ae780091d0ee,mlperf,94,11,10,0.9090909090909091
tile:xla,train,mlperf_nmt_1_shard_batch_8_1e0394731520cb10,mlperf,579,21,21,1.0
tile:xla,train,mlperf_nmt_1_shard_batch_8_1f9cf5e060508f6f,mlperf,62,32,34,1.0625
tile:xla,train,mlperf_nmt_1_shard_batch_8_21e3a6587437cb91,mlperf,105,10,10,1.0
tile:xla,train,mlperf_nmt_1_shard_batch_8_2211c316392c8bdd,mlperf,119,38,42,1.105263157894737
tile:xla,train,mlperf_nmt_1_shard_batch_8_23ddb9e71bd4f4b0,mlperf,513,28,28,1.0
tile:xla,train,mlperf_nmt_1_shard_batch_8_23e8e0aa05dc2603,mlperf,263,28,28,1.0
tile:xla,train,mlperf_nmt_1_shard_batch_8_25e81c63f9f611c2,mlperf,617,9,8,0.8888888888888888
tile:xla,train,mlperf_nmt_1_shard_batch_8_263f7db3c0c1d9d9,mlperf,409,13,12,0.9230769230769231
tile:xla,train,mlperf_nmt_1_shard_batch_8_29d86b02f76f9e9e,mlperf,62,29,31,1.0689655172413792
tile:xla,train,mlperf_nmt_1_shard_batch_8_2b46db2eaef14c6a,mlperf,812,23,23,1.0
tile:xla,train,mlperf_nmt_1_shard_batch_8_2b959adbcbe570e4,mlperf,556,17,16,0.9411764705882353
tile:xla,train,mlperf_nmt_1_shard_batch_8_2bb777b8f26a7635,mlperf,409,20,19,0.95
tile:xla,train,mlperf_nmt_1_shard_batch_8_2f9edce8aa76abdf,mlperf,815,16,15,0.9375
tile:xla,train,mlperf_nmt_1_shard_batch_8_3152eea8831e277b,mlperf,528,25,25,1.0
tile:xla,train,mlperf_nmt_1_shard_batch_8_318a3af4a3e4b6a7,mlperf,477,25,25,1.0
tile:xla,train,mlperf_nmt_1_shard_batch_8_329e82bacccae988,mlperf,895,33,32,0.9696969696969697
tile:xla,train,mlperf_nmt_1_shard_batch_8_33a2ffa0b5fb260a,mlperf,62,29,31,1.0689655172413792
tile:xla,train,mlperf_nmt_1_shard_batch_8_35e354755e913664,mlperf,695,23,23,1.0
tile:xla,train,mlperf_nmt_1_shard_batch_8_362530745f396f57,mlperf,985,33,32,0.9696969696969697
tile:xla,train,mlperf_nmt_1_shard_batch_8_36a76b5d790f611e,mlperf,310,56,55,0.9821428571428571
tile:xla,train,mlperf_nmt_1_shard_batch_8_3728ea7289065c85,mlperf,650,17,16,0.9411764705882353
tile:xla,train,mlperf_nmt_1_shard_batch_8_377ac9b426dbe017,mlperf,101,11,10,0.9090909090909091
tile:xla,train,mlperf_nmt_1_shard_batch_8_3991c6df55cc0cbc,mlperf,879,31,32,1.032258064516129
tile:xla,train,mlperf_nmt_1_shard_batch_8_3cba00fa5e1a8211,mlperf,458,19,18,0.9473684210526315
tile:xla,train,mlperf_nmt_1_shard_batch_8_3d3d93dc954e1c26,mlperf,285,13,12,0.9230769230769231
tile:xla,train,mlperf_nmt_1_shard_batch_8_3e6b281b007c7e98,mlperf,73,11,10,0.9090909090909091
tile:xla,train,mlperf_nmt_1_shard_batch_8_3ec55fe44bd205be,mlperf,75,11,10,0.9090909090909091
tile:xla,train,mlperf_nmt_1_shard_batch_8_3fa5c9eaa1e04fa9,mlperf,259,28,28,1.0
tile:xla,train,mlperf_nmt_1_shard_batch_8_40aa27a87226eb74,mlperf,556,19,18,0.9473684210526315
tile:xla,train,mlperf_nmt_1_shard_batch_8_415f3920899a3089,mlperf,578,25,25,1.0
tile:xla,train,mlperf_nmt_1_shard_batch_8_418fbeddaf535317,mlperf,879,36,37,1.0277777777777777
tile:xla,train,mlperf_nmt_1_shard_batch_8_41bd6d090b46b8a8,mlperf,185,28,28,1.0
tile:xla,train,mlperf_nmt_1_shard_batch_8_4267d918d3a352e2,mlperf,579,21,21,1.0
tile:xla,train,mlperf_nmt_1_shard_batch_8_42acf614761d7b77,mlperf,515,16,15,0.9375
tile:xla,train,mlperf_nmt_1_shard_batch_8_43a6e082dbe69eef,mlperf,62,32,34,1.0625
tile:xla,train,mlperf_nmt_1_shard_batch_8_446894551cc8edca,mlperf,335,56,55,0.9821428571428571
tile:xla,train,mlperf_nmt_1_shard_batch_8_463604212cf9d2f7,mlperf,409,17,16,0.9411764705882353
tile:xla,train,mlperf_nmt_1_shard_batch_8_476d40387e527011,mlperf,528,21,21,1.0
tile:xla,train,mlperf_nmt_1_shard_batch_8_485c59a123ff54b4,mlperf,1020,44,44,1.0
tile:xla,train,mlperf_nmt_1_shard_batch_8_486290fef76f6912,mlperf,697,16,15,0.9375
tile:xla,train,mlperf_nmt_1_shard_batch_8_488d02489a2d544b,mlperf,603,17,16,0.9411764705882353
tile:xla,train,mlperf_nmt_1_shard_batch_8_48d99a3eba18a715,mlperf,506,17,16,0.9411764705882353
tile:xla,train,mlperf_nmt_1_shard_batch_8_491c149beb36c7ae,mlperf,680,25,25,1.0
tile:xla,train,mlperf_nmt_1_shard_batch_8_4a623b4ae3ddd62b,mlperf,629,21,21,1.0
tile:xla,train,mlperf_nmt_1_shard_batch_8_4ead24d815f222f9,mlperf,1402,44,44,1.0
tile:xla,train,mlperf_nmt_1_shard_batch_8_507a5d24be38b882,mlperf,636,16,15,0.9375
tile:xla,train,mlperf_nmt_1_shard_batch_8_54b20e0ecbbc4772,mlperf,1073,33,32,0.9696969696969697
tile:xla,train,mlperf_nmt_1_shard_batch_8_551d960cc4582c44,mlperf,679,21,21,1.0
tile:xla,train,mlperf_nmt_1_shard_batch_8_59d4f41f0fd039be,mlperf,506,20,19,0.95
tile:xla,train,mlperf_nmt_1_shard_batch_8_5b7da401048af334,mlperf,409,17,16,0.9411764705882353
tile:xla,train,mlperf_nmt_1_shard_batch_8_5c8648a36579a02c,mlperf,1120,44,44,1.0
tile:xla,train,mlperf_nmt_1_shard_batch_8_5d1a793225daf187,mlperf,556,13,12,0.9230769230769231
tile:xla,train,mlperf_nmt_1_shard_batch_8_5df0ba2eed4750a8,mlperf,476,21,21,1.0
tile:xla,train,mlperf_nmt_1_shard_batch_8_5e99572edece909b,mlperf,514,37,41,1.1081081081081081
tile:xla,train,mlperf_nmt_1_shard_batch_8_5ebe790d43a78ec6,mlperf,409,19,18,0.9473684210526315
tile:xla,train,mlperf_nmt_1_shard_batch_8_613c8bf09393860a,mlperf,650,20,19,0.95
tile:xla,train,mlperf_nmt_1_shard_batch_8_62952ad9aca5aca2,mlperf,556,13,12,0.9230769230769231
tile:xla,train,mlperf_nmt_1_shard_batch_8_667fbd3063fdd4e3,mlperf,285,56,55,0.9821428571428571
tile:xla,train,mlperf_nmt_1_shard_batch_8_6688671298af570d,mlperf,557,36,37,1.0277777777777777
tile:xla,train,mlperf_nmt_1_shard_batch_8_66db8f615c49f054,mlperf,515,20,19,0.95
tile:xla,train,mlperf_nmt_1_shard_batch_8_67a08174460ed453,mlperf,605,13,12,0.9230769230769231
tile:xla,train,mlperf_nmt_1_shard_batch_8_6857ea1f864aca9d,mlperf,314,38,42,1.105263157894737
tile:xla,train,mlperf_nmt_1_shard_batch_8_68713d02f3f8e554,mlperf,260,13,12,0.9230769230769231
tile:xla,train,mlperf_nmt_1_shard_batch_8_6a1f875e6b2c6b61,mlperf,528,21,21,1.0
tile:xla,train,mlperf_nmt_1_shard_batch_8_6a88827fe1feed01,mlperf,190,28,28,1.0
tile:xla,train,mlperf_nmt_1_shard_batch_8_6ae8c4f13f7a2685,mlperf,697,20,19,0.95
tile:xla,train,mlperf_nmt_1_shard_batch_8_6b4bf381f7060ef1,mlperf,1816,28,28,1.0
tile:xla,train,mlperf_nmt_1_shard_batch_8_6c16ec4a16d624e0,mlperf,622,36,37,1.0277777777777777
tile:xla,train,mlperf_nmt_1_shard_batch_8_71cc29c4d807c6e4,mlperf,507,13,12,0.9230769230769231
tile:xla,train,mlperf_nmt_1_shard_batch_8_73db5370d2f1e221,mlperf,817,31,32,1.032258064516129
tile:xla,train,mlperf_nmt_1_shard_batch_8_747d061c7b68aac1,mlperf,506,17,16,0.9411764705882353
tile:xla,train,mlperf_nmt_1_shard_batch_8_749bafd3271be349,mlperf,310,13,12,0.9230769230769231
tile:xla,train,mlperf_nmt_1_shard_batch_8_75a1ad436ab2f61f,mlperf,574,20,19,0.95
tile:xla,train,mlperf_nmt_1_shard_batch_8_774f951016da1797,mlperf,62,29,31,1.0689655172413792
tile:xla,train,mlperf_nmt_1_shard_batch_8_7815c7a55300c844,mlperf,679,21,21,1.0
tile:xla,train,mlperf_nmt_1_shard_batch_8_78f9c978e511c6a0,mlperf,650,19,18,0.9473684210526315
tile:xla,train,mlperf_nmt_1_shard_batch_8_79976f20b672c782,mlperf,62,32,34,1.0625
tile:xla,train,mlperf_nmt_1_shard_batch_8_7cc08f028269e8bf,mlperf,62,32,34,1.0625
tile:xla,train,mlperf_nmt_1_shard_batch_8_7e66d401b7cbbd1e,mlperf,62,32,34,1.0625
tile:xla,train,mlperf_nmt_1_shard_batch_8_7ea558e958be6a27,mlperf,506,19,18,0.9473684210526315
tile:xla,train,mlperf_nmt_1_shard_batch_8_d06114c3a2337a8,mlperf,62,29,31,1.0689655172413792
tile:xla,train,mlperf_nmt_1_shard_batch_8_d6b0ec00c1cb2f5,mlperf,622,31,32,1.032258064516129
tile:xla,train,mlperf_nmt_1_shard_batch_8_f283e56d4abaf45,mlperf,514,37,41,1.1081081081081081
tile:xla,train,mlperf_nmt_batch_64_-10fe39043c68c81f,mlperf,234,14,14,1.0
tile:xla,train,mlperf_nmt_batch_64_-1374ee8289af728f,mlperf,75,21,20,0.9523809523809523
tile:xla,train,mlperf_nmt_batch_64_-163f4a00c0445672,mlperf,3552,36,37,1.0277777777777777
tile:xla,train,mlperf_nmt_batch_64_-1643d66aea881454,mlperf,2872,18,17,0.9444444444444444
tile:xla,train,mlperf_nmt_batch_64_-164598d4d45d393f,mlperf,270,29,31,1.0689655172413792
tile:xla,train,mlperf_nmt_batch_64_-17f5b21d3bf485,mlperf,235,10,9,0.9
tile:xla,train,mlperf_nmt_batch_64_-19e4f4fa1b33e2cd,mlperf,3085,18,17,0.9444444444444444
tile:xla,train,mlperf_nmt_batch_64_-1b6f070c978d82c5,mlperf,260,7,6,0.8571428571428571
tile:xla,train,mlperf_nmt_batch_64_-1e487a9f43fd1202,mlperf,242,10,10,1.0
tile:xla,train,mlperf_nmt_batch_64_-1f66331107979aef,mlperf,70,21,20,0.9523809523809523
tile:xla,train,mlperf_nmt_batch_64_-22e8346260808bbb,mlperf,3057,36,37,1.0277777777777777
tile:xla,train,mlperf_nmt_batch_64_-2544e89da62858b1,mlperf,2657,18,17,0.9444444444444444
tile:xla,train,mlperf_nmt_batch_64_-25dcedf08d011619,mlperf,309,42,47,1.119047619047619
tile:xla,train,mlperf_nmt_batch_64_-26c705f14bac32e4,mlperf,2826,27,27,1.0
tile:xla,train,mlperf_nmt_batch_64_-287a9b358c99d55c,mlperf,3062,31,32,1.032258064516129
tile:xla,train,mlperf_nmt_batch_64_-288d703ab3fde091,mlperf,284,6,6,1.0
tile:xla,train,mlperf_nmt_batch_64_-28bf837a24e634f3,mlperf,260,12,11,0.9166666666666666
tile:xla,train,mlperf_nmt_batch_64_-292075e3c9edee3a,mlperf,608,8,7,0.875
tile:xla,train,mlperf_nmt_batch_64_-2932d52acceba2f7,mlperf,235,7,6,0.8571428571428571
tile:xla,train,mlperf_nmt_batch_64_-2a17585bc8164188,mlperf,2872,18,17,0.9444444444444444
tile:xla,train,mlperf_nmt_batch_64_-2ba8546ca30272c4,mlperf,394,11,10,0.9090909090909091
tile:xla,train,mlperf_nmt_batch_64_-2d1d1b50212c1fd3,mlperf,4246,35,35,1.0
tile:xla,train,mlperf_nmt_batch_64_-2d518446041f67ae,mlperf,2556,31,32,1.032258064516129
tile:xla,train,mlperf_nmt_batch_64_-2d6b3f10ac842ff1,mlperf,335,39,43,1.1025641025641026
tile:xla,train,mlperf_nmt_batch_64_-2d725bcd90660b8a,mlperf,3334,27,27,1.0
tile:xla,train,mlperf_nmt_batch_64_-2efcb9f91c5a0941,mlperf,309,6,6,1.0
tile:xla,train,mlperf_nmt_batch_64_-2efdc883c433322f,mlperf,464,11,10,0.9090909090909091
tile:xla,train,mlperf_nmt_batch_64_-312fd0df7fbbc7ce,mlperf,1308,20,20,1.0
tile:xla,train,mlperf_nmt_batch_64_-31e6173414322d71,mlperf,210,15,15,1.0
tile:xla,train,mlperf_nmt_batch_64_-34ab7eb4c2b72d87,mlperf,1708,20,20,1.0
tile:xla,train,mlperf_nmt_batch_64_-34af205266fabc92,mlperf,3571,31,32,1.032258064516129
tile:xla,train,mlperf_nmt_batch_64_-3591ca71671d734e,mlperf,1251,12,11,0.9166666666666666
tile:xla,train,mlperf_nmt_batch_64_-35f34b8097acd074,mlperf,3874,22,22,1.0
tile:xla,train,mlperf_nmt_batch_64_-364a3aabe1919153,mlperf,3416,19,18,0.9473684210526315
tile:xla,train,mlperf_nmt_batch_64_-366303e80a8c16b3,mlperf,3085,18,17,0.9444444444444444
tile:xla,train,mlperf_nmt_batch_64_-36cad5f46dd33aa4,mlperf,1708,20,20,1.0
tile:xla,train,mlperf_nmt_batch_64_-38a2d4ba40e7849e,mlperf,334,15,15,1.0
tile:xla,train,mlperf_nmt_batch_64_-394f71c47f70d276,mlperf,4338,28,27,0.9642857142857143
tile:xla,train,mlperf_nmt_batch_64_-3994135c81ff0b85,mlperf,309,10,9,0.9
tile:xla,train,mlperf_nmt_batch_64_-39bf223942d7d81c,mlperf,2233,18,17,0.9444444444444444
tile:xla,train,mlperf_nmt_batch_64_-3d7ab94ee42f62ca,mlperf,2046,20,20,1.0
tile:xla,train,mlperf_nmt_batch_64_-3e887f7f926ff19c,mlperf,1326,55,54,0.9818181818181818
tile:xla,train,mlperf_nmt_batch_64_-405ba74be709c51,mlperf,3105,22,22,1.0
tile:xla,train,mlperf_nmt_batch_64_-41baf9ea2815e295,mlperf,4337,35,35,1.0
tile:xla,train,mlperf_nmt_batch_64_-4302a9a2204e59e5,mlperf,210,7,6,0.8571428571428571
tile:xla,train,mlperf_nmt_batch_64_-443544f2ff3823c6,mlperf,2013,18,17,0.9444444444444444
tile:xla,train,mlperf_nmt_batch_64_-4476eb45711487be,mlperf,285,7,6,0.8571428571428571
tile:xla,train,mlperf_nmt_batch_64_-453daf5a372ae8e3,mlperf,270,29,31,1.0689655172413792
tile:xla,train,mlperf_nmt_batch_64_-460b2b8295e05769,mlperf,1833,20,20,1.0
tile:xla,train,mlperf_nmt_batch_64_-463fcf9083b828a3,mlperf,325,11,10,0.9090909090909091
tile:xla,train,mlperf_nmt_batch_64_-467f508db6cd8d2c,mlperf,329,14,14,1.0
tile:xla,train,mlperf_nmt_batch_64_-46aba87a04b356f,mlperf,222,10,10,1.0
tile:xla,train,mlperf_nmt_batch_64_-46b30bb84c5f503,mlperf,3589,27,27,1.0
tile:xla,train,mlperf_nmt_batch_64_-47489c45e8aca3c7,mlperf,235,6,6,1.0
tile:xla,train,mlperf_nmt_batch_64_-47e7b55862804b4f,mlperf,11,45,54,1.2
tile:xla,train,mlperf_nmt_batch_64_-4900aa6759136469,mlperf,210,11,10,0.9090909090909091
tile:xla,train,mlperf_nmt_batch_64_-4c4648d3bd6c3994,mlperf,3161,15,14,0.9333333333333333
tile:xla,train,mlperf_nmt_batch_64_-4c5af282e9e167a9,mlperf,270,29,31,1.0689655172413792
tile:xla,train,mlperf_nmt_batch_64_-4ce6e49e6ec3ae4a,mlperf,210,11,10,0.9090909090909091
tile:xla,train,mlperf_nmt_batch_64_-4d9aae1e304639ec,mlperf,2473,15,14,0.9333333333333333
tile:xla,train,mlperf_nmt_batch_64_-4e955083a9d24fcd,mlperf,3845,27,27,1.0
tile:xla,train,mlperf_nmt_batch_64_-502aa8a89e4f4d16,mlperf,309,15,15,1.0
tile:xla,train,mlperf_nmt_batch_64_-5112534a89b236fa,mlperf,2918,15,14,0.9333333333333333
tile:xla,train,mlperf_nmt_batch_64_-524895d812c4a222,mlperf,2472,21,21,1.0
tile:xla,train,mlperf_nmt_batch_64_-52a97669333afeab,mlperf,284,11,10,0.9090909090909091
tile:xla,train,mlperf_nmt_batch_64_-532ed367570e5695,mlperf,309,11,10,0.9090909090909091
tile:xla,train,mlperf_nmt_batch_64_-53985518b22d37f2,mlperf,2262,12,11,0.9166666666666666
tile:xla,train,mlperf_nmt_batch_64_-54ccc42e5daa36db,mlperf,2914,21,21,1.0
tile:xla,train,mlperf_nmt_batch_64_-5671dd3fb0cb18e,mlperf,360,11,10,0.9090909090909091
tile:xla,train,mlperf_nmt_batch_64_-5759593512935112,mlperf,270,29,31,1.0689655172413792
tile:xla,train,mlperf_nmt_batch_64_-5770b6b28f24ada0,mlperf,2507,12,11,0.9166666666666666
tile:xla,train,mlperf_nmt_batch_64_-5956a5afa3a291a6,mlperf,310,39,43,1.1025641025641026
tile:xla,train,mlperf_nmt_batch_64_-59d184bd2ff82de2,mlperf,285,11,10,0.9090909090909091
tile:xla,train,mlperf_nmt_batch_64_-5ab40c1a410514c5,mlperf,3595,28,27,0.9642857142857143
tile:xla,train,mlperf_nmt_batch_64_-5aff48a5f8427143,mlperf,1567,49,49,1.0
tile:xla,train,mlperf_nmt_batch_64_-5bd4726306d45dc9,mlperf,55,12,11,0.9166666666666666
tile:xla,train,mlperf_nmt_batch_64_-5ecf41eff454ee4,mlperf,3154,19,18,0.9473684210526315
tile:xla,train,mlperf_nmt_batch_64_-5f1d5ff4da64d712,mlperf,2603,19,18,0.9473684210526315
tile:xla,train,mlperf_nmt_batch_64_-5fa41440d0563635,mlperf,269,32,34,1.0625
tile:xla,train,mlperf_nmt_batch_64_-61540d1ce655af06,mlperf,3354,22,22,1.0
tile:xla,train,mlperf_nmt_batch_64_-61b7c70cb8a5d900,mlperf,2788,28,27,0.9642857142857143
tile:xla,train,mlperf_nmt_batch_64_-61e92d253db9154d,mlperf,270,29,31,1.0689655172413792
tile:xla,train,mlperf_nmt_batch_64_-621fe2bdd03434d3,mlperf,3815,31,32,1.032258064516129
tile:xla,train,mlperf_nmt_batch_64_-622bfbf0f1c758b1,mlperf,1119,49,49,1.0
tile:xla,train,mlperf_nmt_batch_64_-62ad81fa11793d16,mlperf,2013,18,17,0.9444444444444444
tile:xla,train,mlperf_nmt_batch_64_-62d722e6c51fd339,mlperf,234,18,19,1.0555555555555556
tile:xla,train,mlperf_nmt_batch_64_-62ef9fa7d4ca5e77,mlperf,999,55,54,0.9818181818181818
tile:xla,train,mlperf_nmt_batch_64_-6402279bbe978ae0,mlperf,284,15,15,1.0
tile:xla,train,mlperf_nmt_batch_64_-645a86299dfbf30,mlperf,259,42,47,1.119047619047619
tile:xla,train,mlperf_nmt_batch_64_-6575b3f562e93df7,mlperf,331,18,19,1.0555555555555556
tile:xla,train,mlperf_nmt_batch_64_-6618b3d9c8a7a2c7,mlperf,269,32,34,1.0625
tile:xla,train,mlperf_nmt_batch_64_-670b3b963db1e65a,mlperf,262,10,10,1.0
tile:xla,train,mlperf_nmt_batch_64_-6898069e44181d61,mlperf,1308,20,20,1.0
tile:xla,train,mlperf_nmt_batch_64_-69eacdb332bae18f,mlperf,134,9,8,0.8888888888888888
tile:xla,train,mlperf_nmt_batch_64_-6ba0e2926c82514c,mlperf,306,18,19,1.0555555555555556
tile:xla,train,mlperf_nmt_batch_64_-6d0d4d47dfaed469,mlperf,2026,21,21,1.0
tile:xla,train,mlperf_nmt_batch_64_-6d58dfaa46524eb2,mlperf,235,42,47,1.119047619047619
tile:xla,train,mlperf_nmt_batch_64_-6dc8be2a5dbce40d,mlperf,3977,15,14,0.9333333333333333
tile:xla,train,mlperf_nmt_batch_64_-6ee8e1cb3a512dd6,mlperf,2785,35,35,1.0
tile:xla,train,mlperf_nmt_batch_64_-70dc1cd671e99183,mlperf,235,15,15,1.0
tile:xla,train,mlperf_nmt_batch_64_-7291d7544f80e593,mlperf,2444,18,17,0.9444444444444444
tile:xla,train,mlperf_nmt_batch_64_-72962edc33ba10bd,mlperf,1109,55,54,0.9818181818181818
tile:xla,train,mlperf_nmt_batch_64_-73689892ab5a8e6,mlperf,235,39,43,1.1025641025641026
tile:xla,train,mlperf_nmt_batch_64_-73a4bb7564efde9e,mlperf,3320,31,32,1.032258064516129
tile:xla,train,mlperf_nmt_batch_64_-7438235a07c891d3,mlperf,335,12,11,0.9166666666666666
tile:xla,train,mlperf_nmt_batch_64_-76dec580ee285a9f,mlperf,3156,12,11,0.9166666666666666
tile:xla,train,mlperf_nmt_batch_64_-772e6da54922ee15,mlperf,3427,19,19,1.0
tile:xla,train,mlperf_nmt_batch_64_-77479609b580f707,mlperf,2695,15,14,0.9333333333333333
tile:xla,train,mlperf_nmt_batch_64_-79c9b34c4aa461a,mlperf,260,15,15,1.0
tile:xla,train,mlperf_nmt_batch_64_-7b7863d4a7686554,mlperf,60,12,11,0.9166666666666666
tile:xla,train,mlperf_nmt_batch_64_-7c779f43528d5174,mlperf,1216,55,54,0.9818181818181818
tile:xla,train,mlperf_nmt_batch_64_-7cc38b19f564d223,mlperf,2488,12,11,0.9166666666666666
tile:xla,train,mlperf_nmt_batch_64_-7f780bcb2099abfe,mlperf,284,18,19,1.0555555555555556
tile:xla,train,mlperf_nmt_batch_64_-80e170717975418,mlperf,284,42,47,1.119047619047619
tile:xla,train,mlperf_nmt_batch_64_-8c47724dca28db0,mlperf,429,11,10,0.9090909090909091
tile:xla,train,mlperf_nmt_batch_64_-acac534d91db3df,mlperf,2657,18,17,0.9444444444444444
tile:xla,train,mlperf_nmt_batch_64_-c3d3b15d7963aa0,mlperf,309,11,10,0.9090909090909091
tile:xla,train,mlperf_nmt_batch_64_-c8a2c2ef5ccbceb,mlperf,1130,12,11,0.9166666666666666
tile:xla,train,mlperf_nmt_batch_64_-dbb1563cfa9cac3,mlperf,270,29,31,1.0689655172413792
tile:xla,train,mlperf_nmt_batch_64_12da185d097dd64,mlperf,2842,22,22,1.0
tile:xla,train,mlperf_nmt_batch_64_137f88afde861b38,mlperf,235,11,10,0.9090909090909091
tile:xla,train,mlperf_nmt_batch_64_1462cfd8af507629,mlperf,209,14,14,1.0
tile:xla,train,mlperf_nmt_batch_64_17dc6a452a0c28a8,mlperf,3982,35,35,1.0
tile:xla,train,mlperf_nmt_batch_64_18fba42c5f34de08,mlperf,3688,19,18,0.9473684210526315
tile:xla,train,mlperf_nmt_batch_64_1927eebbedc8e6e8,mlperf,8,45,54,1.2
tile:xla,train,mlperf_nmt_batch_64_19ecb250dba3fa4d,mlperf,174,10,10,1.0
tile:xla,train,mlperf_nmt_batch_64_1a68273fb3d3032f,mlperf,210,42,47,1.119047619047619
tile:xla,train,mlperf_nmt_batch_64_1bb330932f49207f,mlperf,2935,12,11,0.9166666666666666
tile:xla,train,mlperf_nmt_batch_64_1bfdcc1505a782f1,mlperf,3085,27,27,1.0
tile:xla,train,mlperf_nmt_batch_64_1c765dfe2ae938d1,mlperf,3804,36,37,1.0277777777777777
tile:xla,train,mlperf_nmt_batch_64_1d2cdef35a1e594a,mlperf,1488,12,11,0.9166666666666666
tile:xla,train,mlperf_nmt_batch_64_1e2e423ceb492a58,mlperf,2955,12,11,0.9166666666666666
tile:xla,train,mlperf_nmt_batch_64_1fac60ca61328ee4,mlperf,259,14,14,1.0
tile:xla,train,mlperf_nmt_batch_64_1faddb02e22a2205,mlperf,4247,28,27,0.9642857142857143
tile:xla,train,mlperf_nmt_batch_64_2282c0fb85f2b645,mlperf,1230,49,49,1.0
tile:xla,train,mlperf_nmt_batch_64_2491a8bb9e23a89f,mlperf,3432,15,14,0.9333333333333333
tile:xla,train,mlperf_nmt_batch_64_25b6a581707e1e16,mlperf,1535,20,20,1.0
tile:xla,train,mlperf_nmt_batch_64_25e81c63f9f611c2,mlperf,617,9,8,0.8888888888888888
tile:xla,train,mlperf_nmt_batch_64_26304456916a2bcf,mlperf,3134,15,14,0.9333333333333333
tile:xla,train,mlperf_nmt_batch_64_2761db0361840ee9,mlperf,2730,12,11,0.9166666666666666
tile:xla,train,mlperf_nmt_batch_64_27c308b787a30e07,mlperf,65,21,20,0.9523809523809523
tile:xla,train,mlperf_nmt_batch_64_27e12bf67d35691d,mlperf,2565,27,27,1.0
tile:xla,train,mlperf_nmt_batch_64_2a2c5151dc465ab2,mlperf,210,39,43,1.1025641025641026
tile:xla,train,mlperf_nmt_batch_64_2a9a22850107306e,mlperf,1003,49,49,1.0
tile:xla,train,mlperf_nmt_batch_64_2bf52d66d88d3f68,mlperf,3223,28,27,0.9642857142857143
tile:xla,train,mlperf_nmt_batch_64_2cd66fab41188cd9,mlperf,4721,19,19,1.0
tile:xla,train,mlperf_nmt_batch_64_2ff1c0a68b03f4df,mlperf,2885,19,18,0.9473684210526315
tile:xla,train,mlperf_nmt_batch_64_305f56945564bc3b,mlperf,334,11,10,0.9090909090909091
tile:xla,train,mlperf_nmt_batch_64_31c77318e2b10dc8,mlperf,1540,55,54,0.9818181818181818
tile:xla,train,mlperf_nmt_batch_64_32f8339cfd0ef35a,mlperf,260,11,10,0.9090909090909091
tile:xla,train,mlperf_nmt_batch_64_335cf15a362e06d0,mlperf,55,32,36,1.125
tile:xla,train,mlperf_nmt_batch_64_337c114b1a172a78,mlperf,65,12,11,0.9166666666666666
tile:xla,train,mlperf_nmt_batch_64_34e96eb369fc3a25,mlperf,2233,18,17,0.9444444444444444
tile:xla,train,mlperf_nmt_batch_64_362793d3b984854,mlperf,284,10,9,0.9
tile:xla,train,mlperf_nmt_batch_64_3699b265d8bfc2,mlperf,3613,22,22,1.0
tile:xla,train,mlperf_nmt_batch_64_3874204f493baeef,mlperf,281,14,14,1.0
tile:xla,train,mlperf_nmt_batch_64_3874c64e2ed47df8,mlperf,270,28,30,1.0714285714285714
tile:xla,train,mlperf_nmt_batch_64_394d1af3a2cd38bd,mlperf,1434,55,54,0.9818181818181818
tile:xla,train,mlperf_nmt_batch_64_39b06c9eb383aa00,mlperf,3213,35,35,1.0
tile:xla,train,mlperf_nmt_batch_64_3a2b5c724b386f02,mlperf,3859,19,19,1.0
tile:xla,train,mlperf_nmt_batch_64_3b0786c3d1c0733b,mlperf,1343,49,49,1.0
tile:xla,train,mlperf_nmt_batch_64_3c72b5ecf73faf6c,mlperf,2031,12,11,0.9166666666666666
tile:xla,train,mlperf_nmt_batch_64_3c95906584dfcb46,mlperf,3127,21,21,1.0
tile:xla,train,mlperf_nmt_batch_64_3cef26ac9ac9f209,mlperf,2945,19,19,1.0
tile:xla,train,mlperf_nmt_batch_64_3ffe263caa700878,mlperf,99,7,6,0.8571428571428571
tile:xla,train,mlperf_nmt_batch_64_40fd1784becbd2eb,mlperf,204,10,10,1.0
tile:xla,train,mlperf_nmt_batch_64_411990df32e8dcb5,mlperf,1535,20,20,1.0
tile:xla,train,mlperf_nmt_batch_64_41656a9ca7c14e20,mlperf,1369,12,11,0.9166666666666666
tile:xla,train,mlperf_nmt_batch_64_42300778515bbf08,mlperf,259,10,9,0.9
tile:xla,train,mlperf_nmt_batch_64_42b47e46f5d56f3,mlperf,2077,20,20,1.0
tile:xla,train,mlperf_nmt_batch_64_43eedb258130e8ca,mlperf,1833,20,20,1.0
tile:xla,train,mlperf_nmt_batch_64_4636a292ae989fc5,mlperf,4627,19,19,1.0
tile:xla,train,mlperf_nmt_batch_64_47566a605d8af12f,mlperf,2694,21,21,1.0
tile:xla,train,mlperf_nmt_batch_64_47fa67ae30e8a55b,mlperf,309,7,6,0.8571428571428571
tile:xla,train,mlperf_nmt_batch_64_48f4a5c651574b3c,mlperf,260,39,43,1.1025641025641026
tile:xla,train,mlperf_nmt_batch_64_496d520844a6a5b9,mlperf,249,9,8,0.8888888888888888
tile:xla,train,mlperf_nmt_batch_64_4a344dac5561baf2,mlperf,132,32,36,1.125
tile:xla,train,mlperf_nmt_batch_64_4a77e25058ba8a1c,mlperf,235,12,11,0.9166666666666666
tile:xla,train,mlperf_nmt_batch_64_4b5dcc7c2341434d,mlperf,11,45,54,1.2
tile:xla,train,mlperf_nmt_batch_64_4c51ba7698514710,mlperf,2042,12,11,0.9166666666666666
tile:xla,train,mlperf_nmt_batch_64_4e4787f3f111509a,mlperf,2548,36,37,1.0277777777777777
tile:xla,train,mlperf_nmt_batch_64_52b6eafeeb829720,mlperf,269,32,34,1.0625
tile:xla,train,mlperf_nmt_batch_64_53a7b5719e70d265,mlperf,3990,28,27,0.9642857142857143
tile:xla,train,mlperf_nmt_batch_64_5436dc319c3dd25e,mlperf,210,6,6,1.0
tile:xla,train,mlperf_nmt_batch_64_5480578482e01a9b,mlperf,334,7,6,0.8571428571428571
tile:xla,train,mlperf_nmt_batch_64_5839facf999285cb,mlperf,334,10,9,0.9
tile:xla,train,mlperf_nmt_batch_64_5880dc83a3f8fb02,mlperf,270,12,11,0.9166666666666666
tile:xla,train,mlperf_nmt_batch_64_59161b5ce1f2f558,mlperf,235,11,10,0.9090909090909091
tile:xla,train,mlperf_nmt_batch_64_5a0dc174038bb912,mlperf,97,32,36,1.125
tile:xla,train,mlperf_nmt_batch_64_5b5ebf2932f599c3,mlperf,285,39,43,1.1025641025641026
tile:xla,train,mlperf_nmt_batch_64_5b6b1a08b66ace90,mlperf,2573,22,22,1.0
tile:xla,train,mlperf_nmt_batch_64_5bea783be8c215d,mlperf,2249,21,21,1.0
tile:xla,train,mlperf_nmt_batch_64_5c8c682df55dfa4,mlperf,269,32,34,1.0625
tile:xla,train,mlperf_nmt_batch_64_5c9d9f378053404b,mlperf,2046,20,20,1.0
tile:xla,train,mlperf_nmt_batch_64_5dc418b73a6da22a,mlperf,3187,12,11,0.9166666666666666
tile:xla,train,mlperf_nmt_batch_64_5e1adef0a0ffdd96,mlperf,2279,12,11,0.9166666666666666
tile:xla,train,mlperf_nmt_batch_64_5ebcc3296490baf7,mlperf,8,45,54,1.2
tile:xla,train,mlperf_nmt_batch_64_5ed8831e35d80a03,mlperf,237,32,36,1.125
tile:xla,train,mlperf_nmt_batch_64_5fd67124c832e93,mlperf,1455,49,49,1.0
tile:xla,train,mlperf_nmt_batch_64_6309d318b06f2032,mlperf,306,14,14,1.0
tile:xla,train,mlperf_nmt_batch_64_648b1f9e618f2076,mlperf,309,7,6,0.8571428571428571
tile:xla,train,mlperf_nmt_batch_64_652262677660449f,mlperf,285,12,11,0.9166666666666666
tile:xla,train,mlperf_nmt_batch_64_65aacd6199e07749,mlperf,269,32,34,1.0625
tile:xla,train,mlperf_nmt_batch_64_67344be9dbae9ed4,mlperf,2444,18,17,0.9444444444444444
tile:xla,train,mlperf_nmt_batch_64_68bca6fbac1f4f2,mlperf,2893,15,14,0.9333333333333333
tile:xla,train,mlperf_nmt_batch_64_694528b90458839e,mlperf,269,32,34,1.0625
tile:xla,train,mlperf_nmt_batch_64_6a6c990b5213e73e,mlperf,2807,36,37,1.0277777777777777
tile:xla,train,mlperf_nmt_batch_64_6affa1edfa66890,mlperf,4310,19,19,1.0
tile:xla,train,mlperf_nmt_batch_64_6d99f457f07fe4b4,mlperf,259,11,10,0.9090909090909091
tile:xla,train,mlperf_nmt_batch_64_6f0f218278633f1,mlperf,70,12,11,0.9166666666666666
tile:xla,train,mlperf_nmt_batch_64_72100cb243519390,mlperf,3710,15,14,0.9333333333333333
tile:xla,train,mlperf_nmt_batch_64_726dbd8fceccc9e1,mlperf,310,12,11,0.9166666666666666
tile:xla,train,mlperf_nmt_batch_64_73a4c4ae2649055c,mlperf,2610,15,14,0.9333333333333333
tile:xla,train,mlperf_nmt_batch_64_75a3adb06d6c72a1,mlperf,284,7,6,0.8571428571428571
tile:xla,train,mlperf_nmt_batch_64_76d0b62bd5ca672c,mlperf,2077,20,20,1.0
tile:xla,train,mlperf_nmt_batch_64_775533f432f28a8f,mlperf,210,18,19,1.0555555555555556
tile:xla,train,mlperf_nmt_batch_64_77a24a6fce7ed11a,mlperf,290,11,10,0.9090909090909091
tile:xla,train,mlperf_nmt_batch_64_77b3eff667de7e5d,mlperf,259,6,6,1.0
tile:xla,train,mlperf_nmt_batch_64_798bba5f3f9ae5f2,mlperf,2029,15,14,0.9333333333333333
tile:xla,train,mlperf_nmt_batch_64_7b513462b8e7ea9e,mlperf,75,12,11,0.9166666666666666
tile:xla,train,mlperf_nmt_batch_64_7ba450f5cc95c0c2,mlperf,346,9,8,0.8888888888888888
tile:xla,train,mlperf_nmt_batch_64_7dbcb867e9d342bd,mlperf,3306,36,37,1.0277777777777777
tile:xla,train,mlperf_nmt_batch_64_7dcf7159f748f859,mlperf,2708,12,11,0.9166666666666666
tile:xla,train,mlperf_nmt_batch_64_7e9890712c6a5a4a,mlperf,1009,12,11,0.9166666666666666
tile:xla,train,mlperf_nmt_batch_64_81bd5f5997257b9,mlperf,608,8,7,0.875
tile:xla,train,mlperf_nmt_batch_64_84ad0fca4a3a6e6,mlperf,3580,35,35,1.0
tile:xla,train,mlperf_nmt_batch_64_8975424ab3d7a61,mlperf,334,6,6,1.0
tile:xla,train,mlperf_nmt_batch_64_8bc1344640b7957,mlperf,60,21,20,0.9523809523809523
tile:xla,train,mlperf_nmt_batch_64_908162884d7b872,mlperf,259,18,19,1.0555555555555556
tile:xla,train,mlperf_nmt_batch_64_96759cc96c0ed9e,mlperf,1601,12,11,0.9166666666666666
tile:xla,train,mlperf_nmt_batch_64_9bc7f8d0d555707,mlperf,2256,15,14,0.9333333333333333
tile:xla,train,mlperf_nmt_batch_64_b0f5b5065e2b4a9,mlperf,3953,19,18,0.9473684210526315
tile:xla,train,mlperf_nmt_batch_64_b5708cdf011c3ee,mlperf,2811,31,32,1.032258064516129
tile:xla,train,mlperf_nmt_batch_64_cd29351cde48a6,mlperf,17,45,54,1.2
tile:xla,train,mlperf_nmt_batch_64_ee37506f737ac1e,mlperf,280,10,10,1.0
tile:xla,train,mlperf_nmt_batch_64_eecac7a6d2a5371,mlperf,334,11,10,0.9090909090909091
tile:xla,train,mlperf_nmt_batch_64_f95e7004e4c3c03,mlperf,334,42,47,1.119047619047619
tile:xla,train,mlperf_nmt_batch_8_-103434dbe2bfd924,mlperf,578,12,11,0.9166666666666666
tile:xla,train,mlperf_nmt_batch_8_-11bf1bf9fc8fe190,mlperf,753,27,27,1.0
tile:xla,train,mlperf_nmt_batch_8_-125e633bf294cf9b,mlperf,558,15,14,0.9333333333333333
tile:xla,train,mlperf_nmt_batch_8_-13edd3d1c4d3c8df,mlperf,677,19,18,0.9473684210526315
tile:xla,train,mlperf_nmt_batch_8_-16f770c53cfada59,mlperf,628,18,17,0.9444444444444444
tile:xla,train,mlperf_nmt_batch_8_-174e9a2d6d4aa45a,mlperf,62,28,30,1.0714285714285714
tile:xla,train,mlperf_nmt_batch_8_-1a8633b94459ba44,mlperf,688,36,37,1.0277777777777777
tile:xla,train,mlperf_nmt_batch_8_-1b27642029b13a19,mlperf,477,16,15,0.9375
tile:xla,train,mlperf_nmt_batch_8_-1bb7b4f6cb4ceb7,mlperf,12,15,15,1.0
tile:xla,train,mlperf_nmt_batch_8_-1beed0c670abf9ab,mlperf,80,11,10,0.9090909090909091
tile:xla,train,mlperf_nmt_batch_8_-1c14e674d483a449,mlperf,822,15,14,0.9333333333333333
tile:xla,train,mlperf_nmt_batch_8_-1c56ff4ba5122fa5,mlperf,1855,44,44,1.0
tile:xla,train,mlperf_nmt_batch_8_-1db92ebac4ffb358,mlperf,1240,33,32,0.9696969696969697
tile:xla,train,mlperf_nmt_batch_8_-2031d3eb3d192587,mlperf,425,21,21,1.0
tile:xla,train,mlperf_nmt_batch_8_-203580245f8c020b,mlperf,755,19,18,0.9473684210526315
tile:xla,train,mlperf_nmt_batch_8_-231bbef9ef94424e,mlperf,556,27,27,1.0
tile:xla,train,mlperf_nmt_batch_8_-231e61030da0565f,mlperf,729,21,21,1.0
tile:xla,train,mlperf_nmt_batch_8_-25fc888e2c32c1b1,mlperf,425,12,11,0.9166666666666666
tile:xla,train,mlperf_nmt_batch_8_-2826020fc14a0360,mlperf,476,19,18,0.9473684210526315
tile:xla,train,mlperf_nmt_batch_8_-292075e3c9edee3a,mlperf,608,8,7,0.875
tile:xla,train,mlperf_nmt_batch_8_-2a5b727da1ed9eb8,mlperf,301,28,28,1.0
tile:xla,train,mlperf_nmt_batch_8_-2f0251b39d7f6b96,mlperf,680,12,11,0.9166666666666666
tile:xla,train,mlperf_nmt_batch_8_-2f7150de9dc8271f,mlperf,679,16,15,0.9375
tile:xla,train,mlperf_nmt_batch_8_-31c8b3ef3a6d4f21,mlperf,476,21,21,1.0
tile:xla,train,mlperf_nmt_batch_8_-321bd591c63c6593,mlperf,285,55,54,0.9818181818181818
tile:xla,train,mlperf_nmt_batch_8_-327327e519289265,mlperf,260,55,54,0.9818181818181818
tile:xla,train,mlperf_nmt_batch_8_-38571a5ebd92a628,mlperf,629,16,15,0.9375
tile:xla,train,mlperf_nmt_batch_8_-38cb6ed82a1e6837,mlperf,210,49,49,1.0
tile:xla,train,mlperf_nmt_batch_8_-3972abc9421b1b61,mlperf,1917,28,28,1.0
tile:xla,train,mlperf_nmt_batch_8_-399e80733464cd9f,mlperf,425,12,11,0.9166666666666666
tile:xla,train,mlperf_nmt_batch_8_-39b0bbb44e31e564,mlperf,62,29,31,1.0689655172413792
tile:xla,train,mlperf_nmt_batch_8_-39e97a9ba5598d6b,mlperf,425,25,25,1.0
tile:xla,train,mlperf_nmt_batch_8_-3a1611eba11c0c71,mlperf,528,21,21,1.0
tile:xla,train,mlperf_nmt_batch_8_-3b17dad52d3af0c0,mlperf,680,21,21,1.0
tile:xla,train,mlperf_nmt_batch_8_-3caf212fec58a0da,mlperf,235,55,54,0.9818181818181818
tile:xla,train,mlperf_nmt_batch_8_-3deb26ab8f1d12ef,mlperf,753,31,32,1.032258064516129
tile:xla,train,mlperf_nmt_batch_8_-3e78fb9dd33b7e91,mlperf,629,12,11,0.9166666666666666
tile:xla,train,mlperf_nmt_batch_8_-3f2337438b22c24b,mlperf,577,19,18,0.9473684210526315
tile:xla,train,mlperf_nmt_batch_8_-3f2d506bdbc47d63,mlperf,629,25,25,1.0
tile:xla,train,mlperf_nmt_batch_8_-3f80bff95d07bd16,mlperf,285,12,11,0.9166666666666666
tile:xla,train,mlperf_nmt_batch_8_-41fe3e313e85b2e0,mlperf,689,31,32,1.032258064516129
tile:xla,train,mlperf_nmt_batch_8_-426ba24e18a17dc8,mlperf,285,49,49,1.0
tile:xla,train,mlperf_nmt_batch_8_-46953053bd4a226b,mlperf,753,36,37,1.0277777777777777
tile:xla,train,mlperf_nmt_batch_8_-492fb32342c4f216,mlperf,817,22,22,1.0
tile:xla,train,mlperf_nmt_batch_8_-4b27173c7af040ec,mlperf,1498,44,44,1.0
tile:xla,train,mlperf_nmt_batch_8_-5001ed36f3960fa7,mlperf,822,19,18,0.9473684210526315
tile:xla,train,mlperf_nmt_batch_8_-52ef06c39545e822,mlperf,1218,44,44,1.0
tile:xla,train,mlperf_nmt_batch_8_-5461be8aa604e725,mlperf,558,19,18,0.9473684210526315
tile:xla,train,mlperf_nmt_batch_8_-55b383d8b01e7c71,mlperf,62,29,31,1.0689655172413792
tile:xla,train,mlperf_nmt_batch_8_-56b69adce88e8c94,mlperf,335,49,49,1.0
tile:xla,train,mlperf_nmt_batch_8_-57168ddfa19eafbb,mlperf,235,49,49,1.0
tile:xla,train,mlperf_nmt_batch_8_-589c3d2210c31fee,mlperf,335,55,54,0.9818181818181818
tile:xla,train,mlperf_nmt_batch_8_-598f7ccc613a5945,mlperf,625,19,18,0.9473684210526315
tile:xla,train,mlperf_nmt_batch_8_-5a95ac87cb6d2ced,mlperf,729,21,21,1.0
tile:xla,train,mlperf_nmt_batch_8_-5b2161bccf7d3f4e,mlperf,528,12,11,0.9166666666666666
tile:xla,train,mlperf_nmt_batch_8_-5c6c287ee1616649,mlperf,730,21,21,1.0
tile:xla,train,mlperf_nmt_batch_8_-5d2e5ed3ded5d4f0,mlperf,730,21,21,1.0
tile:xla,train,mlperf_nmt_batch_8_-606985bfdda83174,mlperf,100,10,10,1.0
tile:xla,train,mlperf_nmt_batch_8_-63c8c2cc934dfdc6,mlperf,557,31,32,1.032258064516129
tile:xla,train,mlperf_nmt_batch_8_-655ae3ef2ab5ebac,mlperf,579,21,21,1.0
tile:xla,train,mlperf_nmt_batch_8_-677a5c2f279c03c4,mlperf,1430,33,32,0.9696969696969697
tile:xla,train,mlperf_nmt_batch_8_-681fbdb8bd75c691,mlperf,260,49,49,1.0
tile:xla,train,mlperf_nmt_batch_8_-68692b24ebf5aee1,mlperf,476,18,17,0.9444444444444444
tile:xla,train,mlperf_nmt_batch_8_-69eacdb332bae18f,mlperf,134,9,8,0.8888888888888888
tile:xla,train,mlperf_nmt_batch_8_-69fbd023bb273fb7,mlperf,477,21,21,1.0
tile:xla,train,mlperf_nmt_batch_8_-6a9ca7598d422b5c,mlperf,425,19,18,0.9473684210526315
tile:xla,train,mlperf_nmt_batch_8_-6aeadaf53f453f84,mlperf,879,27,27,1.0
tile:xla,train,mlperf_nmt_batch_8_-6cb97a22cb70360a,mlperf,62,12,11,0.9166666666666666
tile:xla,train,mlperf_nmt_batch_8_-729bd0ee81ae2e70,mlperf,755,15,14,0.9333333333333333
tile:xla,train,mlperf_nmt_batch_8_-782d9a10611594a7,mlperf,578,16,15,0.9375
tile:xla,train,mlperf_nmt_batch_8_-787006d4e8ce2d15,mlperf,75,6,6,1.0
tile:xla,train,mlperf_nmt_batch_8_-7ab575347c09cc68,mlperf,310,49,49,1.0
tile:xla,train,mlperf_nmt_batch_8_-d15c733dcaa8005,mlperf,87,11,10,0.9090909090909091
tile:xla,train,mlperf_nmt_batch_8_-dc7a06b5640ac04,mlperf,689,22,22,1.0
tile:xla,train,mlperf_nmt_batch_8_-feee11bbaab8018,mlperf,425,18,17,0.9444444444444444
tile:xla,train,mlperf_nmt_batch_8_119a896f59961590,mlperf,815,36,37,1.0277777777777777
tile:xla,train,mlperf_nmt_batch_8_11b32c18a72a3b00,mlperf,1870,33,32,0.9696969696969697
tile:xla,train,mlperf_nmt_batch_8_11c866a05533016b,mlperf,1033,33,32,0.9696969696969697
tile:xla,train,mlperf_nmt_batch_8_1282b8978f30ba53,mlperf,62,32,34,1.0625
tile:xla,train,mlperf_nmt_batch_8_1631db80f77ca27,mlperf,219,28,28,1.0
tile:xla,train,mlperf_nmt_batch_8_179738ea048bae56,mlperf,216,28,28,1.0
tile:xla,train,mlperf_nmt_batch_8_17e39628d1a53122,mlperf,210,55,54,0.9818181818181818
tile:xla,train,mlperf_nmt_batch_8_18f7f128667e9ac6,mlperf,880,22,22,1.0
tile:xla,train,mlperf_nmt_batch_8_1b53ae780091d0ee,mlperf,94,11,10,0.9090909090909091
tile:xla,train,mlperf_nmt_batch_8_1d871544e6789eb0,mlperf,557,22,22,1.0
tile:xla,train,mlperf_nmt_batch_8_1e0394731520cb10,mlperf,579,21,21,1.0
tile:xla,train,mlperf_nmt_batch_8_1e47925729f56908,mlperf,527,16,15,0.9375
tile:xla,train,mlperf_nmt_batch_8_1f10ccca8bc74307,mlperf,625,15,14,0.9333333333333333
tile:xla,train,mlperf_nmt_batch_8_1f9cf5e060508f6f,mlperf,62,32,34,1.0625
tile:xla,train,mlperf_nmt_batch_8_2097ac5dcbeba510,mlperf,260,12,11,0.9166666666666666
tile:xla,train,mlperf_nmt_batch_8_21e3a6587437cb91,mlperf,105,10,10,1.0
tile:xla,train,mlperf_nmt_batch_8_24b915aca645d2b7,mlperf,628,19,18,0.9473684210526315
tile:xla,train,mlperf_nmt_batch_8_25e81c63f9f611c2,mlperf,617,9,8,0.8888888888888888
tile:xla,train,mlperf_nmt_batch_8_25ea2b9309eb5cde,mlperf,688,27,27,1.0
tile:xla,train,mlperf_nmt_batch_8_269e80799acfaf7a,mlperf,677,18,17,0.9444444444444444
tile:xla,train,mlperf_nmt_batch_8_28dd3380c8fea4e8,mlperf,679,12,11,0.9166666666666666
tile:xla,train,mlperf_nmt_batch_8_29d86b02f76f9e9e,mlperf,62,29,31,1.0689655172413792
tile:xla,train,mlperf_nmt_batch_8_2eee5b7652c85063,mlperf,528,16,15,0.9375
tile:xla,train,mlperf_nmt_batch_8_2efb8efeab6ae82c,mlperf,310,12,11,0.9166666666666666
tile:xla,train,mlperf_nmt_batch_8_302e92003ef7f14e,mlperf,224,28,28,1.0
tile:xla,train,mlperf_nmt_batch_8_3152eea8831e277b,mlperf,528,25,25,1.0
tile:xla,train,mlperf_nmt_batch_8_318a3af4a3e4b6a7,mlperf,477,25,25,1.0
tile:xla,train,mlperf_nmt_batch_8_32b23ce9c455d089,mlperf,527,12,11,0.9166666666666666
tile:xla,train,mlperf_nmt_batch_8_335cf15a362e06d0,mlperf,55,32,36,1.125
tile:xla,train,mlperf_nmt_batch_8_33676ea74f557f9,mlperf,629,12,11,0.9166666666666666
tile:xla,train,mlperf_nmt_batch_8_33a2ffa0b5fb260a,mlperf,62,29,31,1.0689655172413792
tile:xla,train,mlperf_nmt_batch_8_359f0bbe628fbd30,mlperf,883,19,18,0.9473684210526315
tile:xla,train,mlperf_nmt_batch_8_377ac9b426dbe017,mlperf,101,11,10,0.9090909090909091
tile:xla,train,mlperf_nmt_batch_8_37b406a454aad8c9,mlperf,886,15,14,0.9333333333333333
tile:xla,train,mlperf_nmt_batch_8_38a18c1789e17a81,mlperf,425,16,15,0.9375
tile:xla,train,mlperf_nmt_batch_8_38c1fd975f60e8ae,mlperf,689,15,14,0.9333333333333333
tile:xla,train,mlperf_nmt_batch_8_3991c6df55cc0cbc,mlperf,879,31,32,1.032258064516129
tile:xla,train,mlperf_nmt_batch_8_3999ce0dfd99a149,mlperf,235,12,11,0.9166666666666666
tile:xla,train,mlperf_nmt_batch_8_39b8797b25f9af1c,mlperf,526,18,17,0.9444444444444444
tile:xla,train,mlperf_nmt_batch_8_3a1354b1893b235c,mlperf,526,19,18,0.9473684210526315
tile:xla,train,mlperf_nmt_batch_8_3c661cd86e5cff3b,mlperf,1138,33,32,0.9696969696969697
tile:xla,train,mlperf_nmt_batch_8_3ce3f39afd9a3686,mlperf,305,28,28,1.0
tile:xla,train,mlperf_nmt_batch_8_3d2a728be6b72929,mlperf,689,19,18,0.9473684210526315
tile:xla,train,mlperf_nmt_batch_8_3e6b281b007c7e98,mlperf,73,11,10,0.9090909090909091
tile:xla,train,mlperf_nmt_batch_8_3ec55fe44bd205be,mlperf,75,11,10,0.9090909090909091
tile:xla,train,mlperf_nmt_batch_8_3ec8e984404453de,mlperf,753,22,22,1.0
tile:xla,train,mlperf_nmt_batch_8_3ffe263caa700878,mlperf,99,7,6,0.8571428571428571
tile:xla,train,mlperf_nmt_batch_8_415f3920899a3089,mlperf,578,25,25,1.0
tile:xla,train,mlperf_nmt_batch_8_418fbeddaf535317,mlperf,879,36,37,1.0277777777777777
tile:xla,train,mlperf_nmt_batch_8_41ac840f48d8ebc7,mlperf,622,27,27,1.0
tile:xla,train,mlperf_nmt_batch_8_4267d918d3a352e2,mlperf,579,21,21,1.0
tile:xla,train,mlperf_nmt_batch_8_43a6e082dbe69eef,mlperf,62,32,34,1.0625
tile:xla,train,mlperf_nmt_batch_8_476d40387e527011,mlperf,528,21,21,1.0
tile:xla,train,mlperf_nmt_batch_8_47ce46b080b969a0,mlperf,577,18,17,0.9444444444444444
tile:xla,train,mlperf_nmt_batch_8_485c59a123ff54b4,mlperf,1020,44,44,1.0
tile:xla,train,mlperf_nmt_batch_8_4895af6b8c463345,mlperf,680,16,15,0.9375
tile:xla,train,mlperf_nmt_batch_8_491c149beb36c7ae,mlperf,680,25,25,1.0
tile:xla,train,mlperf_nmt_batch_8_496d520844a6a5b9,mlperf,249,9,8,0.8888888888888888
tile:xla,train,mlperf_nmt_batch_8_4a344dac5561baf2,mlperf,132,32,36,1.125
tile:xla,train,mlperf_nmt_batch_8_4a623b4ae3ddd62b,mlperf,629,21,21,1.0
tile:xla,train,mlperf_nmt_batch_8_4ae4a1ffbd0690ba,mlperf,425,16,15,0.9375
tile:xla,train,mlperf_nmt_batch_8_4c840ca10d4d16fa,mlperf,1529,33,32,0.9696969696969697
tile:xla,train,mlperf_nmt_batch_8_4ead24d815f222f9,mlperf,1402,44,44,1.0
tile:xla,train,mlperf_nmt_batch_8_513dfbb06a7399d6,mlperf,814,27,27,1.0
tile:xla,train,mlperf_nmt_batch_8_5260fa3da65a747,mlperf,477,16,15,0.9375
tile:xla,train,mlperf_nmt_batch_8_54d0019423739411,mlperf,6,42,47,1.119047619047619
tile:xla,train,mlperf_nmt_batch_8_551d960cc4582c44,mlperf,679,21,21,1.0
tile:xla,train,mlperf_nmt_batch_8_5a0dc174038bb912,mlperf,97,32,36,1.125
tile:xla,train,mlperf_nmt_batch_8_5c8648a36579a02c,mlperf,1120,44,44,1.0
tile:xla,train,mlperf_nmt_batch_8_5df0ba2eed4750a8,mlperf,476,21,21,1.0
tile:xla,train,mlperf_nmt_batch_8_5ed8831e35d80a03,mlperf,237,32,36,1.125
tile:xla,train,mlperf_nmt_batch_8_6587d85070304e10,mlperf,477,12,11,0.9166666666666666
tile:xla,train,mlperf_nmt_batch_8_6688671298af570d,mlperf,557,36,37,1.0277777777777777
tile:xla,train,mlperf_nmt_batch_8_6708d655ed0f6615,mlperf,579,12,11,0.9166666666666666
tile:xla,train,mlperf_nmt_batch_8_69d4563e18bee424,mlperf,578,16,15,0.9375
tile:xla,train,mlperf_nmt_batch_8_6a1f875e6b2c6b61,mlperf,528,21,21,1.0
tile:xla,train,mlperf_nmt_batch_8_6bf547e98765d945,mlperf,477,12,11,0.9166666666666666
tile:xla,train,mlperf_nmt_batch_8_6c16ec4a16d624e0,mlperf,622,36,37,1.0277777777777777
tile:xla,train,mlperf_nmt_batch_8_6d75a62369131669,mlperf,629,16,15,0.9375
tile:xla,train,mlperf_nmt_batch_8_6f8d70b2eac5c428,mlperf,335,12,11,0.9166666666666666
tile:xla,train,mlperf_nmt_batch_8_73db5370d2f1e221,mlperf,817,31,32,1.032258064516129
tile:xla,train,mlperf_nmt_batch_8_773bf0f49458ad1,mlperf,310,55,54,0.9818181818181818
tile:xla,train,mlperf_nmt_batch_8_774f951016da1797,mlperf,62,29,31,1.0689655172413792
tile:xla,train,mlperf_nmt_batch_8_7815c7a55300c844,mlperf,679,21,21,1.0
tile:xla,train,mlperf_nmt_batch_8_79976f20b672c782,mlperf,62,32,34,1.0625
tile:xla,train,mlperf_nmt_batch_8_7ba450f5cc95c0c2,mlperf,346,9,8,0.8888888888888888
tile:xla,train,mlperf_nmt_batch_8_7cc08f028269e8bf,mlperf,62,32,34,1.0625
tile:xla,train,mlperf_nmt_batch_8_7e66d401b7cbbd1e,mlperf,62,32,34,1.0625
tile:xla,train,mlperf_nmt_batch_8_81bd5f5997257b9,mlperf,608,8,7,0.875
tile:xla,train,mlperf_nmt_batch_8_d06114c3a2337a8,mlperf,62,29,31,1.0689655172413792
tile:xla,train,mlperf_nmt_batch_8_d6b0ec00c1cb2f5,mlperf,622,31,32,1.032258064516129
tile:xla,train,mlperf_nmt_batch_8_ee518ec406de98c,mlperf,622,22,22,1.0
tile:xla,train,mlperf_resnet_-12042d055ff826d4,resnet,55,28,30,1.0714285714285714
tile:xla,train,mlperf_resnet_-1624816c06d73c6e,resnet,1119,38,40,1.0526315789473684
tile:xla,train,mlperf_resnet_-172f742955c3f64a,resnet,9992,62,67,1.0806451612903225
tile:xla,train,mlperf_resnet_-1c38eaa8b789150c,resnet,1700,62,67,1.0806451612903225
tile:xla,train,mlperf_resnet_-1e11244356cdedf0,resnet,1098,33,32,0.9696969696969697
tile:xla,train,mlperf_resnet_-204a30f223406ee8,resnet,3563,24,26,1.0833333333333333
tile:xla,train,mlperf_resnet_-21868f7abef514b1,resnet,2332,29,28,0.9655172413793104
tile:xla,train,mlperf_resnet_-224cc133a0f71b1f,resnet,950,47,46,0.9787234042553191
tile:xla,train,mlperf_resnet_-2327e1c8d666ee45,resnet,3441,38,40,1.0526315789473684
tile:xla,train,mlperf_resnet_-234d44eb44ef1ea9,resnet,1893,19,18,0.9473684210526315
tile:xla,train,mlperf_resnet_-25b64e997ec22d6b,resnet,415,9,8,0.8888888888888888
tile:xla,train,mlperf_resnet_-2678afb9b4846048,resnet,1206,36,40,1.1111111111111112
tile:xla,train,mlperf_resnet_-2717eea624bb915a,resnet,9989,47,46,0.9787234042553191
tile:xla,train,mlperf_resnet_-2932b4458212702,resnet,178,42,41,0.9761904761904762
tile:xla,train,mlperf_resnet_-2a630bb958febf33,resnet,76,28,30,1.0714285714285714
tile:xla,train,mlperf_resnet_-2bdae3d7f9b17adb,resnet,1696,47,46,0.9787234042553191
tile:xla,train,mlperf_resnet_-2be546a55554ff4,resnet,1625,19,18,0.9473684210526315
tile:xla,train,mlperf_resnet_-3156b1fe89e75803,resnet,4606,24,26,1.0833333333333333
tile:xla,train,mlperf_resnet_-39bc7c61b7f349e4,resnet,1893,29,28,0.9655172413793104
tile:xla,train,mlperf_resnet_-3ac665ada2b23ef9,resnet,3297,62,67,1.0806451612903225
tile:xla,train,mlperf_resnet_-3d13f4b2f1afd37c,resnet,5750,38,40,1.0526315789473684
tile:xla,train,mlperf_resnet_-3e9ec0a765651a6d,resnet,9940,62,67,1.0806451612903225
tile:xla,train,mlperf_resnet_-3fc60b083bb10ca,resnet,5385,62,67,1.0806451612903225
tile:xla,train,mlperf_resnet_-42194aeeb14ca00e,resnet,3070,24,26,1.0833333333333333
tile:xla,train,mlperf_resnet_-4252694f7abb41e0,resnet,1193,19,18,0.9473684210526315
tile:xla,train,mlperf_resnet_-454544fd46a09530,resnet,3857,57,60,1.0526315789473684
tile:xla,train,mlperf_resnet_-458f6ea5404900b8,resnet,5045,34,36,1.0588235294117647
tile:xla,train,mlperf_resnet_-48dc9501b37e19b1,resnet,2589,65,70,1.0769230769230769
tile:xla,train,mlperf_resnet_-4e2ddefa981e33e3,resnet,4749,47,46,0.9787234042553191
tile:xla,train,mlperf_resnet_-50c8b8dad94b436e,resnet,1700,62,67,1.0806451612903225
tile:xla,train,mlperf_resnet_-50e9c03885189fb6,resnet,707,33,32,0.9696969696969697
tile:xla,train,mlperf_resnet_-51f44e03e1408f7d,resnet,2164,24,26,1.0833333333333333
tile:xla,train,mlperf_resnet_-56a1765338574d48,resnet,5488,47,46,0.9787234042553191
tile:xla,train,mlperf_resnet_-570cb25b1639d25,resnet,73,10,9,0.9
tile:xla,train,mlperf_resnet_-5a04e7ab5d5b1980,resnet,5064,38,40,1.0526315789473684
tile:xla,train,mlperf_resnet_-5c4742f5c0f4138,resnet,4037,24,26,1.0833333333333333
tile:xla,train,mlperf_resnet_-5dd018f3295916a9,resnet,3036,33,32,0.9696969696969697
tile:xla,train,mlperf_resnet_-5ebdbc12edbc3fb4,resnet,103,9,8,0.8888888888888888
tile:xla,train,mlperf_resnet_-620080406801c6e5,resnet,950,33,32,0.9696969696969697
tile:xla,train,mlperf_resnet_-6699c977441c57f7,resnet,9999,62,67,1.0806451612903225
tile:xla,train,mlperf_resnet_-677aab7b41e7ab45,resnet,85,28,30,1.0714285714285714
tile:xla,train,mlperf_resnet_-683a359d073ea1b6,resnet,4388,33,32,0.9696969696969697
tile:xla,train,mlperf_resnet_-6cec92687a707908,resnet,1206,25,24,0.96
tile:xla,train,mlperf_resnet_-7006448bf242e9fc,resnet,4785,33,32,0.9696969696969697
tile:xla,train,mlperf_resnet_-702ddc03b199b8ea,resnet,711,33,32,0.9696969696969697
tile:xla,train,mlperf_resnet_-71877cbbab4e5a51,resnet,5443,62,67,1.0806451612903225
tile:xla,train,mlperf_resnet_-727867cd22f26b75,resnet,2906,57,60,1.0526315789473684
tile:xla,train,mlperf_resnet_-76c81546efa1ee04,resnet,908,36,35,0.9722222222222222
tile:xla,train,mlperf_resnet_-789e842bd5279479,resnet,1625,29,28,0.9655172413793104
tile:xla,train,mlperf_resnet_-79e431c8e9743334,resnet,756,24,26,1.0833333333333333
tile:xla,train,mlperf_resnet_-7a9122362ff76835,resnet,3163,24,26,1.0833333333333333
tile:xla,train,mlperf_resnet_-7f60c62a0234a3a3,resnet,9991,38,40,1.0526315789473684
tile:xla,train,mlperf_resnet_-7f7a6a701b3c59c2,resnet,115,9,8,0.8888888888888888
tile:xla,train,mlperf_resnet_-ccbe1cf11bb9c44,resnet,164,9,8,0.8888888888888888
tile:xla,train,mlperf_resnet_-de9c800cdd4a557,resnet,883,62,67,1.0806451612903225
tile:xla,train,mlperf_resnet_-ff2ed459b543fc8,resnet,178,42,41,0.9761904761904762
tile:xla,train,mlperf_resnet_12fb4564247ffabc,resnet,3489,24,26,1.0833333333333333
tile:xla,train,mlperf_resnet_18baf14d1a25b6b4,resnet,1086,24,26,1.0833333333333333
tile:xla,train,mlperf_resnet_1ab3cb9c16657c8e,resnet,1747,33,32,0.9696969696969697
tile:xla,train,mlperf_resnet_1ad601c4fc19f557,resnet,1455,65,70,1.0769230769230769
tile:xla,train,mlperf_resnet_20cd20e6265e20f0,resnet,73,10,9,0.9
tile:xla,train,mlperf_resnet_2154dfeb292b93cc,resnet,9934,38,40,1.0526315789473684
tile:xla,train,mlperf_resnet_21786a2685d91d45,resnet,76,7,6,0.8571428571428571
tile:xla,train,mlperf_resnet_224a1d375d1ce9ed,resnet,1833,24,26,1.0833333333333333
tile:xla,train,mlperf_resnet_234a440a38b49acc,resnet,6254,47,46,0.9787234042553191
tile:xla,train,mlperf_resnet_27399ec8cb3546b,resnet,2973,47,46,0.9787234042553191
tile:xla,train,mlperf_resnet_28de76f1a1e7e97a,resnet,164,9,8,0.8888888888888888
tile:xla,train,mlperf_resnet_2a2ecbf81eed36ea,resnet,208,28,30,1.0714285714285714
tile:xla,train,mlperf_resnet_2e60b8e2b614dc02,resnet,9995,62,67,1.0806451612903225
tile:xla,train,mlperf_resnet_2ebbe7b09c89823d,resnet,3282,79,88,1.1139240506329113
tile:xla,train,mlperf_resnet_2f1146ab68ae40ed,resnet,950,47,46,0.9787234042553191
tile:xla,train,mlperf_resnet_2f543ad90b2cc6f4,resnet,1522,57,60,1.0526315789473684
tile:xla,train,mlperf_resnet_30d8ff48f851080e,resnet,9992,38,40,1.0526315789473684
tile:xla,train,mlperf_resnet_3305eddf14d4ff38,resnet,72,28,30,1.0714285714285714
tile:xla,train,mlperf_resnet_36f856e2ae38b005,resnet,72,28,30,1.0714285714285714
tile:xla,train,mlperf_resnet_376d8ff997ce470a,resnet,9979,62,67,1.0806451612903225
tile:xla,train,mlperf_resnet_3aef855168f6e68e,resnet,1967,32,36,1.125
tile:xla,train,mlperf_resnet_3c5567290867fcc7,resnet,3271,64,67,1.046875
tile:xla,train,mlperf_resnet_3c796da482947a09,resnet,3297,62,67,1.0806451612903225
tile:xla,train,mlperf_resnet_3cd7d8a2f4469db1,resnet,9946,38,40,1.0526315789473684
tile:xla,train,mlperf_resnet_3ed1154bd88c86c,resnet,1122,24,26,1.0833333333333333
tile:xla,train,mlperf_resnet_40993f093234d470,resnet,2332,19,18,0.9473684210526315
tile:xla,train,mlperf_resnet_41683265191cec1a,resnet,3345,33,32,0.9696969696969697
tile:xla,train,mlperf_resnet_445f3bac5f5a4573,resnet,3375,33,32,0.9696969696969697
tile:xla,train,mlperf_resnet_4cc217218e8611f9,resnet,4483,56,59,1.0535714285714286
tile:xla,train,mlperf_resnet_4e56c7349842e4e1,resnet,2962,62,67,1.0806451612903225
tile:xla,train,mlperf_resnet_4eb6ce9e3dfcaffa,resnet,676,57,60,1.0526315789473684
tile:xla,train,mlperf_resnet_53c52c84f0a9bbe9,resnet,2823,33,32,0.9696969696969697
tile:xla,train,mlperf_resnet_57a11b0a3ecdfd44,resnet,3009,74,81,1.0945945945945945
tile:xla,train,mlperf_resnet_595b3dc0f213ac47,resnet,9990,47,46,0.9787234042553191
tile:xla,train,mlperf_resnet_5f8ca27c519a0974,resnet,3290,47,46,0.9787234042553191
tile:xla,train,mlperf_resnet_602df55d7e584219,resnet,3290,47,46,0.9787234042553191
tile:xla,train,mlperf_resnet_6079adc58214813f,resnet,6995,33,32,0.9696969696969697
tile:xla,train,mlperf_resnet_632ddf2f16a37dff,resnet,601,65,70,1.0769230769230769
tile:xla,train,mlperf_resnet_638b874b0c0cc022,resnet,1720,57,60,1.0526315789473684
tile:xla,train,mlperf_resnet_6409712ace37c9e3,resnet,1813,38,40,1.0526315789473684
tile:xla,train,mlperf_resnet_69fe35419748fd84,resnet,6579,38,40,1.0526315789473684
tile:xla,train,mlperf_resnet_6a4f4d8613978b28,resnet,9985,47,46,0.9787234042553191
tile:xla,train,mlperf_resnet_6b545f10990333f6,resnet,2973,47,46,0.9787234042553191
tile:xla,train,mlperf_resnet_6bfc86d0f54f78f3,resnet,2962,62,67,1.0806451612903225
tile:xla,train,mlperf_resnet_6c24de0c2295cacc,resnet,2949,65,70,1.0769230769230769
tile:xla,train,mlperf_resnet_6c4d04830f769c22,resnet,883,62,67,1.0806451612903225
tile:xla,train,mlperf_resnet_6ddf8ef2a656a4de,resnet,1193,29,28,0.9655172413793104
tile:xla,train,mlperf_resnet_6f1b5b0fbe9dbec1,resnet,3116,38,40,1.0526315789473684
tile:xla,train,mlperf_resnet_6fd8f55cbcf8805a,resnet,9985,47,46,0.9787234042553191
tile:xla,train,mlperf_resnet_7040a755407b2b95,resnet,76,28,30,1.0714285714285714
tile:xla,train,mlperf_resnet_7289895687183d67,resnet,178,25,25,1.0
tile:xla,train,mlperf_resnet_78e61fb5ffc3be1e,resnet,33,2,1,0.5
tile:xla,train,mlperf_resnet_7988b9a5e7333fd9,resnet,1969,16,15,0.9375
tile:xla,train,mlperf_resnet_7a439446845d72d9,resnet,1696,47,46,0.9787234042553191
tile:xla,train,mlperf_resnet_7ba660fa440fd201,resnet,2004,33,32,0.9696969696969697
tile:xla,train,mlperf_resnet_7c06311e8ca334cb,resnet,9988,33,32,0.9696969696969697
tile:xla,train,mlperf_resnet_7d41efc4db92b108,resnet,9990,33,32,0.9696969696969697
tile:xla,train,mlperf_resnet_7fddeba133a58c84,resnet,5073,24,26,1.0833333333333333
tile:xla,train,mlperf_resnet_a4936c554f394d8,resnet,3837,33,32,0.9696969696969697
tile:xla,train,mlperf_resnet_batch_128_1_shard_-10cf3b946bd77c83,resnet,3220,79,88,1.1139240506329113
tile:xla,train,mlperf_resnet_batch_128_1_shard_-116484c42a0558ad,resnet,409,28,30,1.0714285714285714
tile:xla,train,mlperf_resnet_batch_128_1_shard_-1231c4e0c6cf2c46,resnet,9931,38,40,1.0526315789473684
tile:xla,train,mlperf_resnet_batch_128_1_shard_-13f442e130abc97c,resnet,4388,41,41,1.0
tile:xla,train,mlperf_resnet_batch_128_1_shard_-151a9b3789f1f2c0,resnet,2949,74,81,1.0945945945945945
tile:xla,train,mlperf_resnet_batch_128_1_shard_-155e3ab08205c796,resnet,9984,55,55,1.0
tile:xla,train,mlperf_resnet_batch_128_1_shard_-1624816c06d73c6e,resnet,1119,38,40,1.0526315789473684
tile:xla,train,mlperf_resnet_batch_128_1_shard_-172f742955c3f64a,resnet,9990,62,67,1.0806451612903225
tile:xla,train,mlperf_resnet_batch_128_1_shard_-1c38eaa8b789150c,resnet,1700,62,67,1.0806451612903225
tile:xla,train,mlperf_resnet_batch_128_1_shard_-204a30f223406ee8,resnet,3563,24,26,1.0833333333333333
tile:xla,train,mlperf_resnet_batch_128_1_shard_-21868f7abef514b1,resnet,1866,29,28,0.9655172413793104
tile:xla,train,mlperf_resnet_batch_128_1_shard_-234d44eb44ef1ea9,resnet,1893,19,18,0.9473684210526315
tile:xla,train,mlperf_resnet_batch_128_1_shard_-23e097fc0d5cc66f,resnet,2004,41,41,1.0
tile:xla,train,mlperf_resnet_batch_128_1_shard_-254a7523bfc5fb1b,resnet,3250,62,67,1.0806451612903225
tile:xla,train,mlperf_resnet_batch_128_1_shard_-25b64e997ec22d6b,resnet,415,9,8,0.8888888888888888
tile:xla,train,mlperf_resnet_batch_128_1_shard_-2678afb9b4846048,resnet,1206,36,40,1.1111111111111112
tile:xla,train,mlperf_resnet_batch_128_1_shard_-2a630bb958febf33,resnet,76,28,30,1.0714285714285714
tile:xla,train,mlperf_resnet_batch_128_1_shard_-2be546a55554ff4,resnet,1625,19,18,0.9473684210526315
tile:xla,train,mlperf_resnet_batch_128_1_shard_-2d54ae2a971b52f8,resnet,161,28,30,1.0714285714285714
tile:xla,train,mlperf_resnet_batch_128_1_shard_-3156b1fe89e75803,resnet,4606,24,26,1.0833333333333333
tile:xla,train,mlperf_resnet_batch_128_1_shard_-3697f58f92da3183,resnet,3837,41,41,1.0
tile:xla,train,mlperf_resnet_batch_128_1_shard_-395c758da4cfdf6b,resnet,1747,41,41,1.0
tile:xla,train,mlperf_resnet_batch_128_1_shard_-39bc7c61b7f349e4,resnet,1893,29,28,0.9655172413793104
tile:xla,train,mlperf_resnet_batch_128_1_shard_-3d13f4b2f1afd37c,resnet,5750,38,40,1.0526315789473684
tile:xla,train,mlperf_resnet_batch_128_1_shard_-3e9ec0a765651a6d,resnet,9937,62,67,1.0806451612903225
tile:xla,train,mlperf_resnet_batch_128_1_shard_-3fc60b083bb10ca,resnet,5385,62,67,1.0806451612903225
tile:xla,train,mlperf_resnet_batch_128_1_shard_-42194aeeb14ca00e,resnet,3070,24,26,1.0833333333333333
tile:xla,train,mlperf_resnet_batch_128_1_shard_-4252694f7abb41e0,resnet,1193,19,18,0.9473684210526315
tile:xla,train,mlperf_resnet_batch_128_1_shard_-454544fd46a09530,resnet,3857,57,60,1.0526315789473684
tile:xla,train,mlperf_resnet_batch_128_1_shard_-458f6ea5404900b8,resnet,5045,34,36,1.0588235294117647
tile:xla,train,mlperf_resnet_batch_128_1_shard_-48dc9501b37e19b1,resnet,2589,65,70,1.0769230769230769
tile:xla,train,mlperf_resnet_batch_128_1_shard_-4ba1aa01377930eb,resnet,2854,65,70,1.0769230769230769
tile:xla,train,mlperf_resnet_batch_128_1_shard_-505b55cc99f67c56,resnet,1696,55,55,1.0
tile:xla,train,mlperf_resnet_batch_128_1_shard_-50c8b8dad94b436e,resnet,1700,62,67,1.0806451612903225
tile:xla,train,mlperf_resnet_batch_128_1_shard_-50e9c03885189fb6,resnet,707,33,32,0.9696969696969697
tile:xla,train,mlperf_resnet_batch_128_1_shard_-51f44e03e1408f7d,resnet,2164,24,26,1.0833333333333333
tile:xla,train,mlperf_resnet_batch_128_1_shard_-52fc45331eeb06d,resnet,950,55,55,1.0
tile:xla,train,mlperf_resnet_batch_128_1_shard_-593ca044b256efd4,resnet,3290,55,55,1.0
tile:xla,train,mlperf_resnet_batch_128_1_shard_-5a04e7ab5d5b1980,resnet,5064,38,40,1.0526315789473684
tile:xla,train,mlperf_resnet_batch_128_1_shard_-5c4742f5c0f4138,resnet,4037,24,26,1.0833333333333333
tile:xla,train,mlperf_resnet_batch_128_1_shard_-5ebdbc12edbc3fb4,resnet,103,9,8,0.8888888888888888
tile:xla,train,mlperf_resnet_batch_128_1_shard_-60c55e7ab5893735,resnet,6254,55,55,1.0
tile:xla,train,mlperf_resnet_batch_128_1_shard_-63943c07cc92161,resnet,9997,62,67,1.0806451612903225
tile:xla,train,mlperf_resnet_batch_128_1_shard_-6501aa3cd99c72e,resnet,9991,62,67,1.0806451612903225
tile:xla,train,mlperf_resnet_batch_128_1_shard_-6502d14de6091e76,resnet,178,50,50,1.0
tile:xla,train,mlperf_resnet_batch_128_1_shard_-677aab7b41e7ab45,resnet,85,28,30,1.0714285714285714
tile:xla,train,mlperf_resnet_batch_128_1_shard_-681d69c3df4a9439,resnet,2823,41,41,1.0
tile:xla,train,mlperf_resnet_batch_128_1_shard_-68a7bde56afaf8f0,resnet,711,41,41,1.0
tile:xla,train,mlperf_resnet_batch_128_1_shard_-6980303faa2695a,resnet,102,28,30,1.0714285714285714
tile:xla,train,mlperf_resnet_batch_128_1_shard_-69eb4980d507a532,resnet,4785,41,41,1.0
tile:xla,train,mlperf_resnet_batch_128_1_shard_-6c76f68584194e7e,resnet,177,42,41,0.9761904761904762
tile:xla,train,mlperf_resnet_batch_128_1_shard_-6cec92687a707908,resnet,1206,25,24,0.96
tile:xla,train,mlperf_resnet_batch_128_1_shard_-71877cbbab4e5a51,resnet,5443,62,67,1.0806451612903225
tile:xla,train,mlperf_resnet_batch_128_1_shard_-727867cd22f26b75,resnet,2906,57,60,1.0526315789473684
tile:xla,train,mlperf_resnet_batch_128_1_shard_-76c81546efa1ee04,resnet,908,36,35,0.9722222222222222
tile:xla,train,mlperf_resnet_batch_128_1_shard_-789e842bd5279479,resnet,1625,29,28,0.9655172413793104
tile:xla,train,mlperf_resnet_batch_128_1_shard_-799e50e1841ed69a,resnet,3036,41,41,1.0
tile:xla,train,mlperf_resnet_batch_128_1_shard_-79e431c8e9743334,resnet,756,24,26,1.0833333333333333
tile:xla,train,mlperf_resnet_batch_128_1_shard_-7a9122362ff76835,resnet,3163,24,26,1.0833333333333333
tile:xla,train,mlperf_resnet_batch_128_1_shard_-7d7a77699afcaa5a,resnet,9992,38,40,1.0526315789473684
tile:xla,train,mlperf_resnet_batch_128_1_shard_-7d7ef3bc7ca3d784,resnet,115,2,1,0.5
tile:xla,train,mlperf_resnet_batch_128_1_shard_-7d8cf399ce5f660d,resnet,1098,41,41,1.0
tile:xla,train,mlperf_resnet_batch_128_1_shard_-7f60c62a0234a3a3,resnet,9991,38,40,1.0526315789473684
tile:xla,train,mlperf_resnet_batch_128_1_shard_-7f7a6a701b3c59c2,resnet,115,9,8,0.8888888888888888
tile:xla,train,mlperf_resnet_batch_128_1_shard_-ccbe1cf11bb9c44,resnet,164,9,8,0.8888888888888888
tile:xla,train,mlperf_resnet_batch_128_1_shard_-de9c800cdd4a557,resnet,883,62,67,1.0806451612903225
tile:xla,train,mlperf_resnet_batch_128_1_shard_18baf14d1a25b6b4,resnet,1086,24,26,1.0833333333333333
tile:xla,train,mlperf_resnet_batch_128_1_shard_19491d71e58e0c7d,resnet,5488,55,55,1.0
tile:xla,train,mlperf_resnet_batch_128_1_shard_1ad601c4fc19f557,resnet,1455,65,70,1.0769230769230769
tile:xla,train,mlperf_resnet_batch_128_1_shard_221523960db7c928,resnet,4749,55,55,1.0
tile:xla,train,mlperf_resnet_batch_128_1_shard_224a1d375d1ce9ed,resnet,1833,24,26,1.0833333333333333
tile:xla,train,mlperf_resnet_batch_128_1_shard_25a3dfbede580b91,resnet,177,25,25,1.0
tile:xla,train,mlperf_resnet_batch_128_1_shard_268001098c1af065,resnet,2973,55,55,1.0
tile:xla,train,mlperf_resnet_batch_128_1_shard_28de76f1a1e7e97a,resnet,164,9,8,0.8888888888888888
tile:xla,train,mlperf_resnet_batch_128_1_shard_2a2ecbf81eed36ea,resnet,208,28,30,1.0714285714285714
tile:xla,train,mlperf_resnet_batch_128_1_shard_2bbf93b8a9741d30,resnet,2973,55,55,1.0
tile:xla,train,mlperf_resnet_batch_128_1_shard_2f543ad90b2cc6f4,resnet,1522,57,60,1.0526315789473684
tile:xla,train,mlperf_resnet_batch_128_1_shard_30b26a8bbd5d8d74,resnet,9990,55,55,1.0
tile:xla,train,mlperf_resnet_batch_128_1_shard_31640c5f873778a3,resnet,114,28,30,1.0714285714285714
tile:xla,train,mlperf_resnet_batch_128_1_shard_31aa0798ee8276a3,resnet,1696,55,55,1.0
tile:xla,train,mlperf_resnet_batch_128_1_shard_35a717f460350983,resnet,9987,55,55,1.0
tile:xla,train,mlperf_resnet_batch_128_1_shard_376d8ff997ce470a,resnet,9990,62,67,1.0806451612903225
tile:xla,train,mlperf_resnet_batch_128_1_shard_380716d2616ddb19,resnet,3345,41,41,1.0
tile:xla,train,mlperf_resnet_batch_128_1_shard_3aef855168f6e68e,resnet,1967,32,36,1.125
tile:xla,train,mlperf_resnet_batch_128_1_shard_3b375a4bc88e52b1,resnet,3449,24,26,1.0833333333333333
tile:xla,train,mlperf_resnet_batch_128_1_shard_3b668d0f8ab8d833,resnet,950,41,41,1.0
tile:xla,train,mlperf_resnet_batch_128_1_shard_3cd7d8a2f4469db1,resnet,9943,38,40,1.0526315789473684
tile:xla,train,mlperf_resnet_batch_128_1_shard_3ed1154bd88c86c,resnet,1122,24,26,1.0833333333333333
tile:xla,train,mlperf_resnet_batch_128_1_shard_40993f093234d470,resnet,1866,19,18,0.9473684210526315
tile:xla,train,mlperf_resnet_batch_128_1_shard_48897b964c63c0e9,resnet,3375,41,41,1.0
tile:xla,train,mlperf_resnet_batch_128_1_shard_4cc217218e8611f9,resnet,4483,56,59,1.0535714285714286
tile:xla,train,mlperf_resnet_batch_128_1_shard_4d036547fbcf73f,resnet,9989,55,55,1.0
tile:xla,train,mlperf_resnet_batch_128_1_shard_4e56c7349842e4e1,resnet,2962,62,67,1.0806451612903225
tile:xla,train,mlperf_resnet_batch_128_1_shard_4eb6ce9e3dfcaffa,resnet,541,57,60,1.0526315789473684
tile:xla,train,mlperf_resnet_batch_128_1_shard_5020c9e3bfa13958,resnet,3271,72,76,1.0555555555555556
tile:xla,train,mlperf_resnet_batch_128_1_shard_56c0ddacbcac3f2c,resnet,4851,24,26,1.0833333333333333
tile:xla,train,mlperf_resnet_batch_128_1_shard_6079adc58214813f,resnet,6995,33,32,0.9696969696969697
tile:xla,train,mlperf_resnet_batch_128_1_shard_632ddf2f16a37dff,resnet,481,65,70,1.0769230769230769
tile:xla,train,mlperf_resnet_batch_128_1_shard_638b874b0c0cc022,resnet,1376,57,60,1.0526315789473684
tile:xla,train,mlperf_resnet_batch_128_1_shard_6409712ace37c9e3,resnet,1813,38,40,1.0526315789473684
tile:xla,train,mlperf_resnet_batch_128_1_shard_69fe35419748fd84,resnet,6579,38,40,1.0526315789473684
tile:xla,train,mlperf_resnet_batch_128_1_shard_6bfc86d0f54f78f3,resnet,2962,62,67,1.0806451612903225
tile:xla,train,mlperf_resnet_batch_128_1_shard_6c4d04830f769c22,resnet,883,62,67,1.0806451612903225
tile:xla,train,mlperf_resnet_batch_128_1_shard_6cde648747031e6b,resnet,3290,55,55,1.0
tile:xla,train,mlperf_resnet_batch_128_1_shard_6d989a23ff382f69,resnet,3404,38,40,1.0526315789473684
tile:xla,train,mlperf_resnet_batch_128_1_shard_6ddf8ef2a656a4de,resnet,1193,29,28,0.9655172413793104
tile:xla,train,mlperf_resnet_batch_128_1_shard_6f1b5b0fbe9dbec1,resnet,3116,38,40,1.0526315789473684
tile:xla,train,mlperf_resnet_batch_128_1_shard_702474d7eab45441,resnet,161,28,30,1.0714285714285714
tile:xla,train,mlperf_resnet_batch_128_1_shard_72c952d09961e4ec,resnet,9990,33,32,0.9696969696969697
tile:xla,train,mlperf_resnet_batch_128_1_shard_760a0fb24d8edcfa,resnet,3250,62,67,1.0806451612903225
tile:xla,train,mlperf_resnet_batch_128_1_shard_78e61fb5ffc3be1e,resnet,58,2,1,0.5
tile:xla,train,mlperf_resnet_batch_128_1_shard_7988b9a5e7333fd9,resnet,1969,16,15,0.9375
tile:xla,train,mlperf_resnet_batch_128_1_shard_7a8cbcfb8a40c84c,resnet,950,55,55,1.0
tile:xla,train,mlperf_resnet_batch_128_1_shard_7d41efc4db92b108,resnet,9990,33,32,0.9696969696969697
tile:xla,train,mlperf_resnet_batch_128_1_shard_beba6e13a06c21d,resnet,2671,57,60,1.0526315789473684
tile:xla,train,mlperf_resnet_beba6e13a06c21d,resnet,2671,57,60,1.0526315789473684
tile:xla,train,mlperf_ssd_1_shard_batch_8_fast_epoch_-11a1f14351190465,mlperf,602,31,31,1.0
tile:xla,train,mlperf_ssd_1_shard_batch_8_fast_epoch_-12e7dacd88b9a8b4,mlperf,151,9,8,0.8888888888888888
tile:xla,train,mlperf_ssd_1_shard_batch_8_fast_epoch_-12fce9770d3b2bd5,mlperf,181,59,63,1.0677966101694916
tile:xla,train,mlperf_ssd_1_shard_batch_8_fast_epoch_-14bd578ceab01a1c,mlperf,222,34,33,0.9705882352941176
tile:xla,train,mlperf_ssd_1_shard_batch_8_fast_epoch_-1502322752b27ffd,mlperf,576,12,11,0.9166666666666666
tile:xla,train,mlperf_ssd_1_shard_batch_8_fast_epoch_-1653b0b6a66bfc2a,mlperf,153,45,49,1.0888888888888888
tile:xla,train,mlperf_ssd_1_shard_batch_8_fast_epoch_-16722d2f8228244c,mlperf,2273,73,109,1.4931506849315068
tile:xla,train,mlperf_ssd_1_shard_batch_8_fast_epoch_-16cd27885e7cd94f,mlperf,42,2,1,0.5
tile:xla,train,mlperf_ssd_1_shard_batch_8_fast_epoch_-16db03e2fe64880e,mlperf,5028,19,18,0.9473684210526315
tile:xla,train,mlperf_ssd_1_shard_batch_8_fast_epoch_-16e012e5c1442f6d,mlperf,91,21,21,1.0
tile:xla,train,mlperf_ssd_1_shard_batch_8_fast_epoch_-1b6672dc13639c70,mlperf,511,12,11,0.9166666666666666
tile:xla,train,mlperf_ssd_1_shard_batch_8_fast_epoch_-1c7c58a43814afed,mlperf,91,18,17,0.9444444444444444
tile:xla,train,mlperf_ssd_1_shard_batch_8_fast_epoch_-1c90db12662fe844,mlperf,677,19,18,0.9473684210526315
tile:xla,train,mlperf_ssd_1_shard_batch_8_fast_epoch_-1db08465a3b2feb0,mlperf,289,15,14,0.9333333333333333
tile:xla,train,mlperf_ssd_1_shard_batch_8_fast_epoch_-278411bf52eb9283,mlperf,7,2,1,0.5
tile:xla,train,mlperf_ssd_1_shard_batch_8_fast_epoch_-29bb49262af58715,mlperf,177,31,31,1.0
tile:xla,train,mlperf_ssd_1_shard_batch_8_fast_epoch_-2c05e370adc2b33c,mlperf,584,16,15,0.9375
tile:xla,train,mlperf_ssd_1_shard_batch_8_fast_epoch_-2e3f28567d9b13df,mlperf,179,19,18,0.9473684210526315
tile:xla,train,mlperf_ssd_1_shard_batch_8_fast_epoch_-3147f5d1ad8235e,mlperf,181,41,45,1.0975609756097562
tile:xla,train,mlperf_ssd_1_shard_batch_8_fast_epoch_-348a1f13482237e3,mlperf,185,12,11,0.9166666666666666
tile:xla,train,mlperf_ssd_1_shard_batch_8_fast_epoch_-361d3cc10bd42c96,mlperf,3996,19,18,0.9473684210526315
tile:xla,train,mlperf_ssd_1_shard_batch_8_fast_epoch_-38fc9ce92c21d2dd,mlperf,8,2,1,0.5
tile:xla,train,mlperf_ssd_1_shard_batch_8_fast_epoch_-3b956dd904d9ff38,mlperf,322,31,31,1.0
tile:xla,train,mlperf_ssd_1_shard_batch_8_fast_epoch_-3c80b2a2d3032e85,mlperf,677,12,11,0.9166666666666666
tile:xla,train,mlperf_ssd_1_shard_batch_8_fast_epoch_-3ce8522dbba70ae8,mlperf,592,41,45,1.0975609756097562
tile:xla,train,mlperf_ssd_1_shard_batch_8_fast_epoch_-3d3f341743116800,mlperf,7,2,1,0.5
tile:xla,train,mlperf_ssd_1_shard_batch_8_fast_epoch_-3e47cd34e1faea14,mlperf,14,10,10,1.0
tile:xla,train,mlperf_ssd_1_shard_batch_8_fast_epoch_-3ea7ebbf8da1f803,mlperf,22,2,1,0.5
tile:xla,train,mlperf_ssd_1_shard_batch_8_fast_epoch_-3fa5eb94a15e0f05,mlperf,2258,9,8,0.8888888888888888
tile:xla,train,mlperf_ssd_1_shard_batch_8_fast_epoch_-3fe31c3a6e28c9a2,mlperf,7999,12,11,0.9166666666666666
tile:xla,train,mlperf_ssd_1_shard_batch_8_fast_epoch_-41a538c1743b9249,mlperf,6097,19,18,0.9473684210526315
tile:xla,train,mlperf_ssd_1_shard_batch_8_fast_epoch_-426bedf55fac8473,mlperf,235,41,45,1.0975609756097562
tile:xla,train,mlperf_ssd_1_shard_batch_8_fast_epoch_-42dc6fbc670f01e5,mlperf,1507,59,63,1.0677966101694916
tile:xla,train,mlperf_ssd_1_shard_batch_8_fast_epoch_-42fb2e931adcc365,mlperf,964,34,33,0.9705882352941176
tile:xla,train,mlperf_ssd_1_shard_batch_8_fast_epoch_-459eb5f345ed95fe,mlperf,17,2,1,0.5
tile:xla,train,mlperf_ssd_1_shard_batch_8_fast_epoch_-469b5eaba556b5d,mlperf,3996,12,11,0.9166666666666666
tile:xla,train,mlperf_ssd_1_shard_batch_8_fast_epoch_-4a2709c21a0931f1,mlperf,7693,19,18,0.9473684210526315
tile:xla,train,mlperf_ssd_1_shard_batch_8_fast_epoch_-4be8f5322c52aa57,mlperf,290,29,30,1.0344827586206897
tile:xla,train,mlperf_ssd_1_shard_batch_8_fast_epoch_-4e65e49eecc7d362,mlperf,91,31,31,1.0
tile:xla,train,mlperf_ssd_1_shard_batch_8_fast_epoch_-4ea75e486e46915d,mlperf,1000,12,11,0.9166666666666666
tile:xla,train,mlperf_ssd_1_shard_batch_8_fast_epoch_-4f2331a420eed4d7,mlperf,248,2,1,0.5
tile:xla,train,mlperf_ssd_1_shard_batch_8_fast_epoch_-4f376789b724d9a7,mlperf,8990,12,11,0.9166666666666666
tile:xla,train,mlperf_ssd_1_shard_batch_8_fast_epoch_-50a32f6e9f4a7dd1,mlperf,177,30,31,1.0333333333333334
tile:xla,train,mlperf_ssd_1_shard_batch_8_fast_epoch_-520c8d0cb904a25b,mlperf,7512,22,22,1.0
tile:xla,train,mlperf_ssd_1_shard_batch_8_fast_epoch_-52315b99c2b01c78,mlperf,7997,28,27,0.9642857142857143
tile:xla,train,mlperf_ssd_1_shard_batch_8_fast_epoch_-529248483c949b9d,mlperf,7988,24,25,1.0416666666666667
tile:xla,train,mlperf_ssd_1_shard_batch_8_fast_epoch_-529254617729a95a,mlperf,22,10,10,1.0
tile:xla,train,mlperf_ssd_1_shard_batch_8_fast_epoch_-536d9be901c86708,mlperf,27,10,10,1.0
tile:xla,train,mlperf_ssd_1_shard_batch_8_fast_epoch_-5447b026531eb303,mlperf,7995,12,11,0.9166666666666666
tile:xla,train,mlperf_ssd_1_shard_batch_8_fast_epoch_-54c11c6dd2bc4e4f,mlperf,91,12,11,0.9166666666666666
tile:xla,train,mlperf_ssd_1_shard_batch_8_fast_epoch_-576ac5e633b2410b,mlperf,170,45,49,1.0888888888888888
tile:xla,train,mlperf_ssd_1_shard_batch_8_fast_epoch_-5b714708e18b7e34,mlperf,8991,21,21,1.0
tile:xla,train,mlperf_ssd_1_shard_batch_8_fast_epoch_-5bfeb47c479621ea,mlperf,677,12,11,0.9166666666666666
tile:xla,train,mlperf_ssd_1_shard_batch_8_fast_epoch_-5d066324db8ef50b,mlperf,203,44,45,1.0227272727272727
tile:xla,train,mlperf_ssd_1_shard_batch_8_fast_epoch_-5f0e2db1c55bbf1b,mlperf,8,2,1,0.5
tile:xla,train,mlperf_ssd_1_shard_batch_8_fast_epoch_-6037a178fd8b9972,mlperf,907,52,57,1.0961538461538463
tile:xla,train,mlperf_ssd_1_shard_batch_8_fast_epoch_-612b937093080c6,mlperf,8991,24,25,1.0416666666666667
tile:xla,train,mlperf_ssd_1_shard_batch_8_fast_epoch_-61f7eae683d2730,mlperf,244,21,21,1.0
tile:xla,train,mlperf_ssd_1_shard_batch_8_fast_epoch_-62b11dbb4fdabdd2,mlperf,108,16,15,0.9375
tile:xla,train,mlperf_ssd_1_shard_batch_8_fast_epoch_-63f84063aa9fb049,mlperf,145,18,21,1.1666666666666667
tile:xla,train,mlperf_ssd_1_shard_batch_8_fast_epoch_-64b002f36e143dc1,mlperf,8,2,1,0.5
tile:xla,train,mlperf_ssd_1_shard_batch_8_fast_epoch_-65bac555851f3304,mlperf,5,2,1,0.5
tile:xla,train,mlperf_ssd_1_shard_batch_8_fast_epoch_-679e6442d146c65b,mlperf,353,12,11,0.9166666666666666
tile:xla,train,mlperf_ssd_1_shard_batch_8_fast_epoch_-67ff5d5b386c04ec,mlperf,7988,24,25,1.0416666666666667
tile:xla,train,mlperf_ssd_1_shard_batch_8_fast_epoch_-695a139230742ada,mlperf,107,24,23,0.9583333333333334
tile:xla,train,mlperf_ssd_1_shard_batch_8_fast_epoch_-6c29fe3292134654,mlperf,7907,23,22,0.9565217391304348
tile:xla,train,mlperf_ssd_1_shard_batch_8_fast_epoch_-6c96f696e213e36b,mlperf,4283,45,44,0.9777777777777777
tile:xla,train,mlperf_ssd_1_shard_batch_8_fast_epoch_-6cbffa043697856d,mlperf,171,41,45,1.0975609756097562
tile:xla,train,mlperf_ssd_1_shard_batch_8_fast_epoch_-6d58b7486df5e809,mlperf,76,59,63,1.0677966101694916
tile:xla,train,mlperf_ssd_1_shard_batch_8_fast_epoch_-712bed0061f408,mlperf,21,2,1,0.5
tile:xla,train,mlperf_ssd_1_shard_batch_8_fast_epoch_-721d0748f566139d,mlperf,180,12,11,0.9166666666666666
tile:xla,train,mlperf_ssd_1_shard_batch_8_fast_epoch_-727fa5c6832d43c4,mlperf,7995,22,22,1.0
tile:xla,train,mlperf_ssd_1_shard_batch_8_fast_epoch_-7294a3816dc79616,mlperf,257,26,26,1.0
tile:xla,train,mlperf_ssd_1_shard_batch_8_fast_epoch_-74f3acf4377b5958,mlperf,5,2,1,0.5
tile:xla,train,mlperf_ssd_1_shard_batch_8_fast_epoch_-7b04cfc2224b5d88,mlperf,7982,17,16,0.9411764705882353
tile:xla,train,mlperf_ssd_1_shard_batch_8_fast_epoch_-7c67095a74252972,mlperf,7995,24,25,1.0416666666666667
tile:xla,train,mlperf_ssd_1_shard_batch_8_fast_epoch_-7e4fde76493a729c,mlperf,7,2,1,0.5
tile:xla,train,mlperf_ssd_1_shard_batch_8_fast_epoch_-7f972e692400df55,mlperf,618,12,11,0.9166666666666666
tile:xla,train,mlperf_ssd_1_shard_batch_8_fast_epoch_-8f22ad552746e9a,mlperf,7993,23,22,0.9565217391304348
tile:xla,train,mlperf_ssd_1_shard_batch_8_fast_epoch_-9317ee76a821bdc,mlperf,292,34,34,1.0
tile:xla,train,mlperf_ssd_1_shard_batch_8_fast_epoch_-9fcc15d9589f42e,mlperf,8,2,1,0.5
tile:xla,train,mlperf_ssd_1_shard_batch_8_fast_epoch_-b27b559d989d535,mlperf,89,16,15,0.9375
tile:xla,train,mlperf_ssd_1_shard_batch_8_fast_epoch_-b3dbaa46ad8d750,mlperf,7827,22,22,1.0
tile:xla,train,mlperf_ssd_1_shard_batch_8_fast_epoch_-d87eb12fdf5898e,mlperf,228,36,37,1.0277777777777777
tile:xla,train,mlperf_ssd_1_shard_batch_8_fast_epoch_-fdf2ca3de2a935b,mlperf,7998,16,15,0.9375
tile:xla,train,mlperf_ssd_1_shard_batch_8_fast_epoch_-fe16af822f239d3,mlperf,105,2,1,0.5
tile:xla,train,mlperf_ssd_1_shard_batch_8_fast_epoch_118120ac2ace99da,mlperf,178,19,18,0.9473684210526315
tile:xla,train,mlperf_ssd_1_shard_batch_8_fast_epoch_1211767697db895c,mlperf,248,12,11,0.9166666666666666
tile:xla,train,mlperf_ssd_1_shard_batch_8_fast_epoch_1284d5e2c5189a5c,mlperf,92,2,1,0.5
tile:xla,train,mlperf_ssd_1_shard_batch_8_fast_epoch_132cd65957a7cc6a,mlperf,177,12,11,0.9166666666666666
tile:xla,train,mlperf_ssd_1_shard_batch_8_fast_epoch_14041abc2169c74,mlperf,185,12,11,0.9166666666666666
tile:xla,train,mlperf_ssd_1_shard_batch_8_fast_epoch_14569317cc34072,mlperf,30,14,13,0.9285714285714286
tile:xla,train,mlperf_ssd_1_shard_batch_8_fast_epoch_156c20da597521d,mlperf,418,23,22,0.9565217391304348
tile:xla,train,mlperf_ssd_1_shard_batch_8_fast_epoch_1614dd236adaa631,mlperf,263,12,11,0.9166666666666666
tile:xla,train,mlperf_ssd_1_shard_batch_8_fast_epoch_1639879f0bad060f,mlperf,12,2,1,0.5
tile:xla,train,mlperf_ssd_1_shard_batch_8_fast_epoch_172d747075db0450,mlperf,290,16,15,0.9375
tile:xla,train,mlperf_ssd_1_shard_batch_8_fast_epoch_19d356efbd6118d9,mlperf,8,2,1,0.5
tile:xla,train,mlperf_ssd_1_shard_batch_8_fast_epoch_1ab470767a60211,mlperf,265,23,22,0.9565217391304348
tile:xla,train,mlperf_ssd_1_shard_batch_8_fast_epoch_1ae5da875b928ca0,mlperf,8,2,1,0.5
tile:xla,train,mlperf_ssd_1_shard_batch_8_fast_epoch_1b8a3ffaeca3275e,mlperf,290,12,11,0.9166666666666666
tile:xla,train,mlperf_ssd_1_shard_batch_8_fast_epoch_1dfba31dd499d317,mlperf,56,2,1,0.5
tile:xla,train,mlperf_ssd_1_shard_batch_8_fast_epoch_20638591fbf9101f,mlperf,7,2,1,0.5
tile:xla,train,mlperf_ssd_1_shard_batch_8_fast_epoch_20640215ebd45165,mlperf,905,30,30,1.0
tile:xla,train,mlperf_ssd_1_shard_batch_8_fast_epoch_211c6c22443ef64b,mlperf,179,26,26,1.0
tile:xla,train,mlperf_ssd_1_shard_batch_8_fast_epoch_233a6fd6c5e88a49,mlperf,290,30,30,1.0
tile:xla,train,mlperf_ssd_1_shard_batch_8_fast_epoch_23758a06bab9d38c,mlperf,24,21,22,1.0476190476190477
tile:xla,train,mlperf_ssd_1_shard_batch_8_fast_epoch_247f268fd38f0ac9,mlperf,999,24,25,1.0416666666666667
tile:xla,train,mlperf_ssd_1_shard_batch_8_fast_epoch_248c4ecfbf252742,mlperf,1951,23,22,0.9565217391304348
tile:xla,train,mlperf_ssd_1_shard_batch_8_fast_epoch_2548147f6563eadb,mlperf,150,34,33,0.9705882352941176
tile:xla,train,mlperf_ssd_1_shard_batch_8_fast_epoch_27f21beec973c4e7,mlperf,181,31,31,1.0
tile:xla,train,mlperf_ssd_1_shard_batch_8_fast_epoch_28485024463eb2c4,mlperf,7,2,1,0.5
tile:xla,train,mlperf_ssd_1_shard_batch_8_fast_epoch_285cb9b21ca8f985,mlperf,289,21,21,1.0
tile:xla,train,mlperf_ssd_1_shard_batch_8_fast_epoch_2d17b5ba30dd614,mlperf,7996,16,15,0.9375
tile:xla,train,mlperf_ssd_1_shard_batch_8_fast_epoch_2d955088a9686e10,mlperf,8991,18,18,1.0
tile:xla,train,mlperf_ssd_1_shard_batch_8_fast_epoch_2ebf159c8608fcf8,mlperf,8,2,1,0.5
tile:xla,train,mlperf_ssd_1_shard_batch_8_fast_epoch_3006a3ce02c3331c,mlperf,7994,33,34,1.0303030303030303
tile:xla,train,mlperf_ssd_1_shard_batch_8_fast_epoch_305b7e15ce387a6b,mlperf,177,15,14,0.9333333333333333
tile:xla,train,mlperf_ssd_1_shard_batch_8_fast_epoch_307ad11a3a2fd4b1,mlperf,59,30,39,1.3
tile:xla,train,mlperf_ssd_1_shard_batch_8_fast_epoch_32661e71af1a1200,mlperf,168,21,21,1.0
tile:xla,train,mlperf_ssd_1_shard_batch_8_fast_epoch_32c31a9b08d2ed5b,mlperf,174,41,45,1.0975609756097562
tile:xla,train,mlperf_ssd_1_shard_batch_8_fast_epoch_3555eeb3a561dbf1,mlperf,177,30,31,1.0333333333333334
tile:xla,train,mlperf_ssd_1_shard_batch_8_fast_epoch_3764429a86043885,mlperf,91,30,31,1.0333333333333334
tile:xla,train,mlperf_ssd_1_shard_batch_8_fast_epoch_3917abb55ed85c48,mlperf,253,26,25,0.9615384615384616
tile:xla,train,mlperf_ssd_1_shard_batch_8_fast_epoch_39cce8d0b4fe578,mlperf,160,41,45,1.0975609756097562
tile:xla,train,mlperf_ssd_1_shard_batch_8_fast_epoch_3a15f78cb54a18c,mlperf,177,12,11,0.9166666666666666
tile:xla,train,mlperf_ssd_1_shard_batch_8_fast_epoch_3debd16a04a1c255,mlperf,46,16,15,0.9375
tile:xla,train,mlperf_ssd_1_shard_batch_8_fast_epoch_3e6a069ffe15ba97,mlperf,994,16,15,0.9375
tile:xla,train,mlperf_ssd_1_shard_batch_8_fast_epoch_3f42ba202563050b,mlperf,7993,23,22,0.9565217391304348
tile:xla,train,mlperf_ssd_1_shard_batch_8_fast_epoch_3fa5bfd1ec25d605,mlperf,7993,22,22,1.0
tile:xla,train,mlperf_ssd_1_shard_batch_8_fast_epoch_41a75f55b9906a7a,mlperf,866,62,61,0.9838709677419355
tile:xla,train,mlperf_ssd_1_shard_batch_8_fast_epoch_4475eabd2a7cd889,mlperf,235,45,49,1.0888888888888888
tile:xla,train,mlperf_ssd_1_shard_batch_8_fast_epoch_4530131532ca2568,mlperf,666,21,21,1.0
tile:xla,train,mlperf_ssd_1_shard_batch_8_fast_epoch_461ff3b08d29072d,mlperf,7994,33,34,1.0303030303030303
tile:xla,train,mlperf_ssd_1_shard_batch_8_fast_epoch_47efa68d46ab500a,mlperf,8992,16,15,0.9375
tile:xla,train,mlperf_ssd_1_shard_batch_8_fast_epoch_4845f8f5e2a5e6dd,mlperf,41,10,10,1.0
tile:xla,train,mlperf_ssd_1_shard_batch_8_fast_epoch_4997cefe31d98040,mlperf,243,21,21,1.0
tile:xla,train,mlperf_ssd_1_shard_batch_8_fast_epoch_49f79bcd2921c272,mlperf,127,12,11,0.9166666666666666
tile:xla,train,mlperf_ssd_1_shard_batch_8_fast_epoch_49f9b2dfc3b1b9b1,mlperf,245,32,31,0.96875
tile:xla,train,mlperf_ssd_1_shard_batch_8_fast_epoch_4a0628951651765a,mlperf,99,41,45,1.0975609756097562
tile:xla,train,mlperf_ssd_1_shard_batch_8_fast_epoch_4d5a333f98444856,mlperf,85,43,47,1.0930232558139534
tile:xla,train,mlperf_ssd_1_shard_batch_8_fast_epoch_4ea90fe11450a0ec,mlperf,235,27,26,0.9629629629629629
tile:xla,train,mlperf_ssd_1_shard_batch_8_fast_epoch_500f8ef055f029e1,mlperf,344,16,15,0.9375
tile:xla,train,mlperf_ssd_1_shard_batch_8_fast_epoch_503b0c70c4ba536c,mlperf,674,16,15,0.9375
tile:xla,train,mlperf_ssd_1_shard_batch_8_fast_epoch_50d02618f2d9d753,mlperf,7996,12,11,0.9166666666666666
tile:xla,train,mlperf_ssd_1_shard_batch_8_fast_epoch_51af40d64bec4b1,mlperf,353,31,31,1.0
tile:xla,train,mlperf_ssd_1_shard_batch_8_fast_epoch_536fa7fd2d73bc94,mlperf,666,24,25,1.0416666666666667
tile:xla,train,mlperf_ssd_1_shard_batch_8_fast_epoch_537d9b0ec8b70f3f,mlperf,7980,17,16,0.9411764705882353
tile:xla,train,mlperf_ssd_1_shard_batch_8_fast_epoch_5537b8a84aad6640,mlperf,3997,30,29,0.9666666666666667
tile:xla,train,mlperf_ssd_1_shard_batch_8_fast_epoch_558adcdd3ee98c50,mlperf,5,2,1,0.5
tile:xla,train,mlperf_ssd_1_shard_batch_8_fast_epoch_587755926a6d1ed4,mlperf,263,41,45,1.0975609756097562
tile:xla,train,mlperf_ssd_1_shard_batch_8_fast_epoch_5a8a7e52ddfadc78,mlperf,7989,17,16,0.9411764705882353
tile:xla,train,mlperf_ssd_1_shard_batch_8_fast_epoch_5b2d24671d0f6997,mlperf,575,30,30,1.0
tile:xla,train,mlperf_ssd_1_shard_batch_8_fast_epoch_5c30d0289beee34d,mlperf,317,41,45,1.0975609756097562
tile:xla,train,mlperf_ssd_1_shard_batch_8_fast_epoch_5e88789a12510bb9,mlperf,387,21,21,1.0
tile:xla,train,mlperf_ssd_1_shard_batch_8_fast_epoch_5e9c0f025b54b75d,mlperf,7981,17,16,0.9411764705882353
tile:xla,train,mlperf_ssd_1_shard_batch_8_fast_epoch_5edbc4c56afa59fb,mlperf,663,21,21,1.0
tile:xla,train,mlperf_ssd_1_shard_batch_8_fast_epoch_5f2afa01ed27363d,mlperf,3232,2,1,0.5
tile:xla,train,mlperf_ssd_1_shard_batch_8_fast_epoch_61089c0564ee5cd6,mlperf,176,26,25,0.9615384615384616
tile:xla,train,mlperf_ssd_1_shard_batch_8_fast_epoch_62613c2c6d829c30,mlperf,7586,41,45,1.0975609756097562
tile:xla,train,mlperf_ssd_1_shard_batch_8_fast_epoch_62f39951f9779ac5,mlperf,290,12,11,0.9166666666666666
tile:xla,train,mlperf_ssd_1_shard_batch_8_fast_epoch_633ce02c64fc6665,mlperf,16,2,1,0.5
tile:xla,train,mlperf_ssd_1_shard_batch_8_fast_epoch_69b90e72fa9af31c,mlperf,185,23,22,0.9565217391304348
tile:xla,train,mlperf_ssd_1_shard_batch_8_fast_epoch_6cfa8dc1e57e25ef,mlperf,68,2,1,0.5
tile:xla,train,mlperf_ssd_1_shard_batch_8_fast_epoch_6f4779aac50332e,mlperf,150,45,49,1.0888888888888888
tile:xla,train,mlperf_ssd_1_shard_batch_8_fast_epoch_6f4fae15b4ffc790,mlperf,8,2,1,0.5
tile:xla,train,mlperf_ssd_1_shard_batch_8_fast_epoch_738fb3503f32ea8f,mlperf,253,41,45,1.0975609756097562
tile:xla,train,mlperf_ssd_1_shard_batch_8_fast_epoch_74da51d24e4decda,mlperf,4893,22,22,1.0
tile:xla,train,mlperf_ssd_1_shard_batch_8_fast_epoch_76ff68ca74ab4b8,mlperf,8,2,1,0.5
tile:xla,train,mlperf_ssd_1_shard_batch_8_fast_epoch_7919f9d54ae0ad9e,mlperf,639,16,15,0.9375
tile:xla,train,mlperf_ssd_1_shard_batch_8_fast_epoch_7ab0be7bba6a3b3c,mlperf,14,32,36,1.125
tile:xla,train,mlperf_ssd_1_shard_batch_8_fast_epoch_7b6438f4270a4af8,mlperf,71,10,10,1.0
tile:xla,train,mlperf_ssd_1_shard_batch_8_fast_epoch_7c1d2fe2cce3f53d,mlperf,146,16,15,0.9375
tile:xla,train,mlperf_ssd_1_shard_batch_8_fast_epoch_7cd50fd5dc3e46ba,mlperf,199,45,49,1.0888888888888888
tile:xla,train,mlperf_ssd_1_shard_batch_8_fast_epoch_7e8967646dac1e7a,mlperf,609,21,21,1.0
tile:xla,train,mlperf_ssd_1_shard_batch_8_fast_epoch_7f18eb98f480a20d,mlperf,6993,29,29,1.0
tile:xla,train,mlperf_ssd_1_shard_batch_8_fast_epoch_7f260d6b1cbdd7b6,mlperf,334,16,15,0.9375
tile:xla,train,mlperf_ssd_1_shard_batch_8_fast_epoch_9361e1beba4f253,mlperf,7512,30,29,0.9666666666666667
tile:xla,train,mlperf_ssd_1_shard_batch_8_fast_epoch_9c3e1df9618bc7f,mlperf,263,23,22,0.9565217391304348
tile:xla,train,mlperf_ssd_1_shard_batch_8_fast_epoch_a5d05e2c74495ab,mlperf,330,12,11,0.9166666666666666
tile:xla,train,mlperf_ssd_1_shard_batch_8_fast_epoch_ba10d034e8131a6,mlperf,180,45,49,1.0888888888888888
tile:xla,train,mlperf_ssd_1_shard_batch_8_fast_epoch_e2968ad235aeaad,mlperf,243,33,34,1.0303030303030303
tile:xla,train,mlperf_ssd_1_shard_batch_8_fast_epoch_e38adacb7d41330,mlperf,24,10,10,1.0
tile:xla,train,mlperf_ssd_2_shard_batch_8_fast_epoch_-112e50736bc7f723,mlperf,1265,31,31,1.0
tile:xla,train,mlperf_ssd_2_shard_batch_8_fast_epoch_-11ec9dd4508d635d,mlperf,1696,73,109,1.4931506849315068
tile:xla,train,mlperf_ssd_2_shard_batch_8_fast_epoch_-13687086f2602f86,mlperf,35,2,1,0.5
tile:xla,train,mlperf_ssd_2_shard_batch_8_fast_epoch_-14e8520ce8ec7a6f,mlperf,23,2,1,0.5
tile:xla,train,mlperf_ssd_2_shard_batch_8_fast_epoch_-182c87faada98875,mlperf,8976,24,25,1.0416666666666667
tile:xla,train,mlperf_ssd_2_shard_batch_8_fast_epoch_-184d7c9864cf91b7,mlperf,8992,19,18,0.9473684210526315
tile:xla,train,mlperf_ssd_2_shard_batch_8_fast_epoch_-1a4e94f033d13210,mlperf,3449,19,18,0.9473684210526315
tile:xla,train,mlperf_ssd_2_shard_batch_8_fast_epoch_-1b531b8282e39faa,mlperf,9992,30,29,0.9666666666666667
tile:xla,train,mlperf_ssd_2_shard_batch_8_fast_epoch_-1cde85f5dd2db9c0,mlperf,8995,16,15,0.9375
tile:xla,train,mlperf_ssd_2_shard_batch_8_fast_epoch_-1d342637258f0265,mlperf,5485,21,21,1.0
tile:xla,train,mlperf_ssd_2_shard_batch_8_fast_epoch_-1e9fb04f9eac51d5,mlperf,4129,21,21,1.0
tile:xla,train,mlperf_ssd_2_shard_batch_8_fast_epoch_-1f3b9ab8b337406c,mlperf,91,12,11,0.9166666666666666
tile:xla,train,mlperf_ssd_2_shard_batch_8_fast_epoch_-220be0fa9240eea4,mlperf,13,2,1,0.5
tile:xla,train,mlperf_ssd_2_shard_batch_8_fast_epoch_-224dc0e8a2952f80,mlperf,217,10,10,1.0
tile:xla,train,mlperf_ssd_2_shard_batch_8_fast_epoch_-248684e63032e777,mlperf,8980,24,25,1.0416666666666667
tile:xla,train,mlperf_ssd_2_shard_batch_8_fast_epoch_-2695715848bea050,mlperf,5,32,36,1.125
tile:xla,train,mlperf_ssd_2_shard_batch_8_fast_epoch_-2742c93448ec4741,mlperf,347,24,25,1.0416666666666667
tile:xla,train,mlperf_ssd_2_shard_batch_8_fast_epoch_-27e7540636bdd820,mlperf,802,12,11,0.9166666666666666
tile:xla,train,mlperf_ssd_2_shard_batch_8_fast_epoch_-2ab37ae3510011e9,mlperf,12,2,1,0.5
tile:xla,train,mlperf_ssd_2_shard_batch_8_fast_epoch_-2ab7ab0e17d3a7d2,mlperf,293,12,11,0.9166666666666666
tile:xla,train,mlperf_ssd_2_shard_batch_8_fast_epoch_-2b8262a54dff2b82,mlperf,9990,16,15,0.9375
tile:xla,train,mlperf_ssd_2_shard_batch_8_fast_epoch_-2ccac93449911292,mlperf,1756,26,26,1.0
tile:xla,train,mlperf_ssd_2_shard_batch_8_fast_epoch_-2e1c44742a2e7341,mlperf,8996,33,34,1.0303030303030303
tile:xla,train,mlperf_ssd_2_shard_batch_8_fast_epoch_-2f99d1e24d86b12c,mlperf,147,16,15,0.9375
tile:xla,train,mlperf_ssd_2_shard_batch_8_fast_epoch_-304ccd303c2ce536,mlperf,350,16,15,0.9375
tile:xla,train,mlperf_ssd_2_shard_batch_8_fast_epoch_-3054961a4d097230,mlperf,11,9,8,0.8888888888888888
tile:xla,train,mlperf_ssd_2_shard_batch_8_fast_epoch_-306bc16cc6361cfd,mlperf,12,2,1,0.5
tile:xla,train,mlperf_ssd_2_shard_batch_8_fast_epoch_-3141dcf03281fc1c,mlperf,1354,12,11,0.9166666666666666
tile:xla,train,mlperf_ssd_2_shard_batch_8_fast_epoch_-31ffea8d26c45643,mlperf,7,32,36,1.125
tile:xla,train,mlperf_ssd_2_shard_batch_8_fast_epoch_-32ee89451ff68a80,mlperf,4139,16,15,0.9375
tile:xla,train,mlperf_ssd_2_shard_batch_8_fast_epoch_-3349d76309d5cf5f,mlperf,1881,16,15,0.9375
tile:xla,train,mlperf_ssd_2_shard_batch_8_fast_epoch_-3733e2246958da9e,mlperf,3,2,1,0.5
tile:xla,train,mlperf_ssd_2_shard_batch_8_fast_epoch_-39e7cf8311b0741f,mlperf,1195,12,11,0.9166666666666666
tile:xla,train,mlperf_ssd_2_shard_batch_8_fast_epoch_-3c87090fd30a80f8,mlperf,4,32,36,1.125
tile:xla,train,mlperf_ssd_2_shard_batch_8_fast_epoch_-3d7ab7e4b9c08980,mlperf,89,16,15,0.9375
tile:xla,train,mlperf_ssd_2_shard_batch_8_fast_epoch_-3e9e65b342d69db4,mlperf,293,34,34,1.0
tile:xla,train,mlperf_ssd_2_shard_batch_8_fast_epoch_-419a637b6eb8cdcc,mlperf,17,10,10,1.0
tile:xla,train,mlperf_ssd_2_shard_batch_8_fast_epoch_-41f6b7e9fac0f515,mlperf,3847,12,11,0.9166666666666666
tile:xla,train,mlperf_ssd_2_shard_batch_8_fast_epoch_-4268c8a28f0d038,mlperf,183,12,11,0.9166666666666666
tile:xla,train,mlperf_ssd_2_shard_batch_8_fast_epoch_-42c62656f9f44da2,mlperf,1874,21,21,1.0
tile:xla,train,mlperf_ssd_2_shard_batch_8_fast_epoch_-42d47abb766625f,mlperf,291,12,11,0.9166666666666666
tile:xla,train,mlperf_ssd_2_shard_batch_8_fast_epoch_-435302fd11979800,mlperf,1916,26,25,0.9615384615384616
tile:xla,train,mlperf_ssd_2_shard_batch_8_fast_epoch_-4363903e9f3df796,mlperf,3986,23,22,0.9565217391304348
tile:xla,train,mlperf_ssd_2_shard_batch_8_fast_epoch_-437be31f8c01cd3c,mlperf,5432,24,25,1.0416666666666667
tile:xla,train,mlperf_ssd_2_shard_batch_8_fast_epoch_-442f2ba50adabbc3,mlperf,8,32,36,1.125
tile:xla,train,mlperf_ssd_2_shard_batch_8_fast_epoch_-446445e33fb8b3a3,mlperf,2179,12,11,0.9166666666666666
tile:xla,train,mlperf_ssd_2_shard_batch_8_fast_epoch_-45bd916819cc0ca4,mlperf,91,31,31,1.0
tile:xla,train,mlperf_ssd_2_shard_batch_8_fast_epoch_-47f5e0e432deff67,mlperf,1099,62,61,0.9838709677419355
tile:xla,train,mlperf_ssd_2_shard_batch_8_fast_epoch_-4a159eef22ff359c,mlperf,1267,12,11,0.9166666666666666
tile:xla,train,mlperf_ssd_2_shard_batch_8_fast_epoch_-4a28548599120f75,mlperf,19,14,13,0.9285714285714286
tile:xla,train,mlperf_ssd_2_shard_batch_8_fast_epoch_-4d89958ae9060263,mlperf,177,30,31,1.0333333333333334
tile:xla,train,mlperf_ssd_2_shard_batch_8_fast_epoch_-4d9aea0469372a3f,mlperf,240,21,22,1.0476190476190477
tile:xla,train,mlperf_ssd_2_shard_batch_8_fast_epoch_-4de86115f1dd3ccb,mlperf,129,2,1,0.5
tile:xla,train,mlperf_ssd_2_shard_batch_8_fast_epoch_-4df5b89e726c5a00,mlperf,22,2,1,0.5
tile:xla,train,mlperf_ssd_2_shard_batch_8_fast_epoch_-4edb5bda9233278d,mlperf,8992,24,25,1.0416666666666667
tile:xla,train,mlperf_ssd_2_shard_batch_8_fast_epoch_-50bbc8f660b1d4ca,mlperf,110,24,23,0.9583333333333334
tile:xla,train,mlperf_ssd_2_shard_batch_8_fast_epoch_-5145f02c3c673d47,mlperf,7,32,36,1.125
tile:xla,train,mlperf_ssd_2_shard_batch_8_fast_epoch_-51b11d61f65ecec9,mlperf,802,16,15,0.9375
tile:xla,train,mlperf_ssd_2_shard_batch_8_fast_epoch_-5272cb06143040f7,mlperf,2051,36,37,1.0277777777777777
tile:xla,train,mlperf_ssd_2_shard_batch_8_fast_epoch_-52b000d6710f44b2,mlperf,8994,18,18,1.0
tile:xla,train,mlperf_ssd_2_shard_batch_8_fast_epoch_-53c094c7837bab80,mlperf,2149,44,45,1.0227272727272727
tile:xla,train,mlperf_ssd_2_shard_batch_8_fast_epoch_-53c5b21718447f98,mlperf,21,32,36,1.125
tile:xla,train,mlperf_ssd_2_shard_batch_8_fast_epoch_-5ae2e2eea399a15e,mlperf,828,23,22,0.9565217391304348
tile:xla,train,mlperf_ssd_2_shard_batch_8_fast_epoch_-5c1bb7a095b837bd,mlperf,6125,19,18,0.9473684210526315
tile:xla,train,mlperf_ssd_2_shard_batch_8_fast_epoch_-60d4ac65f1144061,mlperf,138,10,10,1.0
tile:xla,train,mlperf_ssd_2_shard_batch_8_fast_epoch_-62162dddd04312fd,mlperf,177,12,11,0.9166666666666666
tile:xla,train,mlperf_ssd_2_shard_batch_8_fast_epoch_-6302fca085e28d0a,mlperf,8993,12,11,0.9166666666666666
tile:xla,train,mlperf_ssd_2_shard_batch_8_fast_epoch_-63f84063aa9fb049,mlperf,1163,18,21,1.1666666666666667
tile:xla,train,mlperf_ssd_2_shard_batch_8_fast_epoch_-64b94a0a092d4d24,mlperf,1196,34,33,0.9705882352941176
tile:xla,train,mlperf_ssd_2_shard_batch_8_fast_epoch_-64cdf1b8f0bfaa66,mlperf,292,16,15,0.9375
tile:xla,train,mlperf_ssd_2_shard_batch_8_fast_epoch_-654bcc62a6a5e61,mlperf,2387,21,21,1.0
tile:xla,train,mlperf_ssd_2_shard_batch_8_fast_epoch_-65bac555851f3304,mlperf,5,2,1,0.5
tile:xla,train,mlperf_ssd_2_shard_batch_8_fast_epoch_-663b7d2d2e17a5f6,mlperf,8,32,36,1.125
tile:xla,train,mlperf_ssd_2_shard_batch_8_fast_epoch_-67f6e796cc57219,mlperf,91,30,29,0.9666666666666667
tile:xla,train,mlperf_ssd_2_shard_batch_8_fast_epoch_-682879d37f377a0f,mlperf,928,9,8,0.8888888888888888
tile:xla,train,mlperf_ssd_2_shard_batch_8_fast_epoch_-689103cfd71ab2f4,mlperf,147,30,29,0.9666666666666667
tile:xla,train,mlperf_ssd_2_shard_batch_8_fast_epoch_-699fd4ccdb671044,mlperf,1591,2,1,0.5
tile:xla,train,mlperf_ssd_2_shard_batch_8_fast_epoch_-6a60e2fdeb1841e4,mlperf,177,15,14,0.9333333333333333
tile:xla,train,mlperf_ssd_2_shard_batch_8_fast_epoch_-6b21f701c31384a5,mlperf,8991,16,15,0.9375
tile:xla,train,mlperf_ssd_2_shard_batch_8_fast_epoch_-6bb1f7331cc1bbbe,mlperf,91,30,31,1.0333333333333334
tile:xla,train,mlperf_ssd_2_shard_batch_8_fast_epoch_-6bc5b558011cc744,mlperf,1285,16,15,0.9375
tile:xla,train,mlperf_ssd_2_shard_batch_8_fast_epoch_-6e6af218e563f8ba,mlperf,3449,21,21,1.0
tile:xla,train,mlperf_ssd_2_shard_batch_8_fast_epoch_-6f94b8982bcb4ec6,mlperf,5487,16,15,0.9375
tile:xla,train,mlperf_ssd_2_shard_batch_8_fast_epoch_-7145787b2821e73e,mlperf,8998,16,15,0.9375
tile:xla,train,mlperf_ssd_2_shard_batch_8_fast_epoch_-7651be889d674092,mlperf,8996,23,22,0.9565217391304348
tile:xla,train,mlperf_ssd_2_shard_batch_8_fast_epoch_-783ae92bb0848dc,mlperf,9935,30,30,1.0
tile:xla,train,mlperf_ssd_2_shard_batch_8_fast_epoch_-79cedbfc3f8ebc17,mlperf,563,16,15,0.9375
tile:xla,train,mlperf_ssd_2_shard_batch_8_fast_epoch_-7bddc8f1db52de41,mlperf,8994,22,22,1.0
tile:xla,train,mlperf_ssd_2_shard_batch_8_fast_epoch_-7e4fde76493a729c,mlperf,7,2,1,0.5
tile:xla,train,mlperf_ssd_2_shard_batch_8_fast_epoch_-afd5c9f554bc354,mlperf,2061,12,11,0.9166666666666666
tile:xla,train,mlperf_ssd_2_shard_batch_8_fast_epoch_-b8f7386cddfe9d9,mlperf,2452,2,1,0.5
tile:xla,train,mlperf_ssd_2_shard_batch_8_fast_epoch_-f58cbb06a126a98,mlperf,2453,21,21,1.0
tile:xla,train,mlperf_ssd_2_shard_batch_8_fast_epoch_112c43f28ce6599e,mlperf,3913,21,21,1.0
tile:xla,train,mlperf_ssd_2_shard_batch_8_fast_epoch_11a8f4467d72cb3e,mlperf,8994,33,34,1.0303030303030303
tile:xla,train,mlperf_ssd_2_shard_batch_8_fast_epoch_13329b081088b0ec,mlperf,2201,26,26,1.0
tile:xla,train,mlperf_ssd_2_shard_batch_8_fast_epoch_134d3308341c1020,mlperf,2468,23,23,1.0
tile:xla,train,mlperf_ssd_2_shard_batch_8_fast_epoch_13c88013571aad0b,mlperf,14,2,1,0.5
tile:xla,train,mlperf_ssd_2_shard_batch_8_fast_epoch_14422dde8928dce7,mlperf,129,2,1,0.5
tile:xla,train,mlperf_ssd_2_shard_batch_8_fast_epoch_14a3389bcf933bce,mlperf,1756,19,18,0.9473684210526315
tile:xla,train,mlperf_ssd_2_shard_batch_8_fast_epoch_16211aaf97c6bf44,mlperf,334,12,11,0.9166666666666666
tile:xla,train,mlperf_ssd_2_shard_batch_8_fast_epoch_1676045fdf943c9c,mlperf,7662,19,18,0.9473684210526315
tile:xla,train,mlperf_ssd_2_shard_batch_8_fast_epoch_16f08e6a644d5bdf,mlperf,4,32,36,1.125
tile:xla,train,mlperf_ssd_2_shard_batch_8_fast_epoch_1935cfe7e873b310,mlperf,1757,23,22,0.9565217391304348
tile:xla,train,mlperf_ssd_2_shard_batch_8_fast_epoch_1c50717523f1e7a9,mlperf,1475,12,11,0.9166666666666666
tile:xla,train,mlperf_ssd_2_shard_batch_8_fast_epoch_1d468e29092a411e,mlperf,131,2,1,0.5
tile:xla,train,mlperf_ssd_2_shard_batch_8_fast_epoch_1d7a024ce5750047,mlperf,8993,21,21,1.0
tile:xla,train,mlperf_ssd_2_shard_batch_8_fast_epoch_1e57d389fcc1441d,mlperf,188,19,18,0.9473684210526315
tile:xla,train,mlperf_ssd_2_shard_batch_8_fast_epoch_1ef08e19a4d88fb6,mlperf,9823,12,11,0.9166666666666666
tile:xla,train,mlperf_ssd_2_shard_batch_8_fast_epoch_1f6fe1587003036e,mlperf,8998,12,11,0.9166666666666666
tile:xla,train,mlperf_ssd_2_shard_batch_8_fast_epoch_1f88c3cac7fb05e5,mlperf,14,2,1,0.5
tile:xla,train,mlperf_ssd_2_shard_batch_8_fast_epoch_201a1ed0c5d4bddf,mlperf,8990,23,22,0.9565217391304348
tile:xla,train,mlperf_ssd_2_shard_batch_8_fast_epoch_205071a59e816b53,mlperf,9990,29,29,1.0
tile:xla,train,mlperf_ssd_2_shard_batch_8_fast_epoch_20638591fbf9101f,mlperf,7,2,1,0.5
tile:xla,train,mlperf_ssd_2_shard_batch_8_fast_epoch_243282f40dbf0011,mlperf,2085,27,26,0.9629629629629629
tile:xla,train,mlperf_ssd_2_shard_batch_8_fast_epoch_25af1dcfb442bf6d,mlperf,1054,12,11,0.9166666666666666
tile:xla,train,mlperf_ssd_2_shard_batch_8_fast_epoch_2dee6cbb8be35051,mlperf,8995,28,27,0.9642857142857143
tile:xla,train,mlperf_ssd_2_shard_batch_8_fast_epoch_307ad11a3a2fd4b1,mlperf,60,30,39,1.3
tile:xla,train,mlperf_ssd_2_shard_batch_8_fast_epoch_318dff8e6b4f4521,mlperf,4947,22,22,1.0
tile:xla,train,mlperf_ssd_2_shard_batch_8_fast_epoch_33559dfb844a4ac1,mlperf,177,12,11,0.9166666666666666
tile:xla,train,mlperf_ssd_2_shard_batch_8_fast_epoch_335cf15a362e06d0,mlperf,5,32,36,1.125
tile:xla,train,mlperf_ssd_2_shard_batch_8_fast_epoch_34b908597b730da7,mlperf,563,12,11,0.9166666666666666
tile:xla,train,mlperf_ssd_2_shard_batch_8_fast_epoch_34e995d9112bf6de,mlperf,4748,12,11,0.9166666666666666
tile:xla,train,mlperf_ssd_2_shard_batch_8_fast_epoch_38fa8b246ac92401,mlperf,91,21,21,1.0
tile:xla,train,mlperf_ssd_2_shard_batch_8_fast_epoch_3aded1ccce13cb95,mlperf,8921,19,18,0.9473684210526315
tile:xla,train,mlperf_ssd_2_shard_batch_8_fast_epoch_403ae7dcfcc5b7c,mlperf,112,16,15,0.9375
tile:xla,train,mlperf_ssd_2_shard_batch_8_fast_epoch_403c6d0b8619dd95,mlperf,292,15,14,0.9333333333333333
tile:xla,train,mlperf_ssd_2_shard_batch_8_fast_epoch_406645b510c2c213,mlperf,6,2,1,0.5
tile:xla,train,mlperf_ssd_2_shard_batch_8_fast_epoch_40e3b118b13d0d20,mlperf,89,12,11,0.9166666666666666
tile:xla,train,mlperf_ssd_2_shard_batch_8_fast_epoch_4125bb7d3cef7f73,mlperf,2759,12,11,0.9166666666666666
tile:xla,train,mlperf_ssd_2_shard_batch_8_fast_epoch_4256a76ec3d4a404,mlperf,6,2,1,0.5
tile:xla,train,mlperf_ssd_2_shard_batch_8_fast_epoch_4336e8edebd7e45d,mlperf,14,10,10,1.0
tile:xla,train,mlperf_ssd_2_shard_batch_8_fast_epoch_44e06559b41eb386,mlperf,1583,9,8,0.8888888888888888
tile:xla,train,mlperf_ssd_2_shard_batch_8_fast_epoch_44fbbbf0346aec8e,mlperf,5271,12,11,0.9166666666666666
tile:xla,train,mlperf_ssd_2_shard_batch_8_fast_epoch_4721707a6e8199e4,mlperf,1919,12,11,0.9166666666666666
tile:xla,train,mlperf_ssd_2_shard_batch_8_fast_epoch_479ee6194a34126e,mlperf,9,10,10,1.0
tile:xla,train,mlperf_ssd_2_shard_batch_8_fast_epoch_47fea63d54212698,mlperf,91,14,13,0.9285714285714286
tile:xla,train,mlperf_ssd_2_shard_batch_8_fast_epoch_48562226d603ff25,mlperf,89,31,31,1.0
tile:xla,train,mlperf_ssd_2_shard_batch_8_fast_epoch_4936c4fb8fe605f1,mlperf,336,16,15,0.9375
tile:xla,train,mlperf_ssd_2_shard_batch_8_fast_epoch_4a9638340728711d,mlperf,2258,34,33,0.9705882352941176
tile:xla,train,mlperf_ssd_2_shard_batch_8_fast_epoch_4e7b1d32302ff8f9,mlperf,1282,16,15,0.9375
tile:xla,train,mlperf_ssd_2_shard_batch_8_fast_epoch_4f6aa78b961d9690,mlperf,5,32,36,1.125
tile:xla,train,mlperf_ssd_2_shard_batch_8_fast_epoch_5041d64686b69571,mlperf,1919,12,11,0.9166666666666666
tile:xla,train,mlperf_ssd_2_shard_batch_8_fast_epoch_50486547a6a27dda,mlperf,345,12,11,0.9166666666666666
tile:xla,train,mlperf_ssd_2_shard_batch_8_fast_epoch_507a430d47341cb0,mlperf,328,31,31,1.0
tile:xla,train,mlperf_ssd_2_shard_batch_8_fast_epoch_51af8a8a1f8613a0,mlperf,8942,17,16,0.9411764705882353
tile:xla,train,mlperf_ssd_2_shard_batch_8_fast_epoch_549d23112063843f,mlperf,799,32,31,0.96875
tile:xla,train,mlperf_ssd_2_shard_batch_8_fast_epoch_54cfdb6adb0e821e,mlperf,8990,12,11,0.9166666666666666
tile:xla,train,mlperf_ssd_2_shard_batch_8_fast_epoch_57a61b08e445e8,mlperf,8874,22,22,1.0
tile:xla,train,mlperf_ssd_2_shard_batch_8_fast_epoch_58f5a6eb87d8cba3,mlperf,1858,16,15,0.9375
tile:xla,train,mlperf_ssd_2_shard_batch_8_fast_epoch_5b073c9a627215bd,mlperf,2441,26,25,0.9615384615384616
tile:xla,train,mlperf_ssd_2_shard_batch_8_fast_epoch_5cba36341774c8d2,mlperf,91,18,17,0.9444444444444444
tile:xla,train,mlperf_ssd_2_shard_batch_8_fast_epoch_5d7c9793c200d9fe,mlperf,23,2,1,0.5
tile:xla,train,mlperf_ssd_2_shard_batch_8_fast_epoch_5dabbd65448fec58,mlperf,293,29,30,1.0344827586206897
tile:xla,train,mlperf_ssd_2_shard_batch_8_fast_epoch_5e867fac8eb7659,mlperf,4138,24,25,1.0416666666666667
tile:xla,train,mlperf_ssd_2_shard_batch_8_fast_epoch_613fa7b505b6faa7,mlperf,33,32,36,1.125
tile:xla,train,mlperf_ssd_2_shard_batch_8_fast_epoch_637f063e371a2d71,mlperf,8472,22,22,1.0
tile:xla,train,mlperf_ssd_2_shard_batch_8_fast_epoch_64a86b909a1df8b0,mlperf,292,21,21,1.0
tile:xla,train,mlperf_ssd_2_shard_batch_8_fast_epoch_65c7fcc2e335a0c9,mlperf,8,32,36,1.125
tile:xla,train,mlperf_ssd_2_shard_batch_8_fast_epoch_67db27a005f381d6,mlperf,8991,30,29,0.9666666666666667
tile:xla,train,mlperf_ssd_2_shard_batch_8_fast_epoch_689b8f9d40515fd5,mlperf,25,10,10,1.0
tile:xla,train,mlperf_ssd_2_shard_batch_8_fast_epoch_6a6e7d6957a18412,mlperf,8958,17,16,0.9411764705882353
tile:xla,train,mlperf_ssd_2_shard_batch_8_fast_epoch_6aa116b1c6f4848d,mlperf,147,30,30,1.0
tile:xla,train,mlperf_ssd_2_shard_batch_8_fast_epoch_6b28f314c51a9b9d,mlperf,8993,23,22,0.9565217391304348
tile:xla,train,mlperf_ssd_2_shard_batch_8_fast_epoch_6c88bfb226601e90,mlperf,8994,22,22,1.0
tile:xla,train,mlperf_ssd_2_shard_batch_8_fast_epoch_6e048264b30a78ce,mlperf,5223,45,44,0.9777777777777777
tile:xla,train,mlperf_ssd_2_shard_batch_8_fast_epoch_6e07b3e872b14a17,mlperf,2330,23,22,0.9565217391304348
tile:xla,train,mlperf_ssd_2_shard_batch_8_fast_epoch_6ede48a7369d9394,mlperf,40,2,1,0.5
tile:xla,train,mlperf_ssd_2_shard_batch_8_fast_epoch_707fc064831aed79,mlperf,109,12,11,0.9166666666666666
tile:xla,train,mlperf_ssd_2_shard_batch_8_fast_epoch_72799b60031913d0,mlperf,293,30,30,1.0
tile:xla,train,mlperf_ssd_2_shard_batch_8_fast_epoch_7a300b9040189f84,mlperf,23,2,1,0.5
tile:xla,train,mlperf_ssd_2_shard_batch_8_fast_epoch_7ab0be7bba6a3b3c,mlperf,14,32,36,1.125
tile:xla,train,mlperf_ssd_2_shard_batch_8_fast_epoch_7ad39836aeb4530c,mlperf,2427,12,11,0.9166666666666666
tile:xla,train,mlperf_ssd_2_shard_batch_8_fast_epoch_7bd0913ee418e506,mlperf,177,30,31,1.0333333333333334
tile:xla,train,mlperf_ssd_2_shard_batch_8_fast_epoch_7e1d7add2763b05f,mlperf,177,31,31,1.0
tile:xla,train,mlperf_ssd_2_shard_batch_8_fast_epoch_a5ca07c01646f4e,mlperf,2814,23,22,0.9565217391304348
tile:xla,train,mlperf_ssd_2_shard_batch_8_fast_epoch_ab15ab5c0f4e678,mlperf,1738,34,33,0.9705882352941176
tile:xla,train,mlperf_ssd_2_shard_batch_8_fast_epoch_b7ccf8473b43f9f,mlperf,8993,30,29,0.9666666666666667
tile:xla,train,mlperf_ssd_2_shard_batch_8_fast_epoch_bd22f11199a0682,mlperf,1063,33,34,1.0303030303030303
tile:xla,train,mlperf_ssd_2_shard_batch_8_fast_epoch_c79eed9fb55d447,mlperf,8967,17,16,0.9411764705882353
tile:xla,train,mlperf_ssd_2_shard_batch_8_fast_epoch_d30cb4382232cc1,mlperf,2061,16,15,0.9375
tile:xla,train,mlperf_ssd_2_shard_batch_8_fast_epoch_d6ab7cb446454cf,mlperf,177,12,11,0.9166666666666666
tile:xla,train,mlperf_ssd_2_shard_batch_8_fast_epoch_fe3d25cfab3c3aa,mlperf,8935,17,16,0.9411764705882353
tile:xla,train,mlperf_transformer_-125ebc5a0f5ae932,mlperf,97,31,35,1.1290322580645162
tile:xla,train,mlperf_transformer_-12a5c39e4b71feb5,mlperf,140,82,87,1.0609756097560976
tile:xla,train,mlperf_transformer_-195255e051c8476d,mlperf,966,93,101,1.086021505376344
tile:xla,train,mlperf_transformer_-1bafd4b428a1c77c,mlperf,210,20,19,0.95
tile:xla,train,mlperf_transformer_-1c94b472f92fba53,mlperf,283,33,32,0.9696969696969697
tile:xla,train,mlperf_transformer_-1d426668461b4463,mlperf,285,7,6,0.8571428571428571
tile:xla,train,mlperf_transformer_-1f51c649fe62d8ee,mlperf,281,44,44,1.0
tile:xla,train,mlperf_transformer_-2165a18714a4ac81,mlperf,389,61,64,1.0491803278688525
tile:xla,train,mlperf_transformer_-236398eee541d517,mlperf,120,27,34,1.2592592592592593
tile:xla,train,mlperf_transformer_-2541d15111a037,mlperf,285,11,10,0.9090909090909091
tile:xla,train,mlperf_transformer_-26170a90f1057890,mlperf,55,31,35,1.1290322580645162
tile:xla,train,mlperf_transformer_-270c2bd93a756d4c,mlperf,1724,35,34,0.9714285714285714
tile:xla,train,mlperf_transformer_-299f7bba2b091ce9,mlperf,1565,49,57,1.163265306122449
tile:xla,train,mlperf_transformer_-311ead252adf4fc3,mlperf,285,16,15,0.9375
tile:xla,train,mlperf_transformer_-31510075bc753060,mlperf,285,19,18,0.9473684210526315
tile:xla,train,mlperf_transformer_-345e23f76c9d304e,mlperf,1730,12,11,0.9166666666666666
tile:xla,train,mlperf_transformer_-34d95daa68282888,mlperf,760,22,22,1.0
tile:xla,train,mlperf_transformer_-3d3986b701faf49e,mlperf,106,41,44,1.0731707317073171
tile:xla,train,mlperf_transformer_-3ea2ea05f2344c5,mlperf,87,16,15,0.9375
tile:xla,train,mlperf_transformer_-413bbd3c51ef3932,mlperf,974,19,18,0.9473684210526315
tile:xla,train,mlperf_transformer_-489ffbab8ce86364,mlperf,106,46,51,1.108695652173913
tile:xla,train,mlperf_transformer_-49b4f3391683c274,mlperf,159,74,73,0.9864864864864865
tile:xla,train,mlperf_transformer_-4e0859e07cbfb3c4,mlperf,1565,49,57,1.163265306122449
tile:xla,train,mlperf_transformer_-5169bcc49b9e7602,mlperf,2510,49,50,1.0204081632653061
tile:xla,train,mlperf_transformer_-5206de3ce3448a4d,mlperf,600,40,39,0.975
tile:xla,train,mlperf_transformer_-534efc4324bfad99,mlperf,575,35,34,0.9714285714285714
tile:xla,train,mlperf_transformer_-557b45755040d67c,mlperf,603,23,23,1.0
tile:xla,train,mlperf_transformer_-55cff031a8a35e8b,mlperf,1501,57,65,1.1403508771929824
tile:xla,train,mlperf_transformer_-5f236ead3a5a2fe,mlperf,239,31,35,1.1290322580645162
tile:xla,train,mlperf_transformer_-5f5e3a538cfcd179,mlperf,424,13,12,0.9230769230769231
tile:xla,train,mlperf_transformer_-625d1b1003f1a9b2,mlperf,2698,33,32,0.9696969696969697
tile:xla,train,mlperf_transformer_-672b61b965aeab2e,mlperf,1706,35,34,0.9714285714285714
tile:xla,train,mlperf_transformer_-69ce1e454c793729,mlperf,87,17,16,0.9411764705882353
tile:xla,train,mlperf_transformer_-6ade00475f393ad2,mlperf,395,48,56,1.1666666666666667
tile:xla,train,mlperf_transformer_-6fd98b0dd4ecf7ef,mlperf,884,32,31,0.96875
tile:xla,train,mlperf_transformer_-76b3d775e64f0b9c,mlperf,878,40,42,1.05
tile:xla,train,mlperf_transformer_-7bb8d65350f10a1b,mlperf,20,31,34,1.096774193548387
tile:xla,train,mlperf_transformer_-7ce1ac097779dd1e,mlperf,883,27,29,1.0740740740740742
tile:xla,train,mlperf_transformer_-cf07eb0699c1a6,mlperf,131,70,73,1.042857142857143
tile:xla,train,mlperf_transformer_-d85cf5bdf14c817,mlperf,1703,24,23,0.9583333333333334
tile:xla,train,mlperf_transformer_18d21401acec92fd,mlperf,327,18,18,1.0
tile:xla,train,mlperf_transformer_18d79d2fd242c90d,mlperf,658,47,51,1.0851063829787233
tile:xla,train,mlperf_transformer_1a2061afea71f39a,mlperf,231,9,9,1.0
tile:xla,train,mlperf_transformer_1bc074d5eb9a96f9,mlperf,614,16,15,0.9375
tile:xla,train,mlperf_transformer_1d7d79910b2e165b,mlperf,779,16,15,0.9375
tile:xla,train,mlperf_transformer_215bf0d326253bf9,mlperf,2657,57,59,1.0350877192982457
tile:xla,train,mlperf_transformer_2281dbe94416a743,mlperf,281,43,43,1.0
tile:xla,train,mlperf_transformer_233d73746dc03d40,mlperf,253,7,6,0.8571428571428571
tile:xla,train,mlperf_transformer_2350864640e4904f,mlperf,255,13,12,0.9230769230769231
tile:xla,train,mlperf_transformer_23f4709faf4de36,mlperf,234,30,32,1.0666666666666667
tile:xla,train,mlperf_transformer_240bfba5a9716fe1,mlperf,284,25,24,0.96
tile:xla,train,mlperf_transformer_250b98e877624a7c,mlperf,775,13,12,0.9230769230769231
tile:xla,train,mlperf_transformer_2aa99bf25f25674c,mlperf,1501,57,65,1.1403508771929824
tile:xla,train,mlperf_transformer_2cf19ed5b73a3c8a,mlperf,59,29,31,1.0689655172413792
tile:xla,train,mlperf_transformer_32d2f30e4b74cae2,mlperf,106,13,12,0.9230769230769231
tile:xla,train,mlperf_transformer_34a383e292703e48,mlperf,552,45,46,1.0222222222222221
tile:xla,train,mlperf_transformer_3c8b6307d4edb9ab,mlperf,175,21,23,1.0952380952380953
tile:xla,train,mlperf_transformer_3f5e3bfc00a81070,mlperf,210,20,19,0.95
tile:xla,train,mlperf_transformer_3ffe263caa700878,mlperf,99,7,6,0.8571428571428571
tile:xla,train,mlperf_transformer_41f56366f7be3e3a,mlperf,23,2,1,0.5
tile:xla,train,mlperf_transformer_4a39556f18654058,mlperf,1703,21,20,0.9523809523809523
tile:xla,train,mlperf_transformer_4cc8bce6d53f735b,mlperf,58,35,42,1.2
tile:xla,train,mlperf_transformer_4cf9b30e71bc39cb,mlperf,284,37,37,1.0
tile:xla,train,mlperf_transformer_543c2f3ea28d3efa,mlperf,170,55,54,0.9818181818181818
tile:xla,train,mlperf_transformer_5444be47ebc1ca4c,mlperf,600,40,39,0.975
tile:xla,train,mlperf_transformer_57278a447d2b43ac,mlperf,87,12,11,0.9166666666666666
tile:xla,train,mlperf_transformer_576b4dc97d0a3826,mlperf,33,39,42,1.0769230769230769
tile:xla,train,mlperf_transformer_59565512e077035e,mlperf,105,114,122,1.0701754385964912
tile:xla,train,mlperf_transformer_5ca9a825d2915876,mlperf,575,32,31,0.96875
tile:xla,train,mlperf_transformer_60166d21aa2fe8a6,mlperf,1724,35,34,0.9714285714285714
tile:xla,train,mlperf_transformer_630ec8143aed7bed,mlperf,1706,32,31,0.96875
tile:xla,train,mlperf_transformer_6594386be47b4a8b,mlperf,847,13,12,0.9230769230769231
tile:xla,train,mlperf_transformer_6a3b00523af85ee7,mlperf,164,10,9,0.9
tile:xla,train,mlperf_transformer_6a67f1fe77d270d1,mlperf,3627,39,38,0.9743589743589743
tile:xla,train,mlperf_transformer_6d8c22fa9e6b9ef4,mlperf,2676,46,45,0.9782608695652174
tile:xla,train,mlperf_transformer_6e52a96238119b5f,mlperf,115,27,29,1.0740740740740742
tile:xla,train,mlperf_transformer_7246e959a94c662b,mlperf,284,26,25,0.9615384615384616
tile:xla,train,mlperf_transformer_77b38df0d9a93fea,mlperf,1706,35,34,0.9714285714285714
tile:xla,train,mlperf_transformer_78abf61683d72f10,mlperf,3578,18,18,1.0
tile:xla,train,mlperf_transformer_794c4f521da2252c,mlperf,1588,34,37,1.088235294117647
tile:xla,train,mlperf_transformer_7abd80d88097da09,mlperf,284,8,7,0.875
tile:xla,train,mlperf_transformer_d08a4b0d6f9aee2,mlperf,3219,58,60,1.0344827586206897
tile:xla,train,mlperf_transformer_eb3ddbbf584637e,mlperf,283,47,47,1.0
tile:xla,train,mlperf_transformer_f2ed92d81b4fc09,mlperf,285,7,6,0.8571428571428571
tile:xla,train,mlperf_transformer_f3969f134e17c0e,mlperf,216,13,12,0.9230769230769231
tile:xla,train,mnasnet_a1_batch_128_-104ade08a004669a,mnasnet,1088,76,75,0.9868421052631579
tile:xla,train,mnasnet_a1_batch_128_-11e038361481f051,mnasnet,3901,42,45,1.0714285714285714
tile:xla,train,mnasnet_a1_batch_128_-166e5cb73d9c208,mnasnet,8290,103,113,1.0970873786407767
tile:xla,train,mnasnet_a1_batch_128_-17beeba7c420855d,mnasnet,1375,20,23,1.15
tile:xla,train,mnasnet_a1_batch_128_-199174765b17eec2,mnasnet,1320,49,48,0.9795918367346939
tile:xla,train,mnasnet_a1_batch_128_-1d9be04361f3657,mnasnet,3848,42,45,1.0714285714285714
tile:xla,train,mnasnet_a1_batch_128_-1f89a77ffe0d309,mnasnet,1315,57,60,1.0526315789473684
tile:xla,train,mnasnet_a1_batch_128_-1ff19eb60e16a497,mnasnet,9996,100,102,1.02
tile:xla,train,mnasnet_a1_batch_128_-2023012e38bedaf3,mnasnet,377,73,80,1.095890410958904
tile:xla,train,mnasnet_a1_batch_128_-20ba60cbb4ff4493,mnasnet,633,42,45,1.0714285714285714
tile:xla,train,mnasnet_a1_batch_128_-233d13505e8baa1c,mnasnet,5507,103,113,1.0970873786407767
tile:xla,train,mnasnet_a1_batch_128_-25ef1329e822da9b,mnasnet,10000,100,102,1.02
tile:xla,train,mnasnet_a1_batch_128_-299b2e8ea4c6010d,mnasnet,1098,47,50,1.0638297872340425
tile:xla,train,mnasnet_a1_batch_128_-2a0c660e99220b53,mnasnet,957,41,47,1.146341463414634
tile:xla,train,mnasnet_a1_batch_128_-2ac0bed80203781a,mnasnet,658,73,80,1.095890410958904
tile:xla,train,mnasnet_a1_batch_128_-2c00b4aa48eb6515,mnasnet,403,38,37,0.9736842105263158
tile:xla,train,mnasnet_a1_batch_128_-2f809c7b8845120e,mnasnet,478,73,80,1.095890410958904
tile:xla,train,mnasnet_a1_batch_128_-2fe15d18a68a0259,mnasnet,355,47,50,1.0638297872340425
tile:xla,train,mnasnet_a1_batch_128_-311c97bbe3bc8647,mnasnet,1308,72,71,0.9861111111111112
tile:xla,train,mnasnet_a1_batch_128_-35c7ee0aff88e61e,mnasnet,325,68,67,0.9852941176470589
tile:xla,train,mnasnet_a1_batch_128_-367bf70f93df8d80,mnasnet,90,36,40,1.1111111111111112
tile:xla,train,mnasnet_a1_batch_128_-36f6b9fbf0ddc075,mnasnet,798,20,23,1.15
tile:xla,train,mnasnet_a1_batch_128_-36fe1d2dd9db87d1,mnasnet,4100,70,69,0.9857142857142858
tile:xla,train,mnasnet_a1_batch_128_-3738464f72a001e3,mnasnet,2389,78,84,1.0769230769230769
tile:xla,train,mnasnet_a1_batch_128_-37495a241c7e3a70,mnasnet,593,71,70,0.9859154929577465
tile:xla,train,mnasnet_a1_batch_128_-37bcfd44fec0b0d5,mnasnet,561,26,26,1.0
tile:xla,train,mnasnet_a1_batch_128_-3911d20e1e6d0fb2,mnasnet,176,30,30,1.0
tile:xla,train,mnasnet_a1_batch_128_-3e0083b7d1089cef,mnasnet,2385,89,91,1.0224719101123596
tile:xla,train,mnasnet_a1_batch_128_-402fc4e1adcaafeb,mnasnet,9995,70,69,0.9857142857142858
tile:xla,train,mnasnet_a1_batch_128_-404c5d9913f75040,mnasnet,1184,73,80,1.095890410958904
tile:xla,train,mnasnet_a1_batch_128_-4196f1ff9d346054,mnasnet,343,76,75,0.9868421052631579
tile:xla,train,mnasnet_a1_batch_128_-41db9cd6b88ea736,mnasnet,6995,73,80,1.095890410958904
tile:xla,train,mnasnet_a1_batch_128_-4609cc8d6df7d812,mnasnet,324,70,71,1.0142857142857142
tile:xla,train,mnasnet_a1_batch_128_-4addcd7398c82171,mnasnet,7000,70,69,0.9857142857142858
tile:xla,train,mnasnet_a1_batch_128_-4babdcf1e6c989c3,mnasnet,505,26,26,1.0
tile:xla,train,mnasnet_a1_batch_128_-4c1da57d11f97dc6,mnasnet,8990,103,113,1.0970873786407767
tile:xla,train,mnasnet_a1_batch_128_-4c26f087470fbd33,mnasnet,528,71,70,0.9859154929577465
tile:xla,train,mnasnet_a1_batch_128_-4d4d22fbde9cc2a5,mnasnet,7854,42,45,1.0714285714285714
tile:xla,train,mnasnet_a1_batch_128_-4e39b1c3a870c44f,mnasnet,77,36,40,1.1111111111111112
tile:xla,train,mnasnet_a1_batch_128_-4ef368cc250859e4,mnasnet,360,92,91,0.9891304347826086
tile:xla,train,mnasnet_a1_batch_128_-4f608a38290d8250,mnasnet,683,68,67,0.9852941176470589
tile:xla,train,mnasnet_a1_batch_128_-524a2f1e2f04aa0e,mnasnet,4941,73,80,1.095890410958904
tile:xla,train,mnasnet_a1_batch_128_-53e5495776cd10e,mnasnet,42,36,40,1.1111111111111112
tile:xla,train,mnasnet_a1_batch_128_-54bc67695af6c2af,mnasnet,6993,73,80,1.095890410958904
tile:xla,train,mnasnet_a1_batch_128_-54d95be997e6f514,mnasnet,343,76,75,0.9868421052631579
tile:xla,train,mnasnet_a1_batch_128_-5788af446433d61c,mnasnet,46,36,40,1.1111111111111112
tile:xla,train,mnasnet_a1_batch_128_-5b7b0af1607898f2,mnasnet,1367,43,46,1.069767441860465
tile:xla,train,mnasnet_a1_batch_128_-5ba813b524c576bd,mnasnet,2447,39,42,1.0769230769230769
tile:xla,train,mnasnet_a1_batch_128_-5bc2c07574df7bb4,mnasnet,858,60,63,1.05
tile:xla,train,mnasnet_a1_batch_128_-5e7cb5f7272152ef,mnasnet,433,42,45,1.0714285714285714
tile:xla,train,mnasnet_a1_batch_128_-60baee819f9319fa,mnasnet,689,70,71,1.0142857142857142
tile:xla,train,mnasnet_a1_batch_128_-614692e19d57e726,mnasnet,373,39,42,1.0769230769230769
tile:xla,train,mnasnet_a1_batch_128_-61c281bfc9a63d4a,mnasnet,683,49,48,0.9795918367346939
tile:xla,train,mnasnet_a1_batch_128_-6334b96fcfb2f4e5,mnasnet,355,47,50,1.0638297872340425
tile:xla,train,mnasnet_a1_batch_128_-63845edb44d0cafa,mnasnet,304,60,63,1.05
tile:xla,train,mnasnet_a1_batch_128_-639e951bad222e2d,mnasnet,6893,103,113,1.0970873786407767
tile:xla,train,mnasnet_a1_batch_128_-65cae9631a5db282,mnasnet,55,36,40,1.1111111111111112
tile:xla,train,mnasnet_a1_batch_128_-688fea09b4d5fbe7,mnasnet,944,63,66,1.0476190476190477
tile:xla,train,mnasnet_a1_batch_128_-68ed48fcfa4e0a63,mnasnet,176,51,50,0.9803921568627451
tile:xla,train,mnasnet_a1_batch_128_-6b6aeafb548b851d,mnasnet,324,70,71,1.0142857142857142
tile:xla,train,mnasnet_a1_batch_128_-6b80257cffbb1bf4,mnasnet,22,2,1,0.5
tile:xla,train,mnasnet_a1_batch_128_-6c51b8a5db4fe935,mnasnet,176,57,56,0.9824561403508771
tile:xla,train,mnasnet_a1_batch_128_-6c5380c86d0bdb9b,mnasnet,798,39,42,1.0769230769230769
tile:xla,train,mnasnet_a1_batch_128_-6cd87fe82b2e930a,mnasnet,497,41,47,1.146341463414634
tile:xla,train,mnasnet_a1_batch_128_-6d4e5552206c5820,mnasnet,889,70,71,1.0142857142857142
tile:xla,train,mnasnet_a1_batch_128_-6ddddbe9e88430f5,mnasnet,564,72,71,0.9861111111111112
tile:xla,train,mnasnet_a1_batch_128_-6fc8ef9a9106ed58,mnasnet,449,63,66,1.0476190476190477
tile:xla,train,mnasnet_a1_batch_128_-704ba8363cee5d00,mnasnet,6611,103,113,1.0970873786407767
tile:xla,train,mnasnet_a1_batch_128_-749c2e2f49f10591,mnasnet,417,71,70,0.9859154929577465
tile:xla,train,mnasnet_a1_batch_128_-78d054bfcc72cd85,mnasnet,9990,103,113,1.0970873786407767
tile:xla,train,mnasnet_a1_batch_128_-7bf346f1b642d917,mnasnet,9996,100,102,1.02
tile:xla,train,mnasnet_a1_batch_128_-81cec28585cd53d,mnasnet,1079,70,71,1.0142857142857142
tile:xla,train,mnasnet_a1_batch_128_-926cf63932dfcae,mnasnet,505,26,26,1.0
tile:xla,train,mnasnet_a1_batch_128_-c7a0c3187129a39,mnasnet,727,41,47,1.146341463414634
tile:xla,train,mnasnet_a1_batch_128_10123e5bb7103b1c,mnasnet,6098,42,45,1.0714285714285714
tile:xla,train,mnasnet_a1_batch_128_10ee68c816042ce4,mnasnet,255,57,60,1.0526315789473684
tile:xla,train,mnasnet_a1_batch_128_15d0d9a3690ed6b7,mnasnet,560,41,47,1.146341463414634
tile:xla,train,mnasnet_a1_batch_128_16702c5956ec11b,mnasnet,6862,42,45,1.0714285714285714
tile:xla,train,mnasnet_a1_batch_128_17898ee6a17387a8,mnasnet,884,68,67,0.9852941176470589
tile:xla,train,mnasnet_a1_batch_128_1d6355930253fd73,mnasnet,1984,71,70,0.9859154929577465
tile:xla,train,mnasnet_a1_batch_128_1f3b59673a3d5b00,mnasnet,6197,42,45,1.0714285714285714
tile:xla,train,mnasnet_a1_batch_128_2466f5197d4c656e,mnasnet,669,72,71,0.9861111111111112
tile:xla,train,mnasnet_a1_batch_128_24a49af98747dfaa,mnasnet,953,39,42,1.0769230769230769
tile:xla,train,mnasnet_a1_batch_128_274248815373b90a,mnasnet,1675,42,45,1.0714285714285714
tile:xla,train,mnasnet_a1_batch_128_2833dacfa017ca15,mnasnet,704,71,70,0.9859154929577465
tile:xla,train,mnasnet_a1_batch_128_2d218e4f2480584,mnasnet,787,42,45,1.0714285714285714
tile:xla,train,mnasnet_a1_batch_128_2f22f468cd3c9174,mnasnet,669,92,91,0.9891304347826086
tile:xla,train,mnasnet_a1_batch_128_31429d34e2052a1f,mnasnet,269,68,67,0.9852941176470589
tile:xla,train,mnasnet_a1_batch_128_324994a95bdfa566,mnasnet,325,49,48,0.9795918367346939
tile:xla,train,mnasnet_a1_batch_128_327a8e89b27e044,mnasnet,6904,100,102,1.02
tile:xla,train,mnasnet_a1_batch_128_327fb702268cb00d,mnasnet,6993,42,45,1.0714285714285714
tile:xla,train,mnasnet_a1_batch_128_36791dff2e40a23b,mnasnet,674,57,60,1.0526315789473684
tile:xla,train,mnasnet_a1_batch_128_387c031cd48a78a7,mnasnet,761,42,45,1.0714285714285714
tile:xla,train,mnasnet_a1_batch_128_39bff735b8e8dd00,mnasnet,517,60,63,1.05
tile:xla,train,mnasnet_a1_batch_128_3a70db59247829fd,mnasnet,279,57,56,0.9824561403508771
tile:xla,train,mnasnet_a1_batch_128_3d1432422fe76c18,mnasnet,355,57,60,1.0526315789473684
tile:xla,train,mnasnet_a1_batch_128_3d6062f0ce5ea7e1,mnasnet,719,63,66,1.0476190476190477
tile:xla,train,mnasnet_a1_batch_128_3fb1033c73da1211,mnasnet,719,43,46,1.069767441860465
tile:xla,train,mnasnet_a1_batch_128_413722a6e4218d4a,mnasnet,1320,68,67,0.9852941176470589
tile:xla,train,mnasnet_a1_batch_128_41abd30b1f7f12c2,mnasnet,697,26,26,1.0
tile:xla,train,mnasnet_a1_batch_128_44d4b87bc50934b8,mnasnet,1307,60,63,1.05
tile:xla,train,mnasnet_a1_batch_128_460161fb1d95ea4a,mnasnet,740,71,70,0.9859154929577465
tile:xla,train,mnasnet_a1_batch_128_4a4adb33b53c4c7f,mnasnet,2030,42,45,1.0714285714285714
tile:xla,train,mnasnet_a1_batch_128_4b668b807c70d60b,mnasnet,669,60,63,1.05
tile:xla,train,mnasnet_a1_batch_128_4dde029f6e5fe653,mnasnet,286,38,37,0.9736842105263158
tile:xla,train,mnasnet_a1_batch_128_4f4165021cde52db,mnasnet,859,39,42,1.0769230769230769
tile:xla,train,mnasnet_a1_batch_128_50e4ed1325c0792,mnasnet,2795,20,23,1.15
tile:xla,train,mnasnet_a1_batch_128_52800c7d4cedb77c,mnasnet,1365,47,50,1.0638297872340425
tile:xla,train,mnasnet_a1_batch_128_54762e046945756e,mnasnet,9467,73,80,1.095890410958904
tile:xla,train,mnasnet_a1_batch_128_551c44637f862143,mnasnet,784,47,50,1.0638297872340425
tile:xla,train,mnasnet_a1_batch_128_5618b05e1fa0b05e,mnasnet,9995,100,102,1.02
tile:xla,train,mnasnet_a1_batch_128_562171b2598e7de1,mnasnet,907,76,75,0.9868421052631579
tile:xla,train,mnasnet_a1_batch_128_5900fb55f3747c3a,mnasnet,541,42,45,1.0714285714285714
tile:xla,train,mnasnet_a1_batch_128_5991e45061f81f48,mnasnet,558,57,60,1.0526315789473684
tile:xla,train,mnasnet_a1_batch_128_5b62989cfc8a827d,mnasnet,835,26,26,1.0
tile:xla,train,mnasnet_a1_batch_128_5dae44cd432aadcc,mnasnet,979,26,26,1.0
tile:xla,train,mnasnet_a1_batch_128_5ddf1389671fe73,mnasnet,622,68,67,0.9852941176470589
tile:xla,train,mnasnet_a1_batch_128_60ac30a705e3936b,mnasnet,942,47,50,1.0638297872340425
tile:xla,train,mnasnet_a1_batch_128_614d5aa95845b269,mnasnet,1331,70,71,1.0142857142857142
tile:xla,train,mnasnet_a1_batch_128_61b3a6f7fe626bf8,mnasnet,869,57,60,1.0526315789473684
tile:xla,train,mnasnet_a1_batch_128_6300944940ec4be0,mnasnet,156,9,8,0.8888888888888888
tile:xla,train,mnasnet_a1_batch_128_6456030d802a4de0,mnasnet,9997,70,69,0.9857142857142858
tile:xla,train,mnasnet_a1_batch_128_6537a46243ab569f,mnasnet,7432,70,69,0.9857142857142858
tile:xla,train,mnasnet_a1_batch_128_66c6d166371b9d60,mnasnet,689,73,80,1.095890410958904
tile:xla,train,mnasnet_a1_batch_128_66f62746bb824721,mnasnet,371,73,80,1.095890410958904
tile:xla,train,mnasnet_a1_batch_128_67eedfdbcd1ff010,mnasnet,1344,76,75,0.9868421052631579
tile:xla,train,mnasnet_a1_batch_128_6d19eeb5702c9662,mnasnet,835,34,40,1.1764705882352942
tile:xla,train,mnasnet_a1_batch_128_6d91f284e8524901,mnasnet,5519,73,80,1.095890410958904
tile:xla,train,mnasnet_a1_batch_128_6d937241270b49a2,mnasnet,860,92,91,0.9891304347826086
tile:xla,train,mnasnet_a1_batch_128_6f362dfcfc668b51,mnasnet,698,76,75,0.9868421052631579
tile:xla,train,mnasnet_a1_batch_128_6fd63856cc1603f0,mnasnet,373,20,23,1.15
tile:xla,train,mnasnet_a1_batch_128_716d779437aa8459,mnasnet,5895,100,102,1.02
tile:xla,train,mnasnet_a1_batch_128_757978b29d8037c9,mnasnet,859,12,11,0.9166666666666666
tile:xla,train,mnasnet_a1_batch_128_75b82c4abbfc0c1c,mnasnet,497,41,47,1.146341463414634
tile:xla,train,mnasnet_a1_batch_128_773b7113e987b78b,mnasnet,7328,42,45,1.0714285714285714
tile:xla,train,mnasnet_a1_batch_128_7969beed942958a6,mnasnet,9267,42,45,1.0714285714285714
tile:xla,train,mnasnet_a1_batch_128_79a6ff7dc6ee1393,mnasnet,1790,73,80,1.095890410958904
tile:xla,train,mnasnet_a1_batch_128_7d8357edd81bf28f,mnasnet,2294,49,48,0.9795918367346939
tile:xla,train,mnasnet_a1_batch_128_7ee376eb0f527d2a,mnasnet,3622,70,69,0.9857142857142858
tile:xla,train,mnasnet_a1_batch_128_b4a3bed9fb98aae,mnasnet,674,43,46,1.069767441860465
tile:xla,train,mnasnet_a1_batch_128_b7bc3564041b4a7,mnasnet,740,26,26,1.0
tile:xla,train,mnasnet_a1_batch_128_d5c22dd8c1e4a8c,mnasnet,693,41,47,1.146341463414634
tile:xla,train,mnasnet_a1_batch_128_e485243f62e8ac5,mnasnet,1375,39,42,1.0769230769230769
tile:xla,train,mnasnet_a1_batch_128_f34c8caa622695d,mnasnet,520,39,42,1.0769230769230769
tile:xla,train,mnasnet_a1_batch_128_fe7d40f0ff6d18,mnasnet,5889,42,45,1.0714285714285714
tile:xla,train,mnasnet_b1_batch_128_-13e871147a8c2665,mnasnet,4835,73,80,1.095890410958904
tile:xla,train,mnasnet_b1_batch_128_-1431b71307713252,mnasnet,7154,42,45,1.0714285714285714
tile:xla,train,mnasnet_b1_batch_128_-15bd4cc88f93f8b8,mnasnet,1248,39,42,1.0769230769230769
tile:xla,train,mnasnet_b1_batch_128_-16e9528e9461322,mnasnet,5293,42,45,1.0714285714285714
tile:xla,train,mnasnet_b1_batch_128_-1e09434aa7457440,mnasnet,8992,70,69,0.9857142857142858
tile:xla,train,mnasnet_b1_batch_128_-1e14617d8e533997,mnasnet,5326,70,69,0.9857142857142858
tile:xla,train,mnasnet_b1_batch_128_-1e16261d0c8bc43e,mnasnet,1240,43,46,1.069767441860465
tile:xla,train,mnasnet_b1_batch_128_-20af309d0971ee93,mnasnet,1248,20,23,1.15
tile:xla,train,mnasnet_b1_batch_128_-20ba60cbb4ff4493,mnasnet,570,42,45,1.0714285714285714
tile:xla,train,mnasnet_b1_batch_128_-21759ab1686a8109,mnasnet,424,39,42,1.0769230769230769
tile:xla,train,mnasnet_b1_batch_128_-244e0cb7bbb0b230,mnasnet,945,42,45,1.0714285714285714
tile:xla,train,mnasnet_b1_batch_128_-2c00b4aa48eb6515,mnasnet,403,38,37,0.9736842105263158
tile:xla,train,mnasnet_b1_batch_128_-2c19090a72278976,mnasnet,9996,70,69,0.9857142857142858
tile:xla,train,mnasnet_b1_batch_128_-2f4f6714eb3b31a9,mnasnet,333,49,48,0.9795918367346939
tile:xla,train,mnasnet_b1_batch_128_-2f809c7b8845120e,mnasnet,478,73,80,1.095890410958904
tile:xla,train,mnasnet_b1_batch_128_-35453e5345d5f0bc,mnasnet,874,92,91,0.9891304347826086
tile:xla,train,mnasnet_b1_batch_128_-35c7ee0aff88e61e,mnasnet,326,68,67,0.9852941176470589
tile:xla,train,mnasnet_b1_batch_128_-367bf70f93df8d80,mnasnet,82,36,40,1.1111111111111112
tile:xla,train,mnasnet_b1_batch_128_-36f6b9fbf0ddc075,mnasnet,726,20,23,1.15
tile:xla,train,mnasnet_b1_batch_128_-36fe1d2dd9db87d1,mnasnet,5272,70,69,0.9857142857142858
tile:xla,train,mnasnet_b1_batch_128_-3738464f72a001e3,mnasnet,2172,78,84,1.0769230769230769
tile:xla,train,mnasnet_b1_batch_128_-37495a241c7e3a70,mnasnet,534,71,70,0.9859154929577465
tile:xla,train,mnasnet_b1_batch_128_-3834ca19de5a6366,mnasnet,325,73,80,1.095890410958904
tile:xla,train,mnasnet_b1_batch_128_-38f046e145ffe7fe,mnasnet,1192,49,48,0.9795918367346939
tile:xla,train,mnasnet_b1_batch_128_-3911d20e1e6d0fb2,mnasnet,160,30,30,1.0
tile:xla,train,mnasnet_b1_batch_128_-393369969e712b5a,mnasnet,404,43,46,1.069767441860465
tile:xla,train,mnasnet_b1_batch_128_-3b5974b372e05f3,mnasnet,6478,42,45,1.0714285714285714
tile:xla,train,mnasnet_b1_batch_128_-3b6c3c6b18cdb3fd,mnasnet,716,42,45,1.0714285714285714
tile:xla,train,mnasnet_b1_batch_128_-3c816aeb33eba95,mnasnet,884,57,60,1.0526315789473684
tile:xla,train,mnasnet_b1_batch_128_-3e0083b7d1089cef,mnasnet,2168,89,91,1.0224719101123596
tile:xla,train,mnasnet_b1_batch_128_-3e4464eac10db2f4,mnasnet,254,38,37,0.9736842105263158
tile:xla,train,mnasnet_b1_batch_128_-3ed24023110bab85,mnasnet,356,42,45,1.0714285714285714
tile:xla,train,mnasnet_b1_batch_128_-3f871e53e609df1a,mnasnet,1192,68,67,0.9852941176470589
tile:xla,train,mnasnet_b1_batch_128_-40274038e0a7b4b2,mnasnet,1195,57,60,1.0526315789473684
tile:xla,train,mnasnet_b1_batch_128_-402fc4e1adcaafeb,mnasnet,8996,70,69,0.9857142857142858
tile:xla,train,mnasnet_b1_batch_128_-404c5d9913f75040,mnasnet,1522,73,80,1.095890410958904
tile:xla,train,mnasnet_b1_batch_128_-42453988ff4cb3e8,mnasnet,8984,73,80,1.095890410958904
tile:xla,train,mnasnet_b1_batch_128_-46e6e0fb5f7d8dc7,mnasnet,333,68,67,0.9852941176470589
tile:xla,train,mnasnet_b1_batch_128_-4772f15ee8db4276,mnasnet,5835,70,69,0.9857142857142858
tile:xla,train,mnasnet_b1_batch_128_-49b38e2a81eaa463,mnasnet,340,73,80,1.095890410958904
tile:xla,train,mnasnet_b1_batch_128_-4c26f087470fbd33,mnasnet,480,71,70,0.9859154929577465
tile:xla,train,mnasnet_b1_batch_128_-4dad649187c60f9a,mnasnet,960,39,42,1.0769230769230769
tile:xla,train,mnasnet_b1_batch_128_-4f608a38290d8250,mnasnet,683,68,67,0.9852941176470589
tile:xla,train,mnasnet_b1_batch_128_-5494d2150b4efdbc,mnasnet,324,72,71,0.9861111111111112
tile:xla,train,mnasnet_b1_batch_128_-571e39b2b8a2e5e7,mnasnet,343,71,70,0.9859154929577465
tile:xla,train,mnasnet_b1_batch_128_-57bca8017ac2b9e9,mnasnet,987,73,80,1.095890410958904
tile:xla,train,mnasnet_b1_batch_128_-5a129e44779ee574,mnasnet,8205,42,45,1.0714285714285714
tile:xla,train,mnasnet_b1_batch_128_-5ba813b524c576bd,mnasnet,2225,39,42,1.0769230769230769
tile:xla,train,mnasnet_b1_batch_128_-5f684e26b8b7da95,mnasnet,6005,42,45,1.0714285714285714
tile:xla,train,mnasnet_b1_batch_128_-614692e19d57e726,mnasnet,373,39,42,1.0769230769230769
tile:xla,train,mnasnet_b1_batch_128_-61c281bfc9a63d4a,mnasnet,683,49,48,0.9795918367346939
tile:xla,train,mnasnet_b1_batch_128_-63845edb44d0cafa,mnasnet,274,60,63,1.05
tile:xla,train,mnasnet_b1_batch_128_-63c14c7396a33d2f,mnasnet,376,71,70,0.9859154929577465
tile:xla,train,mnasnet_b1_batch_128_-658c98646c4c47d1,mnasnet,1848,42,45,1.0714285714285714
tile:xla,train,mnasnet_b1_batch_128_-65f70a26b96a3edb,mnasnet,6360,73,80,1.095890410958904
tile:xla,train,mnasnet_b1_batch_128_-68ed48fcfa4e0a63,mnasnet,160,51,50,0.9803921568627451
tile:xla,train,mnasnet_b1_batch_128_-6aea69f5f3d27b28,mnasnet,5548,73,80,1.095890410958904
tile:xla,train,mnasnet_b1_batch_128_-6b80257cffbb1bf4,mnasnet,20,2,1,0.5
tile:xla,train,mnasnet_b1_batch_128_-6b8ab14f978cac18,mnasnet,993,71,70,0.9859154929577465
tile:xla,train,mnasnet_b1_batch_128_-6be097b65319298b,mnasnet,356,42,45,1.0714285714285714
tile:xla,train,mnasnet_b1_batch_128_-6be5c52105a08c00,mnasnet,512,38,37,0.9736842105263158
tile:xla,train,mnasnet_b1_batch_128_-6c0f5efc4c54b253,mnasnet,5959,73,80,1.095890410958904
tile:xla,train,mnasnet_b1_batch_128_-6c51b8a5db4fe935,mnasnet,160,57,56,0.9824561403508771
tile:xla,train,mnasnet_b1_batch_128_-6c5380c86d0bdb9b,mnasnet,726,39,42,1.0769230769230769
tile:xla,train,mnasnet_b1_batch_128_-6dd0bcd75e7665ad,mnasnet,689,73,80,1.095890410958904
tile:xla,train,mnasnet_b1_batch_128_-6ddddbe9e88430f5,mnasnet,508,72,71,0.9861111111111112
tile:xla,train,mnasnet_b1_batch_128_-72f147c3ef3c7818,mnasnet,8994,70,69,0.9857142857142858
tile:xla,train,mnasnet_b1_batch_128_-767db922e498a5d4,mnasnet,360,73,80,1.095890410958904
tile:xla,train,mnasnet_b1_batch_128_-78ce9d09b4ea8378,mnasnet,1241,42,45,1.0714285714285714
tile:xla,train,mnasnet_b1_batch_128_-79d1c956753ac433,mnasnet,8999,73,80,1.095890410958904
tile:xla,train,mnasnet_b1_batch_128_-7a45f69b98f419a6,mnasnet,8991,73,80,1.095890410958904
tile:xla,train,mnasnet_b1_batch_128_-9e30f1c3eb11593,mnasnet,1203,73,80,1.095890410958904
tile:xla,train,mnasnet_b1_batch_128_-c21352fe5db197b,mnasnet,3,36,40,1.1111111111111112
tile:xla,train,mnasnet_b1_batch_128_-f94bca987cd19d4,mnasnet,1001,42,45,1.0714285714285714
tile:xla,train,mnasnet_b1_batch_128_10123e5bb7103b1c,mnasnet,6098,42,45,1.0714285714285714
tile:xla,train,mnasnet_b1_batch_128_15aacb136cf91ae5,mnasnet,1312,29,28,0.9655172413793104
tile:xla,train,mnasnet_b1_batch_128_16803d980d24c6d9,mnasnet,1240,63,66,1.0476190476190477
tile:xla,train,mnasnet_b1_batch_128_168ec5a5bd23c40e,mnasnet,9000,70,69,0.9857142857142858
tile:xla,train,mnasnet_b1_batch_128_1d3fab10bd23341c,mnasnet,1215,71,70,0.9859154929577465
tile:xla,train,mnasnet_b1_batch_128_1d8e0d4b2622fa41,mnasnet,398,71,70,0.9859154929577465
tile:xla,train,mnasnet_b1_batch_128_1f3b59673a3d5b00,mnasnet,5578,42,45,1.0714285714285714
tile:xla,train,mnasnet_b1_batch_128_225773a1e4589925,mnasnet,343,71,70,0.9859154929577465
tile:xla,train,mnasnet_b1_batch_128_2466f5197d4c656e,mnasnet,669,72,71,0.9861111111111112
tile:xla,train,mnasnet_b1_batch_128_274248815373b90a,mnasnet,2154,42,45,1.0714285714285714
tile:xla,train,mnasnet_b1_batch_128_2833dacfa017ca15,mnasnet,704,71,70,0.9859154929577465
tile:xla,train,mnasnet_b1_batch_128_2d218e4f2480584,mnasnet,716,42,45,1.0714285714285714
tile:xla,train,mnasnet_b1_batch_128_303cd983992c9370,mnasnet,682,42,45,1.0714285714285714
tile:xla,train,mnasnet_b1_batch_128_324994a95bdfa566,mnasnet,326,49,48,0.9795918367346939
tile:xla,train,mnasnet_b1_batch_128_324fd2915122b6b9,mnasnet,6226,70,69,0.9857142857142858
tile:xla,train,mnasnet_b1_batch_128_3262d1587d77e3d7,mnasnet,7301,73,80,1.095890410958904
tile:xla,train,mnasnet_b1_batch_128_32f039edfbf54870,mnasnet,915,71,70,0.9859154929577465
tile:xla,train,mnasnet_b1_batch_128_36791dff2e40a23b,mnasnet,675,57,60,1.0526315789473684
tile:xla,train,mnasnet_b1_batch_128_3787b54693a92903,mnasnet,1790,71,70,0.9859154929577465
tile:xla,train,mnasnet_b1_batch_128_37c7fa1812d100f8,mnasnet,70,36,40,1.1111111111111112
tile:xla,train,mnasnet_b1_batch_128_3baeea54cdba36ea,mnasnet,325,73,80,1.095890410958904
tile:xla,train,mnasnet_b1_batch_128_3d1432422fe76c18,mnasnet,321,57,60,1.0526315789473684
tile:xla,train,mnasnet_b1_batch_128_3fb1033c73da1211,mnasnet,719,43,46,1.069767441860465
tile:xla,train,mnasnet_b1_batch_128_406ab93063c5d449,mnasnet,872,60,63,1.05
tile:xla,train,mnasnet_b1_batch_128_4a612a54012b1905,mnasnet,704,71,70,0.9859154929577465
tile:xla,train,mnasnet_b1_batch_128_4b668b807c70d60b,mnasnet,669,60,63,1.05
tile:xla,train,mnasnet_b1_batch_128_4c3998fad4e87340,mnasnet,1184,60,63,1.05
tile:xla,train,mnasnet_b1_batch_128_4e9acea728ed6b30,mnasnet,260,57,56,0.9824561403508771
tile:xla,train,mnasnet_b1_batch_128_50e4ed1325c0792,mnasnet,2517,20,23,1.15
tile:xla,train,mnasnet_b1_batch_128_5900fb55f3747c3a,mnasnet,492,42,45,1.0714285714285714
tile:xla,train,mnasnet_b1_batch_128_5991e45061f81f48,mnasnet,502,57,60,1.0526315789473684
tile:xla,train,mnasnet_b1_batch_128_5b5b941e5e5b20fe,mnasnet,1176,92,91,0.9891304347826086
tile:xla,train,mnasnet_b1_batch_128_5b62989cfc8a827d,mnasnet,759,26,26,1.0
tile:xla,train,mnasnet_b1_batch_128_5c2b771ca8e4aaa1,mnasnet,8467,73,80,1.095890410958904
tile:xla,train,mnasnet_b1_batch_128_5eb8d76f059f37cb,mnasnet,390,42,45,1.0714285714285714
tile:xla,train,mnasnet_b1_batch_128_61194932750c1f28,mnasnet,546,39,42,1.0769230769230769
tile:xla,train,mnasnet_b1_batch_128_6300944940ec4be0,mnasnet,142,9,8,0.8888888888888888
tile:xla,train,mnasnet_b1_batch_128_63e9085e68971c44,mnasnet,424,20,23,1.15
tile:xla,train,mnasnet_b1_batch_128_6488bbcad259dd20,mnasnet,905,73,80,1.095890410958904
tile:xla,train,mnasnet_b1_batch_128_66c6d166371b9d60,mnasnet,689,73,80,1.095890410958904
tile:xla,train,mnasnet_b1_batch_128_66f62746bb824721,mnasnet,477,73,80,1.095890410958904
tile:xla,train,mnasnet_b1_batch_128_6b91d51cc261596c,mnasnet,9996,70,69,0.9857142857142858
tile:xla,train,mnasnet_b1_batch_128_6cbcce1462570f6a,mnasnet,8999,70,69,0.9857142857142858
tile:xla,train,mnasnet_b1_batch_128_6d19eeb5702c9662,mnasnet,759,34,40,1.1764705882352942
tile:xla,train,mnasnet_b1_batch_128_6d91f284e8524901,mnasnet,4967,73,80,1.095890410958904
tile:xla,train,mnasnet_b1_batch_128_6f581415ebd85e0e,mnasnet,538,26,29,1.1153846153846154
tile:xla,train,mnasnet_b1_batch_128_6fd63856cc1603f0,mnasnet,373,20,23,1.15
tile:xla,train,mnasnet_b1_batch_128_710c62650dd92165,mnasnet,2482,70,69,0.9857142857142858
tile:xla,train,mnasnet_b1_batch_128_75611891ad6db590,mnasnet,6986,42,45,1.0714285714285714
tile:xla,train,mnasnet_b1_batch_128_757978b29d8037c9,mnasnet,773,12,11,0.9166666666666666
tile:xla,train,mnasnet_b1_batch_128_75e0e7096018460b,mnasnet,414,42,45,1.0714285714285714
tile:xla,train,mnasnet_b1_batch_128_7652747e871075eb,mnasnet,1763,73,80,1.095890410958904
tile:xla,train,mnasnet_b1_batch_128_773b7113e987b78b,mnasnet,6595,42,45,1.0714285714285714
tile:xla,train,mnasnet_b1_batch_128_790b4d975c60e75a,mnasnet,1775,73,80,1.095890410958904
tile:xla,train,mnasnet_b1_batch_128_7d28ed67ecae1ba4,mnasnet,557,37,36,0.972972972972973
tile:xla,train,mnasnet_b1_batch_128_7d2fbd4e7963a9a,mnasnet,894,68,67,0.9852941176470589
tile:xla,train,mnasnet_b1_batch_128_7d8357edd81bf28f,mnasnet,2065,49,48,0.9795918367346939
tile:xla,train,mnasnet_b1_batch_128_7e4a6b829fc04ffa,mnasnet,1177,72,71,0.9861111111111112
tile:xla,train,mnasnet_b1_batch_128_b4a3bed9fb98aae,mnasnet,674,43,46,1.069767441860465
tile:xla,train,mnasnet_b1_batch_128_b6ab882928fa832,mnasnet,307,60,63,1.05
tile:xla,train,mnasnet_b1_batch_128_ed0024b235aa8be,mnasnet,944,63,66,1.0476190476190477
tile:xla,train,ncf.2x2.fp32_-11d056f55e85426c,ncf,106,2,1,0.5
tile:xla,train,ncf.2x2.fp32_-31ebff330310b365,ncf,143,18,18,1.0
tile:xla,train,ncf.2x2.fp32_-353b0e4c2cbee7bd,ncf,16,31,35,1.1290322580645162
tile:xla,train,ncf.2x2.fp32_-4428ce3a35807f08,ncf,106,2,1,0.5
tile:xla,train,ncf.2x2.fp32_-4dcdf65c968f0ff4,ncf,222,31,35,1.1290322580645162
tile:xla,train,ncf.2x2.fp32_-51a3e09107282c33,ncf,190,25,26,1.04
tile:xla,train,ncf.2x2.fp32_-51c696ded903039c,ncf,374,18,18,1.0
tile:xla,train,ncf.2x2.fp32_-6ccdce90127f89bb,ncf,106,2,1,0.5
tile:xla,train,ncf.2x2.fp32_-6dffeda8b80f9128,ncf,29,19,19,1.0
tile:xla,train,ncf.2x2.fp32_-7c7f7425937f47cb,ncf,143,8,7,0.875
tile:xla,train,ncf.2x2.fp32_-8a0ea1ac29d5dca,ncf,180,9,9,1.0
tile:xla,train,ncf.2x2.fp32_-b852fd65914a0bd,ncf,74,2,1,0.5
tile:xla,train,ncf.2x2.fp32_-daba6e7725a05f8,ncf,106,2,1,0.5
tile:xla,train,ncf.2x2.fp32_1386a6d0f4615ef,ncf,106,2,1,0.5
tile:xla,train,ncf.2x2.fp32_19469a2512a88bde,ncf,142,6,6,1.0
tile:xla,train,ncf.2x2.fp32_34aa15be908bcaeb,ncf,105,19,18,0.9473684210526315
tile:xla,train,ncf.2x2.fp32_370e215caf07daed,ncf,98,32,34,1.0625
tile:xla,train,ncf.2x2.fp32_3a485a54f17857ad,ncf,192,12,11,0.9166666666666666
tile:xla,train,ncf.2x2.fp32_3c15cd288107d619,ncf,377,25,25,1.0
tile:xla,train,ncf.2x2.fp32_523aff7e8b916ba5,ncf,104,23,25,1.0869565217391304
tile:xla,train,ncf.2x2.fp32_529dcb5e331c9511,ncf,100,19,19,1.0
tile:xla,train,ncf.2x2.fp32_5aeb814e1dda4700,ncf,194,19,18,0.9473684210526315
tile:xla,train,ncf.2x2.fp32_5f33d2a030b468db,ncf,442,31,35,1.1290322580645162
tile:xla,train,ncf.2x2.fp32_765a5c2675db5016,ncf,405,12,11,0.9166666666666666
tile:xla,train,openai_v0_rnn_natural_-119d53419a718c67,openai,157,39,39,1.0
tile:xla,train,openai_v0_rnn_natural_-13dd13d51daa382b,openai,174,22,24,1.0909090909090908
tile:xla,train,openai_v0_rnn_natural_-13e77ddd591ea0ab,openai,16,2,1,0.5
tile:xla,train,openai_v0_rnn_natural_-16a9c8a38ac217b,openai,465,31,32,1.032258064516129
tile:xla,train,openai_v0_rnn_natural_-178e29e317a3fc18,openai,792,56,56,1.0
tile:xla,train,openai_v0_rnn_natural_-18d9f92e74631e73,openai,795,43,42,0.9767441860465116
tile:xla,train,openai_v0_rnn_natural_-19d0fb9b0358e434,openai,18,2,1,0.5
tile:xla,train,openai_v0_rnn_natural_-1c279cebd6abd35c,openai,12,2,1,0.5
tile:xla,train,openai_v0_rnn_natural_-1d8f6fdefb891ef2,openai,46,55,61,1.1090909090909091
tile:xla,train,openai_v0_rnn_natural_-1db288cfc72a0e6e,openai,16,2,1,0.5
tile:xla,train,openai_v0_rnn_natural_-1de474c8b8f8c12,openai,282,16,15,0.9375
tile:xla,train,openai_v0_rnn_natural_-28461690b0ae919,openai,835,19,18,0.9473684210526315
tile:xla,train,openai_v0_rnn_natural_-2991df37a7c01e0e,openai,84,47,61,1.297872340425532
tile:xla,train,openai_v0_rnn_natural_-2e32d562f496b9aa,openai,14,2,1,0.5
tile:xla,train,openai_v0_rnn_natural_-314404e767437ca,openai,16,2,1,0.5
tile:xla,train,openai_v0_rnn_natural_-327ac286b42a74ea,openai,28,2,1,0.5
tile:xla,train,openai_v0_rnn_natural_-3316544e641806cd,openai,776,9,9,1.0
tile:xla,train,openai_v0_rnn_natural_-3395ebd81e197dd5,openai,567,14,14,1.0
tile:xla,train,openai_v0_rnn_natural_-37eab4dad1cf4d81,openai,16,2,1,0.5
tile:xla,train,openai_v0_rnn_natural_-3cc6f18feb5a9d86,openai,32,2,1,0.5
tile:xla,train,openai_v0_rnn_natural_-3dbd3d65d8d0bf42,openai,157,13,12,0.9230769230769231
tile:xla,train,openai_v0_rnn_natural_-3e1d35eb125d66fd,openai,703,17,16,0.9411764705882353
tile:xla,train,openai_v0_rnn_natural_-458ccc97c589d25,openai,785,56,56,1.0
tile:xla,train,openai_v0_rnn_natural_-4b228622abce5d9d,openai,740,13,14,1.0769230769230769
tile:xla,train,openai_v0_rnn_natural_-4cb61c95cff35fc3,openai,74,2,1,0.5
tile:xla,train,openai_v0_rnn_natural_-4f77c6f2000a8f59,openai,16,2,1,0.5
tile:xla,train,openai_v0_rnn_natural_-52445e7e051bd0c1,openai,790,25,25,1.0
tile:xla,train,openai_v0_rnn_natural_-52d43ec0f3068d7c,openai,1718,12,11,0.9166666666666666
tile:xla,train,openai_v0_rnn_natural_-53297cc7cced3bc9,openai,819,14,14,1.0
tile:xla,train,openai_v0_rnn_natural_-577aed66d7879277,openai,131,31,35,1.1290322580645162
tile:xla,train,openai_v0_rnn_natural_-58a3c402cc4c403e,openai,795,36,38,1.0555555555555556
tile:xla,train,openai_v0_rnn_natural_-5b2c9352da349aec,openai,16,2,1,0.5
tile:xla,train,openai_v0_rnn_natural_-5eb7f55d91bfeeb4,openai,166,9,9,1.0
tile:xla,train,openai_v0_rnn_natural_-5f6928afdb5589f2,openai,18,2,1,0.5
tile:xla,train,openai_v0_rnn_natural_-606999dd42cc4cd7,openai,1681,21,21,1.0
tile:xla,train,openai_v0_rnn_natural_-6219c5429504c867,openai,84,2,1,0.5
tile:xla,train,openai_v0_rnn_natural_-63c2480edf731c0a,openai,284,12,11,0.9166666666666666
tile:xla,train,openai_v0_rnn_natural_-69eacdb332bae18f,openai,134,9,8,0.8888888888888888
tile:xla,train,openai_v0_rnn_natural_-6bd9c5ee8bfabaec,openai,609,30,29,0.9666666666666667
tile:xla,train,openai_v0_rnn_natural_-6cf7e96eb245c6ab,openai,25,2,1,0.5
tile:xla,train,openai_v0_rnn_natural_-6e2fc843df8a7ae4,openai,443,23,25,1.0869565217391304
tile:xla,train,openai_v0_rnn_natural_-6e6cb05b185f2505,openai,621,26,26,1.0
tile:xla,train,openai_v0_rnn_natural_-6edd96d1515c4f43,openai,551,19,18,0.9473684210526315
tile:xla,train,openai_v0_rnn_natural_-79906efee1d068fb,openai,24,2,1,0.5
tile:xla,train,openai_v0_rnn_natural_-7a51ab880b4d004e,openai,537,9,9,1.0
tile:xla,train,openai_v0_rnn_natural_-7bb2429cfdc60f63,openai,553,43,42,0.9767441860465116
tile:xla,train,openai_v0_rnn_natural_-7cdcbac4a69530d0,openai,900,30,29,0.9666666666666667
tile:xla,train,openai_v0_rnn_natural_-87cfb43e8c883,openai,157,20,19,0.95
tile:xla,train,openai_v0_rnn_natural_-a86a7de01760fd4,openai,343,10,9,0.9
tile:xla,train,openai_v0_rnn_natural_-f6b1ce23d07c3e0,openai,45,37,42,1.135135135135135
tile:xla,train,openai_v0_rnn_natural_11a2b88dd1b26b15,openai,272,17,16,0.9411764705882353
tile:xla,train,openai_v0_rnn_natural_1570d09622c19e6c,openai,82,52,74,1.4230769230769231
tile:xla,train,openai_v0_rnn_natural_1871aa6dd3f1529,openai,37,31,35,1.1290322580645162
tile:xla,train,openai_v0_rnn_natural_1bc6eefcdc613745,openai,16,2,1,0.5
tile:xla,train,openai_v0_rnn_natural_1d1d78418504337f,openai,16,2,1,0.5
tile:xla,train,openai_v0_rnn_natural_1d43b98319f3945a,openai,795,43,42,0.9767441860465116
tile:xla,train,openai_v0_rnn_natural_20c2778b3a6ffe5f,openai,16,2,1,0.5
tile:xla,train,openai_v0_rnn_natural_2140b3ad35a82527,openai,525,2,1,0.5
tile:xla,train,openai_v0_rnn_natural_21d48ebfdcce0223,openai,864,15,14,0.9333333333333333
tile:xla,train,openai_v0_rnn_natural_241e8fd8c34892e9,openai,558,36,35,0.9722222222222222
tile:xla,train,openai_v0_rnn_natural_24aa70a088afbcd7,openai,136,2,1,0.5
tile:xla,train,openai_v0_rnn_natural_2639ae68dbe59651,openai,1607,19,18,0.9473684210526315
tile:xla,train,openai_v0_rnn_natural_286825629d122d21,openai,611,15,14,0.9333333333333333
tile:xla,train,openai_v0_rnn_natural_2901d03d8bd331d1,openai,74,2,1,0.5
tile:xla,train,openai_v0_rnn_natural_2979982b1e6dbf50,openai,74,2,1,0.5
tile:xla,train,openai_v0_rnn_natural_2d0b4d3c4f1de84d,openai,850,12,11,0.9166666666666666
tile:xla,train,openai_v0_rnn_natural_2fad896bbb6cdd33,openai,441,2,1,0.5
tile:xla,train,openai_v0_rnn_natural_304997b17030345,openai,16,2,1,0.5
tile:xla,train,openai_v0_rnn_natural_3114736e4abf2a8b,openai,76,2,1,0.5
tile:xla,train,openai_v0_rnn_natural_364f823e2f6f23f6,openai,16,2,1,0.5
tile:xla,train,openai_v0_rnn_natural_3ce3079f821bd21c,openai,85,13,15,1.1538461538461537
tile:xla,train,openai_v0_rnn_natural_40b28efa5aa32e0b,openai,868,9,9,1.0
tile:xla,train,openai_v0_rnn_natural_411b3d18acd95633,openai,84,34,44,1.2941176470588236
tile:xla,train,openai_v0_rnn_natural_455078714d10a3f9,openai,864,15,14,0.9333333333333333
tile:xla,train,openai_v0_rnn_natural_4a92171c43e092c6,openai,37,2,1,0.5
tile:xla,train,openai_v0_rnn_natural_4c57ff82e76ce66c,openai,1017,22,22,1.0
tile:xla,train,openai_v0_rnn_natural_4e94870aa8b35ac6,openai,790,25,25,1.0
tile:xla,train,openai_v0_rnn_natural_4fc26dc140075528,openai,820,14,14,1.0
tile:xla,train,openai_v0_rnn_natural_57910b13d8ed372b,openai,548,25,25,1.0
tile:xla,train,openai_v0_rnn_natural_5b843ac25c289806,openai,775,31,32,1.032258064516129
tile:xla,train,openai_v0_rnn_natural_61e6167368abca54,openai,451,16,15,0.9375
tile:xla,train,openai_v0_rnn_natural_63bba1ee9c9915a9,openai,189,16,15,0.9375
tile:xla,train,openai_v0_rnn_natural_698466ee8837dba9,openai,157,15,14,0.9333333333333333
tile:xla,train,openai_v0_rnn_natural_6c3d37d4db116b2d,openai,659,13,12,0.9230769230769231
tile:xla,train,openai_v0_rnn_natural_6d3c257457f7754f,openai,900,30,29,0.9666666666666667
tile:xla,train,openai_v0_rnn_natural_6fc29f85c3caa997,openai,16,2,1,0.5
tile:xla,train,openai_v0_rnn_natural_7572be55ffb2157b,openai,16,2,1,0.5
tile:xla,train,openai_v0_rnn_natural_76fe989971dff970,openai,621,19,18,0.9473684210526315
tile:xla,train,openai_v0_rnn_natural_7a156c5a0c0a1c30,openai,16,2,1,0.5
tile:xla,train,openai_v0_rnn_natural_7db764e9e3b9b3c3,openai,16,2,1,0.5
tile:xla,train,openai_v0_rnn_natural_7e8b14223ae048ec,openai,950,33,35,1.0606060606060606
tile:xla,train,openai_v0_rnn_optimized_-12ae003883882b47,openai,2066,19,18,0.9473684210526315
tile:xla,train,openai_v0_rnn_optimized_-13dd13d51daa382b,openai,174,22,24,1.0909090909090908
tile:xla,train,openai_v0_rnn_optimized_-178e29e317a3fc18,openai,792,56,56,1.0
tile:xla,train,openai_v0_rnn_optimized_-18d9f92e74631e73,openai,795,43,42,0.9767441860465116
tile:xla,train,openai_v0_rnn_optimized_-1d8f6fdefb891ef2,openai,46,55,61,1.1090909090909091
tile:xla,train,openai_v0_rnn_optimized_-1db288cfc72a0e6e,openai,16,2,1,0.5
tile:xla,train,openai_v0_rnn_optimized_-1de474c8b8f8c12,openai,282,16,15,0.9375
tile:xla,train,openai_v0_rnn_optimized_-28461690b0ae919,openai,835,19,18,0.9473684210526315
tile:xla,train,openai_v0_rnn_optimized_-2991df37a7c01e0e,openai,84,47,61,1.297872340425532
tile:xla,train,openai_v0_rnn_optimized_-2ca0db3fa7271a70,openai,322,16,15,0.9375
tile:xla,train,openai_v0_rnn_optimized_-2fcf6f70d8d87605,openai,26,2,1,0.5
tile:xla,train,openai_v0_rnn_optimized_-3395ebd81e197dd5,openai,567,14,14,1.0
tile:xla,train,openai_v0_rnn_optimized_-37e772a4c2f5b8d8,openai,304,19,18,0.9473684210526315
tile:xla,train,openai_v0_rnn_optimized_-38f7036b46c7232d,openai,488,37,39,1.054054054054054
tile:xla,train,openai_v0_rnn_optimized_-3cc6f18feb5a9d86,openai,32,2,1,0.5
tile:xla,train,openai_v0_rnn_optimized_-3dbd3d65d8d0bf42,openai,157,13,12,0.9230769230769231
tile:xla,train,openai_v0_rnn_optimized_-3e1d35eb125d66fd,openai,703,17,16,0.9411764705882353
tile:xla,train,openai_v0_rnn_optimized_-42c683be992732a3,openai,157,27,27,1.0
tile:xla,train,openai_v0_rnn_optimized_-458ccc97c589d25,openai,785,56,56,1.0
tile:xla,train,openai_v0_rnn_optimized_-498f099af7b32820,openai,747,26,26,1.0
tile:xla,train,openai_v0_rnn_optimized_-49bbc0e3450e3e07,openai,559,25,25,1.0
tile:xla,train,openai_v0_rnn_optimized_-4b228622abce5d9d,openai,740,13,14,1.0769230769230769
tile:xla,train,openai_v0_rnn_optimized_-4d1296da63cdea41,openai,610,63,63,1.0
tile:xla,train,openai_v0_rnn_optimized_-4f77c6f2000a8f59,openai,16,2,1,0.5
tile:xla,train,openai_v0_rnn_optimized_-52445e7e051bd0c1,openai,790,25,25,1.0
tile:xla,train,openai_v0_rnn_optimized_-52d43ec0f3068d7c,openai,1718,12,11,0.9166666666666666
tile:xla,train,openai_v0_rnn_optimized_-53297cc7cced3bc9,openai,819,14,14,1.0
tile:xla,train,openai_v0_rnn_optimized_-577aed66d7879277,openai,131,31,35,1.1290322580645162
tile:xla,train,openai_v0_rnn_optimized_-58a3c402cc4c403e,openai,795,36,38,1.0555555555555556
tile:xla,train,openai_v0_rnn_optimized_-5b2c9352da349aec,openai,16,2,1,0.5
tile:xla,train,openai_v0_rnn_optimized_-5eb7f55d91bfeeb4,openai,166,9,9,1.0
tile:xla,train,openai_v0_rnn_optimized_-606999dd42cc4cd7,openai,1681,21,21,1.0
tile:xla,train,openai_v0_rnn_optimized_-6544b541314cb1b6,openai,2956,20,19,0.95
tile:xla,train,openai_v0_rnn_optimized_-69eacdb332bae18f,openai,134,9,8,0.8888888888888888
tile:xla,train,openai_v0_rnn_optimized_-6a9fbf87816f0b9c,openai,528,31,32,1.032258064516129
tile:xla,train,openai_v0_rnn_optimized_-6bd9c5ee8bfabaec,openai,609,30,29,0.9666666666666667
tile:xla,train,openai_v0_rnn_optimized_-6c4585bc3bcea4e8,openai,157,47,47,1.0
tile:xla,train,openai_v0_rnn_optimized_-6e2fc843df8a7ae4,openai,443,23,25,1.0869565217391304
tile:xla,train,openai_v0_rnn_optimized_-6e6cb05b185f2505,openai,621,26,26,1.0
tile:xla,train,openai_v0_rnn_optimized_-712d8131e378f256,openai,34,2,1,0.5
tile:xla,train,openai_v0_rnn_optimized_-7cdcbac4a69530d0,openai,900,30,29,0.9666666666666667
tile:xla,train,openai_v0_rnn_optimized_-7e173fb898fca7a6,openai,16,2,1,0.5
tile:xla,train,openai_v0_rnn_optimized_-a86a7de01760fd4,openai,343,10,9,0.9
tile:xla,train,openai_v0_rnn_optimized_-b5d277869fa7588,openai,1177,29,28,0.9655172413793104
tile:xla,train,openai_v0_rnn_optimized_-c28aad1b04c6228,openai,272,20,19,0.95
tile:xla,train,openai_v0_rnn_optimized_-f6b1ce23d07c3e0,openai,45,37,42,1.135135135135135
tile:xla,train,openai_v0_rnn_optimized_1570d09622c19e6c,openai,82,52,74,1.4230769230769231
tile:xla,train,openai_v0_rnn_optimized_1977fff4713472ba,openai,654,57,57,1.0
tile:xla,train,openai_v0_rnn_optimized_1a36035d92a06ed4,openai,538,49,49,1.0
tile:xla,train,openai_v0_rnn_optimized_1bc6eefcdc613745,openai,16,2,1,0.5
tile:xla,train,openai_v0_rnn_optimized_1d1d78418504337f,openai,16,2,1,0.5
tile:xla,train,openai_v0_rnn_optimized_1d43b98319f3945a,openai,795,43,42,0.9767441860465116
tile:xla,train,openai_v0_rnn_optimized_2140b3ad35a82527,openai,525,2,1,0.5
tile:xla,train,openai_v0_rnn_optimized_21d48ebfdcce0223,openai,864,15,14,0.9333333333333333
tile:xla,train,openai_v0_rnn_optimized_24aa70a088afbcd7,openai,136,2,1,0.5
tile:xla,train,openai_v0_rnn_optimized_2639ae68dbe59651,openai,1607,19,18,0.9473684210526315
tile:xla,train,openai_v0_rnn_optimized_286825629d122d21,openai,611,15,14,0.9333333333333333
tile:xla,train,openai_v0_rnn_optimized_2d0b4d3c4f1de84d,openai,850,12,11,0.9166666666666666
tile:xla,train,openai_v0_rnn_optimized_304997b17030345,openai,16,2,1,0.5
tile:xla,train,openai_v0_rnn_optimized_3a36464fab9de98,openai,2916,24,23,0.9583333333333334
tile:xla,train,openai_v0_rnn_optimized_3ad183896e97f819,openai,1934,56,55,0.9821428571428571
tile:xla,train,openai_v0_rnn_optimized_3ce3079f821bd21c,openai,85,13,15,1.1538461538461537
tile:xla,train,openai_v0_rnn_optimized_411b3d18acd95633,openai,84,34,44,1.2941176470588236
tile:xla,train,openai_v0_rnn_optimized_455078714d10a3f9,openai,864,15,14,0.9333333333333333
tile:xla,train,openai_v0_rnn_optimized_4c57ff82e76ce66c,openai,1017,22,22,1.0
tile:xla,train,openai_v0_rnn_optimized_4e94870aa8b35ac6,openai,790,25,25,1.0
tile:xla,train,openai_v0_rnn_optimized_4fc26dc140075528,openai,820,14,14,1.0
tile:xla,train,openai_v0_rnn_optimized_591ce0625d8854e1,openai,271,19,18,0.9473684210526315
tile:xla,train,openai_v0_rnn_optimized_5b843ac25c289806,openai,775,31,32,1.032258064516129
tile:xla,train,openai_v0_rnn_optimized_698466ee8837dba9,openai,157,15,14,0.9333333333333333
tile:xla,train,openai_v0_rnn_optimized_6a19f848a8ea437d,openai,157,31,31,1.0
tile:xla,train,openai_v0_rnn_optimized_6d3c257457f7754f,openai,900,30,29,0.9666666666666667
tile:xla,train,openai_v0_rnn_optimized_6d403e0313f04f28,openai,613,16,15,0.9375
tile:xla,train,openai_v0_rnn_optimized_7572be55ffb2157b,openai,16,2,1,0.5
tile:xla,train,openai_v0_rnn_optimized_7db764e9e3b9b3c3,openai,16,2,1,0.5
tile:xla,train,openai_v0_rnn_optimized_7e8b14223ae048ec,openai,950,33,35,1.0606060606060606
tile:xla,train,openai_v0_rnn_optimized_7f766d624402c7b4,openai,1227,19,18,0.9473684210526315
tile:xla,train,resnet_v1_50_official_batch_128_f32_-1260580791845bcb,resnet,2607,101,104,1.0297029702970297
tile:xla,train,resnet_v1_50_official_batch_128_f32_-151499b81be508,resnet,627,72,75,1.0416666666666667
tile:xla,train,resnet_v1_50_official_batch_128_f32_-1971215473d5047a,resnet,4039,101,107,1.0594059405940595
tile:xla,train,resnet_v1_50_official_batch_128_f32_-1cb715ccea22a4fc,resnet,3625,94,97,1.0319148936170213
tile:xla,train,resnet_v1_50_official_batch_128_f32_-1fd567ab96e0a79d,resnet,1349,73,80,1.095890410958904
tile:xla,train,resnet_v1_50_official_batch_128_f32_-2057f053d4640245,resnet,2937,73,80,1.095890410958904
tile:xla,train,resnet_v1_50_official_batch_128_f32_-25a714f7b8f945f1,resnet,1945,76,83,1.0921052631578947
tile:xla,train,resnet_v1_50_official_batch_128_f32_-25b64e997ec22d6b,resnet,415,9,8,0.8888888888888888
tile:xla,train,resnet_v1_50_official_batch_128_f32_-297834b798453371,resnet,1636,33,39,1.1818181818181819
tile:xla,train,resnet_v1_50_official_batch_128_f32_-2d1daf9b1a3aee7e,resnet,1810,20,23,1.15
tile:xla,train,resnet_v1_50_official_batch_128_f32_-2f509bd805785a99,resnet,2569,94,97,1.0319148936170213
tile:xla,train,resnet_v1_50_official_batch_128_f32_-32482e8db1173590,resnet,610,94,97,1.0319148936170213
tile:xla,train,resnet_v1_50_official_batch_128_f32_-32b433d2ca552dc,resnet,1251,65,70,1.0769230769230769
tile:xla,train,resnet_v1_50_official_batch_128_f32_-3390f343ac5c62cb,resnet,1545,41,40,0.975609756097561
tile:xla,train,resnet_v1_50_official_batch_128_f32_-3393009b73a34b79,resnet,974,42,45,1.0714285714285714
tile:xla,train,resnet_v1_50_official_batch_128_f32_-34d00fae88f40bf1,resnet,572,73,80,1.095890410958904
tile:xla,train,resnet_v1_50_official_batch_128_f32_-3587ddb09fb1ded7,resnet,1168,29,29,1.0
tile:xla,train,resnet_v1_50_official_batch_128_f32_-3fdf7987fc49d3f6,resnet,4844,73,80,1.095890410958904
tile:xla,train,resnet_v1_50_official_batch_128_f32_-40cb3544c96643d9,resnet,756,20,23,1.15
tile:xla,train,resnet_v1_50_official_batch_128_f32_-43981d20b01c7b29,resnet,1324,94,97,1.0319148936170213
tile:xla,train,resnet_v1_50_official_batch_128_f32_-43d9517b4ef04231,resnet,5628,29,32,1.103448275862069
tile:xla,train,resnet_v1_50_official_batch_128_f32_-47b0fa63c1f4fa0f,resnet,9991,73,80,1.095890410958904
tile:xla,train,resnet_v1_50_official_batch_128_f32_-4952a7fc81ab514b,resnet,3661,72,75,1.0416666666666667
tile:xla,train,resnet_v1_50_official_batch_128_f32_-4a29408eab1c9a97,resnet,9955,42,45,1.0714285714285714
tile:xla,train,resnet_v1_50_official_batch_128_f32_-4bc7da83f484a8e3,resnet,177,24,24,1.0
tile:xla,train,resnet_v1_50_official_batch_128_f32_-4e4d4b088aaf46f5,resnet,9992,42,45,1.0714285714285714
tile:xla,train,resnet_v1_50_official_batch_128_f32_-5001cee92d701398,resnet,167,68,71,1.0441176470588236
tile:xla,train,resnet_v1_50_official_batch_128_f32_-54b125344291903e,resnet,103,2,1,0.5
tile:xla,train,resnet_v1_50_official_batch_128_f32_-56670efcbaa402de,resnet,414,2,1,0.5
tile:xla,train,resnet_v1_50_official_batch_128_f32_-5bb308631a5103e7,resnet,3082,80,87,1.0875
tile:xla,train,resnet_v1_50_official_batch_128_f32_-5bc877a129c4101f,resnet,9604,94,97,1.0319148936170213
tile:xla,train,resnet_v1_50_official_batch_128_f32_-5dc1e2610aa7fb68,resnet,8088,94,97,1.0319148936170213
tile:xla,train,resnet_v1_50_official_batch_128_f32_-5eaf639abe0ae670,resnet,572,73,80,1.095890410958904
tile:xla,train,resnet_v1_50_official_batch_128_f32_-5ebdbc12edbc3fb4,resnet,103,9,8,0.8888888888888888
tile:xla,train,resnet_v1_50_official_batch_128_f32_-60344177f519208d,resnet,8829,94,97,1.0319148936170213
tile:xla,train,resnet_v1_50_official_batch_128_f32_-617756020f0b19ab,resnet,3302,20,23,1.15
tile:xla,train,resnet_v1_50_official_batch_128_f32_-63b08a775ffca29b,resnet,817,20,23,1.15
tile:xla,train,resnet_v1_50_official_batch_128_f32_-63e50b25f29647fe,resnet,2660,73,80,1.095890410958904
tile:xla,train,resnet_v1_50_official_batch_128_f32_-6657abcb758d37bc,resnet,1162,37,44,1.1891891891891893
tile:xla,train,resnet_v1_50_official_batch_128_f32_-67bf936091164e8f,resnet,2660,73,80,1.095890410958904
tile:xla,train,resnet_v1_50_official_batch_128_f32_-68395b1947649af6,resnet,1930,25,24,0.96
tile:xla,train,resnet_v1_50_official_batch_128_f32_-695575f179acf752,resnet,1324,94,97,1.0319148936170213
tile:xla,train,resnet_v1_50_official_batch_128_f32_-718de7d2e9ccf40b,resnet,8994,43,42,0.9767441860465116
tile:xla,train,resnet_v1_50_official_batch_128_f32_-7855e0bdbd28f696,resnet,610,94,97,1.0319148936170213
tile:xla,train,resnet_v1_50_official_batch_128_f32_-7b28733b3946029f,resnet,1150,25,24,0.96
tile:xla,train,resnet_v1_50_official_batch_128_f32_-7d7ef3bc7ca3d784,resnet,115,2,1,0.5
tile:xla,train,resnet_v1_50_official_batch_128_f32_-7f7a6a701b3c59c2,resnet,115,9,8,0.8888888888888888
tile:xla,train,resnet_v1_50_official_batch_128_f32_-816c9a94ffeba54,resnet,9990,42,45,1.0714285714285714
tile:xla,train,resnet_v1_50_official_batch_128_f32_-87fe83bbb8c3a7a,resnet,5887,43,42,0.9767441860465116
tile:xla,train,resnet_v1_50_official_batch_128_f32_-9619257b1161147,resnet,1599,25,24,0.96
tile:xla,train,resnet_v1_50_official_batch_128_f32_-a71cad4559a37a3,resnet,3786,20,23,1.15
tile:xla,train,resnet_v1_50_official_batch_128_f32_-ab5f66eb138e43b,resnet,8716,73,80,1.095890410958904
tile:xla,train,resnet_v1_50_official_batch_128_f32_-ccbe1cf11bb9c44,resnet,164,9,8,0.8888888888888888
tile:xla,train,resnet_v1_50_official_batch_128_f32_10b2d215d8471b15,resnet,177,40,39,0.975
tile:xla,train,resnet_v1_50_official_batch_128_f32_11a596f838a7907b,resnet,2842,72,75,1.0416666666666667
tile:xla,train,resnet_v1_50_official_batch_128_f32_172e2b6718e17f60,resnet,1349,73,80,1.095890410958904
tile:xla,train,resnet_v1_50_official_batch_128_f32_177fd8ff8049e2a9,resnet,2193,65,70,1.0769230769230769
tile:xla,train,resnet_v1_50_official_batch_128_f32_182dce9ad1e95464,resnet,3357,20,23,1.15
tile:xla,train,resnet_v1_50_official_batch_128_f32_19dd22e81750c251,resnet,2494,94,97,1.0319148936170213
tile:xla,train,resnet_v1_50_official_batch_128_f32_1b66c2ed565c6828,resnet,426,65,70,1.0769230769230769
tile:xla,train,resnet_v1_50_official_batch_128_f32_1f047d1cb7089078,resnet,3046,72,75,1.0416666666666667
tile:xla,train,resnet_v1_50_official_batch_128_f32_1f6e22ccad93989c,resnet,784,72,75,1.0416666666666667
tile:xla,train,resnet_v1_50_official_batch_128_f32_20c6a1e3e744a2b8,resnet,3017,20,23,1.15
tile:xla,train,resnet_v1_50_official_batch_128_f32_2204e3d3e98b1641,resnet,610,72,75,1.0416666666666667
tile:xla,train,resnet_v1_50_official_batch_128_f32_230ba8171bee02ce,resnet,1565,72,75,1.0416666666666667
tile:xla,train,resnet_v1_50_official_batch_128_f32_28de76f1a1e7e97a,resnet,164,9,8,0.8888888888888888
tile:xla,train,resnet_v1_50_official_batch_128_f32_2a98d4031b6b5a89,resnet,5538,42,45,1.0714285714285714
tile:xla,train,resnet_v1_50_official_batch_128_f32_2c49c3e0f016afc9,resnet,2714,72,75,1.0416666666666667
tile:xla,train,resnet_v1_50_official_batch_128_f32_2ec390a624ef178d,resnet,4584,20,23,1.15
tile:xla,train,resnet_v1_50_official_batch_128_f32_30ceb025536337f4,resnet,1727,20,23,1.15
tile:xla,train,resnet_v1_50_official_batch_128_f32_31196fc0b4d585e6,resnet,9770,42,45,1.0714285714285714
tile:xla,train,resnet_v1_50_official_batch_128_f32_318b9334aacee514,resnet,2523,20,23,1.15
tile:xla,train,resnet_v1_50_official_batch_128_f32_329b384aac5ac198,resnet,4519,94,97,1.0319148936170213
tile:xla,train,resnet_v1_50_official_batch_128_f32_360109cdcbf676cf,resnet,3055,42,45,1.0714285714285714
tile:xla,train,resnet_v1_50_official_batch_128_f32_3871117bad928169,resnet,4378,20,23,1.15
tile:xla,train,resnet_v1_50_official_batch_128_f32_38fa7e97a7431611,resnet,2951,65,70,1.0769230769230769
tile:xla,train,resnet_v1_50_official_batch_128_f32_390d98e4e70b5dc8,resnet,5608,42,45,1.0714285714285714
tile:xla,train,resnet_v1_50_official_batch_128_f32_3a7e0fb3fb04d51b,resnet,502,46,45,0.9782608695652174
tile:xla,train,resnet_v1_50_official_batch_128_f32_3ebff0545942c3c5,resnet,1599,41,40,0.975609756097561
tile:xla,train,resnet_v1_50_official_batch_128_f32_404af93c533e7133,resnet,623,43,42,0.9767441860465116
tile:xla,train,resnet_v1_50_official_batch_128_f32_446eede19b7ed505,resnet,7739,94,97,1.0319148936170213
tile:xla,train,resnet_v1_50_official_batch_128_f32_45adece358e030f0,resnet,2937,73,80,1.095890410958904
tile:xla,train,resnet_v1_50_official_batch_128_f32_485b6390f10c38e7,resnet,1073,76,83,1.0921052631578947
tile:xla,train,resnet_v1_50_official_batch_128_f32_4ac547c8d3eb3243,resnet,2453,76,83,1.0921052631578947
tile:xla,train,resnet_v1_50_official_batch_128_f32_4ebd8b85183f09e6,resnet,2593,72,75,1.0416666666666667
tile:xla,train,resnet_v1_50_official_batch_128_f32_541dfd24ad3f2772,resnet,8996,73,80,1.095890410958904
tile:xla,train,resnet_v1_50_official_batch_128_f32_560279ec31d3b474,resnet,4588,42,45,1.0714285714285714
tile:xla,train,resnet_v1_50_official_batch_128_f32_58bf91146796d091,resnet,1930,41,40,0.975609756097561
tile:xla,train,resnet_v1_50_official_batch_128_f32_59a9948f553632a3,resnet,2107,72,75,1.0416666666666667
tile:xla,train,resnet_v1_50_official_batch_128_f32_5cc2bdf5ce70616,resnet,3777,73,80,1.095890410958904
tile:xla,train,resnet_v1_50_official_batch_128_f32_602228eda3dce999,resnet,2089,65,70,1.0769230769230769
tile:xla,train,resnet_v1_50_official_batch_128_f32_646a4efc8506d7a9,resnet,1569,72,75,1.0416666666666667
tile:xla,train,resnet_v1_50_official_batch_128_f32_64a762cb41056a67,resnet,3348,42,45,1.0714285714285714
tile:xla,train,resnet_v1_50_official_batch_128_f32_650ef860226ced71,resnet,1010,20,23,1.15
tile:xla,train,resnet_v1_50_official_batch_128_f32_67bd3440e379904c,resnet,9990,73,80,1.095890410958904
tile:xla,train,resnet_v1_50_official_batch_128_f32_67e0f4e5560310f1,resnet,2700,69,75,1.0869565217391304
tile:xla,train,resnet_v1_50_official_batch_128_f32_6942a4cbf3667367,resnet,1148,65,70,1.0769230769230769
tile:xla,train,resnet_v1_50_official_batch_128_f32_6ba16307906abe8f,resnet,1708,22,21,0.9545454545454546
tile:xla,train,resnet_v1_50_official_batch_128_f32_6eff99f264bcdea6,resnet,1770,42,45,1.0714285714285714
tile:xla,train,resnet_v1_50_official_batch_128_f32_741c7536997c5a1b,resnet,8985,73,80,1.095890410958904
tile:xla,train,resnet_v1_50_official_batch_128_f32_75c5ce644fbc1569,resnet,2612,72,75,1.0416666666666667
tile:xla,train,resnet_v1_50_official_batch_128_f32_7b00aeb42a44372e,resnet,2569,94,97,1.0319148936170213
tile:xla,train,resnet_v1_50_official_batch_128_f32_7e6a1a514979a20d,resnet,8722,43,42,0.9767441860465116
tile:xla,train,resnet_v1_50_official_batch_128_f32_7f65c1923bbcbae9,resnet,347,76,83,1.0921052631578947
tile:xla,train,resnet_v1_50_official_batch_128_f32_8298b16fe388ad1,resnet,4890,94,97,1.0319148936170213
tile:xla,train,resnet_v1_50_official_batch_128_f32_8c7a362f05a56d0,resnet,2494,94,97,1.0319148936170213
tile:xla,train,resnet_v1_50_official_batch_128_f32_befaf307e1da8a1,resnet,1545,25,24,0.96
tile:xla,train,resnet_v1_50_official_batch_128_f32_e976297a5b72c36,resnet,1150,41,40,0.975609756097561
tile:xla,train,resnet_v1_50_official_batch_32_bf16_-14bab6dac6681b82,resnet,990,37,42,1.135135135135135
tile:xla,train,resnet_v1_50_official_batch_32_bf16_-159d63fa9a4ad3a3,resnet,1402,45,48,1.0666666666666667
tile:xla,train,resnet_v1_50_official_batch_32_bf16_-17f68206973d9889,resnet,1537,21,24,1.1428571428571428
tile:xla,train,resnet_v1_50_official_batch_32_bf16_-1b4b61432bb1ad31,resnet,486,76,79,1.0394736842105263
tile:xla,train,resnet_v1_50_official_batch_32_bf16_-24ccd89cf13d5f9b,resnet,1174,100,103,1.03
tile:xla,train,resnet_v1_50_official_batch_32_bf16_-25b64e997ec22d6b,resnet,373,9,8,0.8888888888888888
tile:xla,train,resnet_v1_50_official_batch_32_bf16_-27b165ffa41923ca,resnet,691,83,89,1.072289156626506
tile:xla,train,resnet_v1_50_official_batch_32_bf16_-30471b586e6e0d3f,resnet,1675,76,79,1.0394736842105263
tile:xla,train,resnet_v1_50_official_batch_32_bf16_-3a0d6c409ad42130,resnet,4073,100,103,1.03
tile:xla,train,resnet_v1_50_official_batch_32_bf16_-3b1f0e87a9d5b90b,resnet,794,27,26,0.9629629629629629
tile:xla,train,resnet_v1_50_official_batch_32_bf16_-3ba8f26fe2a22640,resnet,756,80,86,1.075
tile:xla,train,resnet_v1_50_official_batch_32_bf16_-3c0a9e4ce079ff36,resnet,919,76,79,1.0394736842105263
tile:xla,train,resnet_v1_50_official_batch_32_bf16_-3c0d7c02ca58c17,resnet,743,71,75,1.056338028169014
tile:xla,train,resnet_v1_50_official_batch_32_bf16_-3c52bf8bcf57640c,resnet,4680,80,86,1.075
tile:xla,train,resnet_v1_50_official_batch_32_bf16_-3d83fcc7ec439570,resnet,756,80,86,1.075
tile:xla,train,resnet_v1_50_official_batch_32_bf16_-4283117d0051961c,resnet,3206,46,45,0.9782608695652174
tile:xla,train,resnet_v1_50_official_batch_32_bf16_-4358eb7d1a95ed5,resnet,6801,46,45,0.9782608695652174
tile:xla,train,resnet_v1_50_official_batch_32_bf16_-4be799d14e87231f,resnet,743,71,75,1.056338028169014
tile:xla,train,resnet_v1_50_official_batch_32_bf16_-4ff56beee5cc9371,resnet,4165,100,103,1.03
tile:xla,train,resnet_v1_50_official_batch_32_bf16_-526932ed2aa20049,resnet,934,46,45,0.9782608695652174
tile:xla,train,resnet_v1_50_official_batch_32_bf16_-53137ac9953e44c4,resnet,914,100,103,1.03
tile:xla,train,resnet_v1_50_official_batch_32_bf16_-57967b686acc2eb7,resnet,2156,100,103,1.03
tile:xla,train,resnet_v1_50_official_batch_32_bf16_-5c31501b422a9969,resnet,3884,100,103,1.03
tile:xla,train,resnet_v1_50_official_batch_32_bf16_-5d27e8d03172b9c3,resnet,6072,31,34,1.096774193548387
tile:xla,train,resnet_v1_50_official_batch_32_bf16_-5ebdbc12edbc3fb4,resnet,92,9,8,0.8888888888888888
tile:xla,train,resnet_v1_50_official_batch_32_bf16_-5f8cf050c639218,resnet,1413,21,24,1.1428571428571428
tile:xla,train,resnet_v1_50_official_batch_32_bf16_-60ddad0cb829f01d,resnet,4062,80,86,1.075
tile:xla,train,resnet_v1_50_official_batch_32_bf16_-63e6c0d5f42f3b1a,resnet,974,21,24,1.1428571428571428
tile:xla,train,resnet_v1_50_official_batch_32_bf16_-6c5f94ffbb6bb63c,resnet,965,45,48,1.0666666666666667
tile:xla,train,resnet_v1_50_official_batch_32_bf16_-75ef99cecc863922,resnet,502,21,24,1.1428571428571428
tile:xla,train,resnet_v1_50_official_batch_32_bf16_-76f4e41800dc21b2,resnet,4551,46,45,0.9782608695652174
tile:xla,train,resnet_v1_50_official_batch_32_bf16_-7889f7427865f9bc,resnet,8979,80,86,1.075
tile:xla,train,resnet_v1_50_official_batch_32_bf16_-79b35d1652473691,resnet,1310,21,24,1.1428571428571428
tile:xla,train,resnet_v1_50_official_batch_32_bf16_-7d00eca2b86092ba,resnet,663,27,26,0.9629629629629629
tile:xla,train,resnet_v1_50_official_batch_32_bf16_-7f3b7e073716a141,resnet,723,83,89,1.072289156626506
tile:xla,train,resnet_v1_50_official_batch_32_bf16_-7f7a6a701b3c59c2,resnet,103,9,8,0.8888888888888888
tile:xla,train,resnet_v1_50_official_batch_32_bf16_-805b31bd69078f,resnet,480,45,44,0.9777777777777777
tile:xla,train,resnet_v1_50_official_batch_32_bf16_-92bd959fa4bb7cb,resnet,480,27,26,0.9629629629629629
tile:xla,train,resnet_v1_50_official_batch_32_bf16_-ccbe1cf11bb9c44,resnet,147,9,8,0.8888888888888888
tile:xla,train,resnet_v1_50_official_batch_32_bf16_-e73d777d6eb4945,resnet,5206,45,48,1.0666666666666667
tile:xla,train,resnet_v1_50_official_batch_32_bf16_10687ece6092e435,resnet,2136,21,24,1.1428571428571428
tile:xla,train,resnet_v1_50_official_batch_32_bf16_10ef37f8f8affc25,resnet,1638,76,79,1.0394736842105263
tile:xla,train,resnet_v1_50_official_batch_32_bf16_138a8c7c4593fa2e,resnet,1330,76,79,1.0394736842105263
tile:xla,train,resnet_v1_50_official_batch_32_bf16_1573f6db678f8256,resnet,4902,80,86,1.075
tile:xla,train,resnet_v1_50_official_batch_32_bf16_16ac1d04831966d4,resnet,1317,96,104,1.0833333333333333
tile:xla,train,resnet_v1_50_official_batch_32_bf16_171301acf3ec4c38,resnet,2390,45,48,1.0666666666666667
tile:xla,train,resnet_v1_50_official_batch_32_bf16_198cfb1edf064943,resnet,4596,45,48,1.0666666666666667
tile:xla,train,resnet_v1_50_official_batch_32_bf16_23b2c283dabcfec,resnet,1279,76,79,1.0394736842105263
tile:xla,train,resnet_v1_50_official_batch_32_bf16_26427a6402c791e0,resnet,1277,80,86,1.075
tile:xla,train,resnet_v1_50_official_batch_32_bf16_27738a1537577149,resnet,1257,100,103,1.03
tile:xla,train,resnet_v1_50_official_batch_32_bf16_289c661967efa543,resnet,908,80,86,1.075
tile:xla,train,resnet_v1_50_official_batch_32_bf16_28de76f1a1e7e97a,resnet,147,9,8,0.8888888888888888
tile:xla,train,resnet_v1_50_official_batch_32_bf16_2ce5f35f263e9029,resnet,663,45,44,0.9777777777777777
tile:xla,train,resnet_v1_50_official_batch_32_bf16_30aefccf0cbc94b,resnet,748,100,103,1.03
tile:xla,train,resnet_v1_50_official_batch_32_bf16_3210d2225c3d5d66,resnet,781,45,48,1.0666666666666667
tile:xla,train,resnet_v1_50_official_batch_32_bf16_32c04c0e38da15af,resnet,794,45,44,0.9777777777777777
tile:xla,train,resnet_v1_50_official_batch_32_bf16_3352fa5e654517b9,resnet,4579,100,103,1.03
tile:xla,train,resnet_v1_50_official_batch_32_bf16_3376f36c3b7f7c19,resnet,990,24,23,0.9583333333333334
tile:xla,train,resnet_v1_50_official_batch_32_bf16_36027e835b37da21,resnet,1820,21,24,1.1428571428571428
tile:xla,train,resnet_v1_50_official_batch_32_bf16_362138f6b3c2df3e,resnet,463,49,48,0.9795918367346939
tile:xla,train,resnet_v1_50_official_batch_32_bf16_36530da4b0b7eaf6,resnet,480,33,32,0.9696969696969697
tile:xla,train,resnet_v1_50_official_batch_32_bf16_3859f2a1521b863c,resnet,1383,80,86,1.075
tile:xla,train,resnet_v1_50_official_batch_32_bf16_38c2f0b5bcc73164,resnet,1379,106,115,1.0849056603773586
tile:xla,train,resnet_v1_50_official_batch_32_bf16_3cd883bdd949d098,resnet,4743,45,48,1.0666666666666667
tile:xla,train,resnet_v1_50_official_batch_32_bf16_3d981f1c491c3ad0,resnet,914,100,103,1.03
tile:xla,train,resnet_v1_50_official_batch_32_bf16_42ac9e85fce7398b,resnet,783,21,24,1.1428571428571428
tile:xla,train,resnet_v1_50_official_batch_32_bf16_42eef02999568943,resnet,2256,45,48,1.0666666666666667
tile:xla,train,resnet_v1_50_official_batch_32_bf16_42f118c7737e1757,resnet,1377,71,75,1.056338028169014
tile:xla,train,resnet_v1_50_official_batch_32_bf16_4313c83c46dee647,resnet,1194,83,89,1.072289156626506
tile:xla,train,resnet_v1_50_official_batch_32_bf16_45f34c59a6c7b892,resnet,1172,126,132,1.0476190476190477
tile:xla,train,resnet_v1_50_official_batch_32_bf16_4932e848ee0d4c21,resnet,4374,45,48,1.0666666666666667
tile:xla,train,resnet_v1_50_official_batch_32_bf16_4aa59e1a318cfd48,resnet,1383,80,86,1.075
tile:xla,train,resnet_v1_50_official_batch_32_bf16_4c44010a2044692f,resnet,81,72,75,1.0416666666666667
tile:xla,train,resnet_v1_50_official_batch_32_bf16_4edbb8d5ad894bec,resnet,2327,80,86,1.075
tile:xla,train,resnet_v1_50_official_batch_32_bf16_4ef46f7092e8017e,resnet,4272,100,103,1.03
tile:xla,train,resnet_v1_50_official_batch_32_bf16_53c64e03b05c674,resnet,1189,76,79,1.0394736842105263
tile:xla,train,resnet_v1_50_official_batch_32_bf16_571e02d6b35eecc8,resnet,919,76,79,1.0394736842105263
tile:xla,train,resnet_v1_50_official_batch_32_bf16_574c97b912a73749,resnet,1174,100,103,1.03
tile:xla,train,resnet_v1_50_official_batch_32_bf16_593438f547a14c43,resnet,1840,76,79,1.0394736842105263
tile:xla,train,resnet_v1_50_official_batch_32_bf16_5953544fd91110e1,resnet,748,100,103,1.03
tile:xla,train,resnet_v1_50_official_batch_32_bf16_5969deec47bc6380,resnet,1215,71,75,1.056338028169014
tile:xla,train,resnet_v1_50_official_batch_32_bf16_598424003129429d,resnet,5067,45,48,1.0666666666666667
tile:xla,train,resnet_v1_50_official_batch_32_bf16_5d9ab4cd06842fb1,resnet,1004,45,44,0.9777777777777777
tile:xla,train,resnet_v1_50_official_batch_32_bf16_5e9b699dcdf808b1,resnet,710,71,75,1.056338028169014
tile:xla,train,resnet_v1_50_official_batch_32_bf16_66a6072de308a421,resnet,25,2,1,0.5
tile:xla,train,resnet_v1_50_official_batch_32_bf16_69a939e591c2a2b8,resnet,1418,21,24,1.1428571428571428
tile:xla,train,resnet_v1_50_official_batch_32_bf16_69afd69e046a7c31,resnet,908,80,86,1.075
tile:xla,train,resnet_v1_50_official_batch_32_bf16_6a4aa51560bfeb8b,resnet,8997,80,86,1.075
tile:xla,train,resnet_v1_50_official_batch_32_bf16_6b2b12963a42bd55,resnet,914,76,79,1.0394736842105263
tile:xla,train,resnet_v1_50_official_batch_32_bf16_6bcf235e2f77558f,resnet,1302,83,89,1.072289156626506
tile:xla,train,resnet_v1_50_official_batch_32_bf16_6ce6081d2781dbb4,resnet,2331,100,103,1.03
tile:xla,train,resnet_v1_50_official_batch_32_bf16_6d76eb9872c6c846,resnet,1782,71,75,1.056338028169014
tile:xla,train,resnet_v1_50_official_batch_32_bf16_6f2c9a620413a583,resnet,763,76,79,1.0394736842105263
tile:xla,train,resnet_v1_50_official_batch_32_bf16_6f4d410d396a423,resnet,1305,45,48,1.0666666666666667
tile:xla,train,resnet_v1_50_official_batch_32_bf16_73e5061577bed9b0,resnet,1004,27,26,0.9629629629629629
tile:xla,train,resnet_v1_50_official_batch_32_bf16_781d63b4a00e291a,resnet,6337,107,113,1.0560747663551402
tile:xla,train,resnet_v1_50_official_batch_32_bf16_7aed0aa18eade607,resnet,480,41,46,1.1219512195121952
tile:xla,train,resnet_v1_50_official_batch_32_bf16_7c909c6f74a6bee1,resnet,5123,80,86,1.075
tile:xla,train,resnet_v1_50_official_batch_32_bf16_7d4662234bda4b60,resnet,1481,76,79,1.0394736842105263
tile:xla,train,resnet_v1_50_official_batch_32_bf16_7df8294e40dee956,resnet,100,25,25,1.0
tile:xla,train,resnet_v1_50_official_batch_32_bf16_7e44effdd11246c4,resnet,1257,100,103,1.03
tile:xla,train,resnet_v1_50_official_batch_32_bf16_833c31ae6c3b3d1,resnet,1277,80,86,1.075
tile:xla,train,resnet_v1_50_official_batch_32_bf16_9aefd5974823332,resnet,963,21,24,1.1428571428571428
tile:xla,train,resnet_v1_50_official_batch_32_bf16_c3b912303b20733,resnet,1943,21,24,1.1428571428571428
tile:xla,train,resnet_v1_50_official_batch_32_bf16_e1ebde8acc15ea3,resnet,965,21,24,1.1428571428571428
tile:xla,train,resnet_v1_50_official_batch_32_bf16_e596933292c0f41,resnet,100,44,43,0.9772727272727273
tile:xla,train,resnet_v2_101_batch_128_-103d407cafa7ccd5,resnet,1205,34,40,1.1764705882352942
tile:xla,train,resnet_v2_101_batch_128_-163a50611a34e22e,resnet,8089,89,91,1.0224719101123596
tile:xla,train,resnet_v2_101_batch_128_-16ca73b2cc90c569,resnet,2569,89,91,1.0224719101123596
tile:xla,train,resnet_v2_101_batch_128_-172b2932571e5142,resnet,177,32,31,0.96875
tile:xla,train,resnet_v2_101_batch_128_-1a73ebe2ba44db68,resnet,2648,110,115,1.0454545454545454
tile:xla,train,resnet_v2_101_batch_128_-2235c64241278b87,resnet,3431,58,60,1.0344827586206897
tile:xla,train,resnet_v2_101_batch_128_-242aa1861cfcc08a,resnet,1688,56,56,1.0
tile:xla,train,resnet_v2_101_batch_128_-25b64e997ec22d6b,resnet,415,9,8,0.8888888888888888
tile:xla,train,resnet_v2_101_batch_128_-27b5128a8dcb4985,resnet,3350,34,33,0.9705882352941176
tile:xla,train,resnet_v2_101_batch_128_-27e3713112efd938,resnet,946,11,13,1.1818181818181819
tile:xla,train,resnet_v2_101_batch_128_-2afa4937502760a0,resnet,1120,32,31,0.96875
tile:xla,train,resnet_v2_101_batch_128_-2e4f822a2764db37,resnet,4209,45,48,1.0666666666666667
tile:xla,train,resnet_v2_101_batch_128_-2feced843bf5c7c,resnet,1638,58,60,1.0344827586206897
tile:xla,train,resnet_v2_101_batch_128_-30224b69938b5abe,resnet,518,76,83,1.0921052631578947
tile:xla,train,resnet_v2_101_batch_128_-3095f047bc9ef04e,resnet,1740,42,49,1.1666666666666667
tile:xla,train,resnet_v2_101_batch_128_-326cabbf736125ec,resnet,1490,32,31,0.96875
tile:xla,train,resnet_v2_101_batch_128_-34d00fae88f40bf1,resnet,635,73,80,1.095890410958904
tile:xla,train,resnet_v2_101_batch_128_-3608c09854e50598,resnet,9604,89,91,1.0224719101123596
tile:xla,train,resnet_v2_101_batch_128_-37822adaff007715,resnet,1206,26,26,1.0
tile:xla,train,resnet_v2_101_batch_128_-3c1d953d12bfff74,resnet,721,42,45,1.0714285714285714
tile:xla,train,resnet_v2_101_batch_128_-3fdf7987fc49d3f6,resnet,4844,73,80,1.095890410958904
tile:xla,train,resnet_v2_101_batch_128_-4032190ae8032c45,resnet,177,24,24,1.0
tile:xla,train,resnet_v2_101_batch_128_-40aca84d80e8bcd1,resnet,2800,45,48,1.0666666666666667
tile:xla,train,resnet_v2_101_batch_128_-41341966e5801453,resnet,1018,42,49,1.1666666666666667
tile:xla,train,resnet_v2_101_batch_128_-4426302f4656f939,resnet,1102,58,60,1.0344827586206897
tile:xla,train,resnet_v2_101_batch_128_-446d086d52ba8a1a,resnet,1134,12,11,0.9166666666666666
tile:xla,train,resnet_v2_101_batch_128_-47372fbca315219a,resnet,166,55,57,1.0363636363636364
tile:xla,train,resnet_v2_101_batch_128_-47b0fa63c1f4fa0f,resnet,9991,73,80,1.095890410958904
tile:xla,train,resnet_v2_101_batch_128_-481a1fa18923c461,resnet,7248,12,11,0.9166666666666666
tile:xla,train,resnet_v2_101_batch_128_-4a29408eab1c9a97,resnet,9953,42,45,1.0714285714285714
tile:xla,train,resnet_v2_101_batch_128_-4b4bbaf15b7fcc81,resnet,1727,42,45,1.0714285714285714
tile:xla,train,resnet_v2_101_batch_128_-4c496803b9720ba9,resnet,2546,45,48,1.0666666666666667
tile:xla,train,resnet_v2_101_batch_128_-4c810b85035153a2,resnet,1547,89,91,1.0224719101123596
tile:xla,train,resnet_v2_101_batch_128_-4e48a1aa8d2bf9fc,resnet,1518,73,80,1.095890410958904
tile:xla,train,resnet_v2_101_batch_128_-4e4d4b088aaf46f5,resnet,9991,42,45,1.0714285714285714
tile:xla,train,resnet_v2_101_batch_128_-52860aa70b8a2b5a,resnet,3642,89,91,1.0224719101123596
tile:xla,train,resnet_v2_101_batch_128_-54b125344291903e,resnet,103,2,1,0.5
tile:xla,train,resnet_v2_101_batch_128_-55c9b2bae7ad948c,resnet,1490,32,31,0.96875
tile:xla,train,resnet_v2_101_batch_128_-56670efcbaa402de,resnet,414,2,1,0.5
tile:xla,train,resnet_v2_101_batch_128_-5826532276b4848a,resnet,590,89,91,1.0224719101123596
tile:xla,train,resnet_v2_101_batch_128_-5ebdbc12edbc3fb4,resnet,103,9,8,0.8888888888888888
tile:xla,train,resnet_v2_101_batch_128_-65f7a68878c3e60e,resnet,888,29,28,0.9655172413793104
tile:xla,train,resnet_v2_101_batch_128_-673cf0efd9d93d8c,resnet,1419,56,56,1.0
tile:xla,train,resnet_v2_101_batch_128_-67bf936091164e8f,resnet,2660,73,80,1.095890410958904
tile:xla,train,resnet_v2_101_batch_128_-69eb61751586a396,resnet,2707,89,91,1.0224719101123596
tile:xla,train,resnet_v2_101_batch_128_-6a06322f2ecc9438,resnet,1589,56,56,1.0
tile:xla,train,resnet_v2_101_batch_128_-6ea69b3f77b18cc8,resnet,3501,58,60,1.0344827586206897
tile:xla,train,resnet_v2_101_batch_128_-70a4a2e2136b1da4,resnet,7741,89,91,1.0224719101123596
tile:xla,train,resnet_v2_101_batch_128_-73062302367bcf77,resnet,1471,89,91,1.0224719101123596
tile:xla,train,resnet_v2_101_batch_128_-76aa3b8e3f9307a,resnet,1770,34,33,0.9705882352941176
tile:xla,train,resnet_v2_101_batch_128_-7cba275668c802d2,resnet,9992,12,11,0.9166666666666666
tile:xla,train,resnet_v2_101_batch_128_-7d7ef3bc7ca3d784,resnet,115,2,1,0.5
tile:xla,train,resnet_v2_101_batch_128_-7ef70e1f323bdf05,resnet,6406,12,11,0.9166666666666666
tile:xla,train,resnet_v2_101_batch_128_-7f7a6a701b3c59c2,resnet,115,9,8,0.8888888888888888
tile:xla,train,resnet_v2_101_batch_128_-816c9a94ffeba54,resnet,9993,42,45,1.0714285714285714
tile:xla,train,resnet_v2_101_batch_128_-8989b2d6a4c95b8,resnet,2580,89,91,1.0224719101123596
tile:xla,train,resnet_v2_101_batch_128_-ab5f66eb138e43b,resnet,9683,73,80,1.095890410958904
tile:xla,train,resnet_v2_101_batch_128_-de4c3cb7f491f1d,resnet,1116,74,77,1.0405405405405406
tile:xla,train,resnet_v2_101_batch_128_-ee07a2daad6b2f8,resnet,2814,58,60,1.0344827586206897
tile:xla,train,resnet_v2_101_batch_128_16e123324c866f17,resnet,3016,42,45,1.0714285714285714
tile:xla,train,resnet_v2_101_batch_128_172e2b6718e17f60,resnet,1499,73,80,1.095890410958904
tile:xla,train,resnet_v2_101_batch_128_18bdcce3f19d2ed9,resnet,3091,45,48,1.0666666666666667
tile:xla,train,resnet_v2_101_batch_128_1a0814d729cdc4ac,resnet,1588,45,48,1.0666666666666667
tile:xla,train,resnet_v2_101_batch_128_1f8c11e6267703bb,resnet,3514,76,83,1.0921052631578947
tile:xla,train,resnet_v2_101_batch_128_20f50518a82ac0e6,resnet,2968,58,60,1.0344827586206897
tile:xla,train,resnet_v2_101_batch_128_2199f6f2bf531236,resnet,2694,73,80,1.095890410958904
tile:xla,train,resnet_v2_101_batch_128_251b9623f37703ed,resnet,862,42,49,1.1666666666666667
tile:xla,train,resnet_v2_101_batch_128_28de76f1a1e7e97a,resnet,164,9,8,0.8888888888888888
tile:xla,train,resnet_v2_101_batch_128_29303752fbd682a4,resnet,871,89,91,1.0224719101123596
tile:xla,train,resnet_v2_101_batch_128_2a98d4031b6b5a89,resnet,5538,42,45,1.0714285714285714
tile:xla,train,resnet_v2_101_batch_128_2b680e15306d9ad5,resnet,2625,76,83,1.0921052631578947
tile:xla,train,resnet_v2_101_batch_128_2e17f9adf41f5fec,resnet,1646,42,49,1.1666666666666667
tile:xla,train,resnet_v2_101_batch_128_2fd3a0a2df276c08,resnet,2824,58,60,1.0344827586206897
tile:xla,train,resnet_v2_101_batch_128_2ffecfec0e202356,resnet,737,73,80,1.095890410958904
tile:xla,train,resnet_v2_101_batch_128_31196fc0b4d585e6,resnet,9770,42,45,1.0714285714285714
tile:xla,train,resnet_v2_101_batch_128_390d98e4e70b5dc8,resnet,6231,42,45,1.0714285714285714
tile:xla,train,resnet_v2_101_batch_128_397c114e37586972,resnet,1530,76,83,1.0921052631578947
tile:xla,train,resnet_v2_101_batch_128_3a4d7c7c73b0e249,resnet,1743,89,91,1.0224719101123596
tile:xla,train,resnet_v2_101_batch_128_3aa0b1e62a1936e7,resnet,3301,42,45,1.0714285714285714
tile:xla,train,resnet_v2_101_batch_128_41d26415d328fcfc,resnet,775,45,48,1.0666666666666667
tile:xla,train,resnet_v2_101_batch_128_420fdc7c4d292e5c,resnet,3040,42,49,1.1666666666666667
tile:xla,train,resnet_v2_101_batch_128_42b23dae7e38904f,resnet,3140,94,104,1.1063829787234043
tile:xla,train,resnet_v2_101_batch_128_4538d248a3c30d2a,resnet,1686,32,31,0.96875
tile:xla,train,resnet_v2_101_batch_128_453e6d5741e03910,resnet,4890,89,91,1.0224719101123596
tile:xla,train,resnet_v2_101_batch_128_4a64eed10584d62,resnet,2902,42,49,1.1666666666666667
tile:xla,train,resnet_v2_101_batch_128_4cfc5293c3f907c2,resnet,6755,36,38,1.0555555555555556
tile:xla,train,resnet_v2_101_batch_128_4faf2a1f00116d,resnet,4028,89,91,1.0224719101123596
tile:xla,train,resnet_v2_101_batch_128_541dfd24ad3f2772,resnet,9995,73,80,1.095890410958904
tile:xla,train,resnet_v2_101_batch_128_560279ec31d3b474,resnet,4588,42,45,1.0714285714285714
tile:xla,train,resnet_v2_101_batch_128_56976667e9a5d31e,resnet,2971,73,80,1.095890410958904
tile:xla,train,resnet_v2_101_batch_128_59122bf9fd955871,resnet,3208,42,49,1.1666666666666667
tile:xla,train,resnet_v2_101_batch_128_5b53c7c67bbd54e0,resnet,164,9,8,0.8888888888888888
tile:xla,train,resnet_v2_101_batch_128_5c7c26500bbcf463,resnet,907,42,45,1.0714285714285714
tile:xla,train,resnet_v2_101_batch_128_5cc2bdf5ce70616,resnet,4196,73,80,1.095890410958904
tile:xla,train,resnet_v2_101_batch_128_5d1095d022a03f85,resnet,3353,42,45,1.0714285714285714
tile:xla,train,resnet_v2_101_batch_128_5daf201a44f3722e,resnet,775,45,48,1.0666666666666667
tile:xla,train,resnet_v2_101_batch_128_606c2f5d25d1b748,resnet,2639,58,60,1.0344827586206897
tile:xla,train,resnet_v2_101_batch_128_65d604c62c7cf81,resnet,5021,89,91,1.0224719101123596
tile:xla,train,resnet_v2_101_batch_128_65d8b03f062fcbfd,resnet,3471,45,48,1.0666666666666667
tile:xla,train,resnet_v2_101_batch_128_66a71351b1d66846,resnet,3326,42,49,1.1666666666666667
tile:xla,train,resnet_v2_101_batch_128_67bd3440e379904c,resnet,9990,73,80,1.095890410958904
tile:xla,train,resnet_v2_101_batch_128_6853c8ce660c24a6,resnet,2011,42,45,1.0714285714285714
tile:xla,train,resnet_v2_101_batch_128_6cf507ea2bfe9fdd,resnet,1686,32,31,0.96875
tile:xla,train,resnet_v2_101_batch_128_7196a7f22a9b45d5,resnet,920,58,60,1.0344827586206897
tile:xla,train,resnet_v2_101_batch_128_741c7536997c5a1b,resnet,9981,73,80,1.095890410958904
tile:xla,train,resnet_v2_101_batch_128_7495f995f6db4014,resnet,2699,58,60,1.0344827586206897
tile:xla,train,resnet_v2_101_batch_128_76a8e1392be8b3fb,resnet,678,89,91,1.0224719101123596
tile:xla,train,resnet_v2_101_batch_128_77fdc194d1c36c3b,resnet,2884,89,91,1.0224719101123596
tile:xla,train,resnet_v2_101_batch_128_799adf8b6f68cf0d,resnet,8831,89,91,1.0224719101123596
tile:xla,train,resnet_v2_101_batch_128_7cdd813fd55ef1d,resnet,9990,12,11,0.9166666666666666
tile:xla,train,resnet_v2_101_batch_128_7fd434f1e4cf331e,resnet,4373,42,45,1.0714285714285714
tile:xla,train,resnet_v2_101_batch_128_af4594203c48c55,resnet,3055,34,33,0.9705882352941176
tile:xla,train,resnet_v2_101_batch_128_b0bdf8beda18db,resnet,1083,34,33,0.9705882352941176
tile:xla,train,resnet_v2_101_batch_128_cf4e1ac5e1a7c0e,resnet,1738,58,60,1.0344827586206897
tile:xla,train,resnet_v2_101_batch_128_e41c3404fe55560,resnet,1814,32,31,0.96875
tile:xla,train,resnet_v2_152_batch_128_-103d407cafa7ccd5,resnet,1205,34,40,1.1764705882352942
tile:xla,train,resnet_v2_152_batch_128_-163a50611a34e22e,resnet,8089,89,91,1.0224719101123596
tile:xla,train,resnet_v2_152_batch_128_-16ca73b2cc90c569,resnet,2569,89,91,1.0224719101123596
tile:xla,train,resnet_v2_152_batch_128_-172b2932571e5142,resnet,177,32,31,0.96875
tile:xla,train,resnet_v2_152_batch_128_-1a73ebe2ba44db68,resnet,2648,110,115,1.0454545454545454
tile:xla,train,resnet_v2_152_batch_128_-2235c64241278b87,resnet,3431,58,60,1.0344827586206897
tile:xla,train,resnet_v2_152_batch_128_-242aa1861cfcc08a,resnet,938,56,56,1.0
tile:xla,train,resnet_v2_152_batch_128_-25b64e997ec22d6b,resnet,415,9,8,0.8888888888888888
tile:xla,train,resnet_v2_152_batch_128_-27b5128a8dcb4985,resnet,3350,34,33,0.9705882352941176
tile:xla,train,resnet_v2_152_batch_128_-27e3713112efd938,resnet,946,11,13,1.1818181818181819
tile:xla,train,resnet_v2_152_batch_128_-2afa4937502760a0,resnet,1120,32,31,0.96875
tile:xla,train,resnet_v2_152_batch_128_-2e4f822a2764db37,resnet,4209,45,48,1.0666666666666667
tile:xla,train,resnet_v2_152_batch_128_-2feced843bf5c7c,resnet,1638,58,60,1.0344827586206897
tile:xla,train,resnet_v2_152_batch_128_-30224b69938b5abe,resnet,466,76,83,1.0921052631578947
tile:xla,train,resnet_v2_152_batch_128_-3095f047bc9ef04e,resnet,1740,42,49,1.1666666666666667
tile:xla,train,resnet_v2_152_batch_128_-326cabbf736125ec,resnet,1490,32,31,0.96875
tile:xla,train,resnet_v2_152_batch_128_-34d00fae88f40bf1,resnet,508,73,80,1.095890410958904
tile:xla,train,resnet_v2_152_batch_128_-3608c09854e50598,resnet,9604,89,91,1.0224719101123596
tile:xla,train,resnet_v2_152_batch_128_-37822adaff007715,resnet,1206,26,26,1.0
tile:xla,train,resnet_v2_152_batch_128_-3c1d953d12bfff74,resnet,721,42,45,1.0714285714285714
tile:xla,train,resnet_v2_152_batch_128_-3fdf7987fc49d3f6,resnet,4844,73,80,1.095890410958904
tile:xla,train,resnet_v2_152_batch_128_-4032190ae8032c45,resnet,177,24,24,1.0
tile:xla,train,resnet_v2_152_batch_128_-40aca84d80e8bcd1,resnet,2800,45,48,1.0666666666666667
tile:xla,train,resnet_v2_152_batch_128_-41341966e5801453,resnet,1018,42,49,1.1666666666666667
tile:xla,train,resnet_v2_152_batch_128_-4426302f4656f939,resnet,1102,58,60,1.0344827586206897
tile:xla,train,resnet_v2_152_batch_128_-446d086d52ba8a1a,resnet,1134,12,11,0.9166666666666666
tile:xla,train,resnet_v2_152_batch_128_-47372fbca315219a,resnet,166,55,57,1.0363636363636364
tile:xla,train,resnet_v2_152_batch_128_-47b0fa63c1f4fa0f,resnet,9991,73,80,1.095890410958904
tile:xla,train,resnet_v2_152_batch_128_-481a1fa18923c461,resnet,6522,12,11,0.9166666666666666
tile:xla,train,resnet_v2_152_batch_128_-4a29408eab1c9a97,resnet,9950,42,45,1.0714285714285714
tile:xla,train,resnet_v2_152_batch_128_-4b4bbaf15b7fcc81,resnet,1727,42,45,1.0714285714285714
tile:xla,train,resnet_v2_152_batch_128_-4c496803b9720ba9,resnet,2291,45,48,1.0666666666666667
tile:xla,train,resnet_v2_152_batch_128_-4c810b85035153a2,resnet,1547,89,91,1.0224719101123596
tile:xla,train,resnet_v2_152_batch_128_-4e48a1aa8d2bf9fc,resnet,1366,73,80,1.095890410958904
tile:xla,train,resnet_v2_152_batch_128_-4e4d4b088aaf46f5,resnet,9991,42,45,1.0714285714285714
tile:xla,train,resnet_v2_152_batch_128_-52860aa70b8a2b5a,resnet,3642,89,91,1.0224719101123596
tile:xla,train,resnet_v2_152_batch_128_-54b125344291903e,resnet,103,2,1,0.5
tile:xla,train,resnet_v2_152_batch_128_-55c9b2bae7ad948c,resnet,1490,32,31,0.96875
tile:xla,train,resnet_v2_152_batch_128_-56670efcbaa402de,resnet,414,2,1,0.5
tile:xla,train,resnet_v2_152_batch_128_-5826532276b4848a,resnet,590,89,91,1.0224719101123596
tile:xla,train,resnet_v2_152_batch_128_-5ebdbc12edbc3fb4,resnet,103,9,8,0.8888888888888888
tile:xla,train,resnet_v2_152_batch_128_-65f7a68878c3e60e,resnet,888,29,28,0.9655172413793104
tile:xla,train,resnet_v2_152_batch_128_-673cf0efd9d93d8c,resnet,1277,56,56,1.0
tile:xla,train,resnet_v2_152_batch_128_-67bf936091164e8f,resnet,2660,73,80,1.095890410958904
tile:xla,train,resnet_v2_152_batch_128_-69eb61751586a396,resnet,2707,89,91,1.0224719101123596
tile:xla,train,resnet_v2_152_batch_128_-6a06322f2ecc9438,resnet,1271,56,56,1.0
tile:xla,train,resnet_v2_152_batch_128_-6ea69b3f77b18cc8,resnet,3501,58,60,1.0344827586206897
tile:xla,train,resnet_v2_152_batch_128_-70a4a2e2136b1da4,resnet,7741,89,91,1.0224719101123596
tile:xla,train,resnet_v2_152_batch_128_-73062302367bcf77,resnet,1471,89,91,1.0224719101123596
tile:xla,train,resnet_v2_152_batch_128_-76aa3b8e3f9307a,resnet,1770,34,33,0.9705882352941176
tile:xla,train,resnet_v2_152_batch_128_-7cba275668c802d2,resnet,9993,12,11,0.9166666666666666
tile:xla,train,resnet_v2_152_batch_128_-7d7ef3bc7ca3d784,resnet,115,2,1,0.5
tile:xla,train,resnet_v2_152_batch_128_-7ef70e1f323bdf05,resnet,5125,12,11,0.9166666666666666
tile:xla,train,resnet_v2_152_batch_128_-7f7a6a701b3c59c2,resnet,115,9,8,0.8888888888888888
tile:xla,train,resnet_v2_152_batch_128_-816c9a94ffeba54,resnet,9993,42,45,1.0714285714285714
tile:xla,train,resnet_v2_152_batch_128_-8989b2d6a4c95b8,resnet,2580,89,91,1.0224719101123596
tile:xla,train,resnet_v2_152_batch_128_-ab5f66eb138e43b,resnet,7749,73,80,1.095890410958904
tile:xla,train,resnet_v2_152_batch_128_-de4c3cb7f491f1d,resnet,1116,74,77,1.0405405405405406
tile:xla,train,resnet_v2_152_batch_128_-ee07a2daad6b2f8,resnet,2814,58,60,1.0344827586206897
tile:xla,train,resnet_v2_152_batch_128_16e123324c866f17,resnet,3016,42,45,1.0714285714285714
tile:xla,train,resnet_v2_152_batch_128_172e2b6718e17f60,resnet,1349,73,80,1.095890410958904
tile:xla,train,resnet_v2_152_batch_128_18bdcce3f19d2ed9,resnet,3091,45,48,1.0666666666666667
tile:xla,train,resnet_v2_152_batch_128_1a0814d729cdc4ac,resnet,1588,45,48,1.0666666666666667
tile:xla,train,resnet_v2_152_batch_128_1f8c11e6267703bb,resnet,3514,76,83,1.0921052631578947
tile:xla,train,resnet_v2_152_batch_128_20f50518a82ac0e6,resnet,2968,58,60,1.0344827586206897
tile:xla,train,resnet_v2_152_batch_128_2199f6f2bf531236,resnet,2694,73,80,1.095890410958904
tile:xla,train,resnet_v2_152_batch_128_251b9623f37703ed,resnet,775,42,49,1.1666666666666667
tile:xla,train,resnet_v2_152_batch_128_28de76f1a1e7e97a,resnet,164,9,8,0.8888888888888888
tile:xla,train,resnet_v2_152_batch_128_29303752fbd682a4,resnet,784,89,91,1.0224719101123596
tile:xla,train,resnet_v2_152_batch_128_2a98d4031b6b5a89,resnet,5538,42,45,1.0714285714285714
tile:xla,train,resnet_v2_152_batch_128_2b680e15306d9ad5,resnet,2100,76,83,1.0921052631578947
tile:xla,train,resnet_v2_152_batch_128_2e17f9adf41f5fec,resnet,1646,42,49,1.1666666666666667
tile:xla,train,resnet_v2_152_batch_128_2fd3a0a2df276c08,resnet,2824,58,60,1.0344827586206897
tile:xla,train,resnet_v2_152_batch_128_2ffecfec0e202356,resnet,590,73,80,1.095890410958904
tile:xla,train,resnet_v2_152_batch_128_31196fc0b4d585e6,resnet,9770,42,45,1.0714285714285714
tile:xla,train,resnet_v2_152_batch_128_390d98e4e70b5dc8,resnet,6231,42,45,1.0714285714285714
tile:xla,train,resnet_v2_152_batch_128_397c114e37586972,resnet,1224,76,83,1.0921052631578947
tile:xla,train,resnet_v2_152_batch_128_3a4d7c7c73b0e249,resnet,1394,89,91,1.0224719101123596
tile:xla,train,resnet_v2_152_batch_128_3aa0b1e62a1936e7,resnet,3301,42,45,1.0714285714285714
tile:xla,train,resnet_v2_152_batch_128_41d26415d328fcfc,resnet,620,45,48,1.0666666666666667
tile:xla,train,resnet_v2_152_batch_128_420fdc7c4d292e5c,resnet,3040,42,49,1.1666666666666667
tile:xla,train,resnet_v2_152_batch_128_42b23dae7e38904f,resnet,3140,94,104,1.1063829787234043
tile:xla,train,resnet_v2_152_batch_128_4538d248a3c30d2a,resnet,1349,32,31,0.96875
tile:xla,train,resnet_v2_152_batch_128_453e6d5741e03910,resnet,4890,89,91,1.0224719101123596
tile:xla,train,resnet_v2_152_batch_128_4a64eed10584d62,resnet,2902,42,49,1.1666666666666667
tile:xla,train,resnet_v2_152_batch_128_4cfc5293c3f907c2,resnet,6079,36,38,1.0555555555555556
tile:xla,train,resnet_v2_152_batch_128_4faf2a1f00116d,resnet,4028,89,91,1.0224719101123596
tile:xla,train,resnet_v2_152_batch_128_541dfd24ad3f2772,resnet,8995,73,80,1.095890410958904
tile:xla,train,resnet_v2_152_batch_128_560279ec31d3b474,resnet,4588,42,45,1.0714285714285714
tile:xla,train,resnet_v2_152_batch_128_56976667e9a5d31e,resnet,2971,73,80,1.095890410958904
tile:xla,train,resnet_v2_152_batch_128_59122bf9fd955871,resnet,3208,42,49,1.1666666666666667
tile:xla,train,resnet_v2_152_batch_128_5b53c7c67bbd54e0,resnet,164,9,8,0.8888888888888888
tile:xla,train,resnet_v2_152_batch_128_5c7c26500bbcf463,resnet,816,42,45,1.0714285714285714
tile:xla,train,resnet_v2_152_batch_128_5cc2bdf5ce70616,resnet,3776,73,80,1.095890410958904
tile:xla,train,resnet_v2_152_batch_128_5d1095d022a03f85,resnet,3353,42,45,1.0714285714285714
tile:xla,train,resnet_v2_152_batch_128_5daf201a44f3722e,resnet,620,45,48,1.0666666666666667
tile:xla,train,resnet_v2_152_batch_128_606c2f5d25d1b748,resnet,2639,58,60,1.0344827586206897
tile:xla,train,resnet_v2_152_batch_128_65d604c62c7cf81,resnet,5021,89,91,1.0224719101123596
tile:xla,train,resnet_v2_152_batch_128_65d8b03f062fcbfd,resnet,3471,45,48,1.0666666666666667
tile:xla,train,resnet_v2_152_batch_128_66a71351b1d66846,resnet,3326,42,49,1.1666666666666667
tile:xla,train,resnet_v2_152_batch_128_67bd3440e379904c,resnet,9990,73,80,1.095890410958904
tile:xla,train,resnet_v2_152_batch_128_6853c8ce660c24a6,resnet,1810,42,45,1.0714285714285714
tile:xla,train,resnet_v2_152_batch_128_6cf507ea2bfe9fdd,resnet,1349,32,31,0.96875
tile:xla,train,resnet_v2_152_batch_128_7196a7f22a9b45d5,resnet,828,58,60,1.0344827586206897
tile:xla,train,resnet_v2_152_batch_128_741c7536997c5a1b,resnet,9978,73,80,1.095890410958904
tile:xla,train,resnet_v2_152_batch_128_7495f995f6db4014,resnet,2699,58,60,1.0344827586206897
tile:xla,train,resnet_v2_152_batch_128_76a8e1392be8b3fb,resnet,542,89,91,1.0224719101123596
tile:xla,train,resnet_v2_152_batch_128_77fdc194d1c36c3b,resnet,2884,89,91,1.0224719101123596
tile:xla,train,resnet_v2_152_batch_128_799adf8b6f68cf0d,resnet,8831,89,91,1.0224719101123596
tile:xla,train,resnet_v2_152_batch_128_7cdd813fd55ef1d,resnet,9990,12,11,0.9166666666666666
tile:xla,train,resnet_v2_152_batch_128_7fd434f1e4cf331e,resnet,4373,42,45,1.0714285714285714
tile:xla,train,resnet_v2_152_batch_128_af4594203c48c55,resnet,3055,34,33,0.9705882352941176
tile:xla,train,resnet_v2_152_batch_128_b0bdf8beda18db,resnet,975,34,33,0.9705882352941176
tile:xla,train,resnet_v2_152_batch_128_cf4e1ac5e1a7c0e,resnet,1738,58,60,1.0344827586206897
tile:xla,train,resnet_v2_152_batch_128_e41c3404fe55560,resnet,1008,32,31,0.96875
tile:xla,train,resnet_v2_152_batch_64_-124ddd57beb99af3,resnet,1228,73,80,1.095890410958904
tile:xla,train,resnet_v2_152_batch_64_-15787d20739b5b0e,resnet,844,32,31,0.96875
tile:xla,train,resnet_v2_152_batch_64_-1955c07b7e926a10,resnet,180,15,14,0.9333333333333333
tile:xla,train,resnet_v2_152_batch_64_-1969500491ddac35,resnet,3834,73,80,1.095890410958904
tile:xla,train,resnet_v2_152_batch_64_-1bbe468ea6e25dd6,resnet,2266,58,60,1.0344827586206897
tile:xla,train,resnet_v2_152_batch_64_-1d4549be63d4453d,resnet,1696,12,11,0.9166666666666666
tile:xla,train,resnet_v2_152_batch_64_-214550af65576377,resnet,2838,76,83,1.0921052631578947
tile:xla,train,resnet_v2_152_batch_64_-216d79b9aed72660,resnet,2295,42,45,1.0714285714285714
tile:xla,train,resnet_v2_152_batch_64_-2296ee6ba01f709e,resnet,7902,73,80,1.095890410958904
tile:xla,train,resnet_v2_152_batch_64_-246ef0e9ef6a3b3c,resnet,5843,12,11,0.9166666666666666
tile:xla,train,resnet_v2_152_batch_64_-25ab23b0a1182e0d,resnet,5749,89,91,1.0224719101123596
tile:xla,train,resnet_v2_152_batch_64_-25b64e997ec22d6b,resnet,415,9,8,0.8888888888888888
tile:xla,train,resnet_v2_152_batch_64_-280e57916105f9f0,resnet,2235,42,49,1.1666666666666667
tile:xla,train,resnet_v2_152_batch_64_-29591a0c71ac436,resnet,9992,12,11,0.9166666666666666
tile:xla,train,resnet_v2_152_batch_64_-297bc98cc36d1f7c,resnet,1357,34,33,0.9705882352941176
tile:xla,train,resnet_v2_152_batch_64_-29d5d80c51a12fa1,resnet,7570,89,91,1.0224719101123596
tile:xla,train,resnet_v2_152_batch_64_-2b8ab4f1b0463d91,resnet,4208,42,45,1.0714285714285714
tile:xla,train,resnet_v2_152_batch_64_-2d341e618b8103c2,resnet,1088,73,80,1.095890410958904
tile:xla,train,resnet_v2_152_batch_64_-2e44e87cc8c2bdbc,resnet,1866,45,48,1.0666666666666667
tile:xla,train,resnet_v2_152_batch_64_-301c154c9b9ae973,resnet,1425,42,45,1.0714285714285714
tile:xla,train,resnet_v2_152_batch_64_-35196a543f11febc,resnet,1121,56,56,1.0
tile:xla,train,resnet_v2_152_batch_64_-3946a2a274a939c5,resnet,614,76,83,1.0921052631578947
tile:xla,train,resnet_v2_152_batch_64_-3b6721c52354330b,resnet,2303,42,49,1.1666666666666667
tile:xla,train,resnet_v2_152_batch_64_-3bcfe4cb3fa59be4,resnet,2188,58,60,1.0344827586206897
tile:xla,train,resnet_v2_152_batch_64_-3dc8b43b2414a3c4,resnet,1279,89,91,1.0224719101123596
tile:xla,train,resnet_v2_152_batch_64_-43406397e85fceea,resnet,842,74,77,1.0405405405405406
tile:xla,train,resnet_v2_152_batch_64_-437b201d8c4f9fbb,resnet,145,38,40,1.0526315789473684
tile:xla,train,resnet_v2_152_batch_64_-439733d57d04b8fc,resnet,1285,58,60,1.0344827586206897
tile:xla,train,resnet_v2_152_batch_64_-457c93b286e015b,resnet,878,26,26,1.0
tile:xla,train,resnet_v2_152_batch_64_-47d8bda8bc98eba3,resnet,2911,89,91,1.0224719101123596
tile:xla,train,resnet_v2_152_batch_64_-48c86a34ce74650d,resnet,984,56,56,1.0
tile:xla,train,resnet_v2_152_batch_64_-494456dd2cd89d43,resnet,1063,89,91,1.0224719101123596
tile:xla,train,resnet_v2_152_batch_64_-4c07ee56f88be7fc,resnet,2600,42,45,1.0714285714285714
tile:xla,train,resnet_v2_152_batch_64_-4c98b787d0071f4b,resnet,840,42,45,1.0714285714285714
tile:xla,train,resnet_v2_152_batch_64_-4ca12ff63485d57f,resnet,2515,34,33,0.9705882352941176
tile:xla,train,resnet_v2_152_batch_64_-4efae3f9d4424836,resnet,6425,36,38,1.0555555555555556
tile:xla,train,resnet_v2_152_batch_64_-515bfff64faacf11,resnet,1346,58,60,1.0344827586206897
tile:xla,train,resnet_v2_152_batch_64_-518dbd5072d4ffe5,resnet,6574,89,91,1.0224719101123596
tile:xla,train,resnet_v2_152_batch_64_-53b9db7703db4d55,resnet,1124,45,48,1.0666666666666667
tile:xla,train,resnet_v2_152_batch_64_-54b125344291903e,resnet,103,2,1,0.5
tile:xla,train,resnet_v2_152_batch_64_-56670efcbaa402de,resnet,414,2,1,0.5
tile:xla,train,resnet_v2_152_batch_64_-59964ff26ed6c223,resnet,2761,58,60,1.0344827586206897
tile:xla,train,resnet_v2_152_batch_64_-5ebdbc12edbc3fb4,resnet,103,9,8,0.8888888888888888
tile:xla,train,resnet_v2_152_batch_64_-5f392dc7748ad248,resnet,1573,58,60,1.0344827586206897
tile:xla,train,resnet_v2_152_batch_64_-60e9c0e9753bd6e6,resnet,2796,45,48,1.0666666666666667
tile:xla,train,resnet_v2_152_batch_64_-61f3d2c11b43bc2e,resnet,2002,89,91,1.0224719101123596
tile:xla,train,resnet_v2_152_batch_64_-62ad020078499d60,resnet,2413,94,104,1.1063829787234043
tile:xla,train,resnet_v2_152_batch_64_-643552460c7bcab2,resnet,3351,45,48,1.0666666666666667
tile:xla,train,resnet_v2_152_batch_64_-657465afcf0cd37d,resnet,7659,42,45,1.0714285714285714
tile:xla,train,resnet_v2_152_batch_64_-66ac9aff89257271,resnet,2039,110,115,1.0454545454545454
tile:xla,train,resnet_v2_152_batch_64_-6c6e056ff01e6132,resnet,1025,32,31,0.96875
tile:xla,train,resnet_v2_152_batch_64_-71a89796e31237f4,resnet,946,11,13,1.1818181818181819
tile:xla,train,resnet_v2_152_batch_64_-722d9096f0bbe21,resnet,1339,42,49,1.1666666666666667
tile:xla,train,resnet_v2_152_batch_64_-7812c5698abef1f,resnet,1227,89,91,1.0224719101123596
tile:xla,train,resnet_v2_152_batch_64_-784ae469ff4bfcae,resnet,1274,89,91,1.0224719101123596
tile:xla,train,resnet_v2_152_batch_64_-7a824d08db22a8a0,resnet,1339,58,60,1.0344827586206897
tile:xla,train,resnet_v2_152_batch_64_-7eb6232a11e0ea85,resnet,878,34,40,1.1764705882352942
tile:xla,train,resnet_v2_152_batch_64_-7ec37eea1679c215,resnet,1925,76,83,1.0921052631578947
tile:xla,train,resnet_v2_152_batch_64_-7f7a6a701b3c59c2,resnet,115,9,8,0.8888888888888888
tile:xla,train,resnet_v2_152_batch_64_-9078a19b7c21594,resnet,3351,42,45,1.0714285714285714
tile:xla,train,resnet_v2_152_batch_64_-a195c296368c788,resnet,1177,32,31,0.96875
tile:xla,train,resnet_v2_152_batch_64_-b5aa209b473ee13,resnet,2380,45,48,1.0666666666666667
tile:xla,train,resnet_v2_152_batch_64_-b9061c3fa72257c,resnet,7027,73,80,1.095890410958904
tile:xla,train,resnet_v2_152_batch_64_-be7b3df8ed6ff9b,resnet,3298,89,91,1.0224719101123596
tile:xla,train,resnet_v2_152_batch_64_-d6d4b22ac2032d4,resnet,2122,89,91,1.0224719101123596
tile:xla,train,resnet_v2_152_batch_64_-de8177cbd4d4ecc,resnet,1417,42,49,1.1666666666666667
tile:xla,train,resnet_v2_152_batch_64_105328a67fe60cfd,resnet,2116,73,80,1.095890410958904
tile:xla,train,resnet_v2_152_batch_64_127c41fc373b1bd2,resnet,799,29,28,0.9655172413793104
tile:xla,train,resnet_v2_152_batch_64_14d063d01f3a43ac,resnet,1331,42,45,1.0714285714285714
tile:xla,train,resnet_v2_152_batch_64_1b1573a3db526fc5,resnet,8995,73,80,1.095890410958904
tile:xla,train,resnet_v2_152_batch_64_1b32525a2f54442a,resnet,5100,12,11,0.9166666666666666
tile:xla,train,resnet_v2_152_batch_64_1dddc3f3a5d29daa,resnet,8143,12,11,0.9166666666666666
tile:xla,train,resnet_v2_152_batch_64_20aa2d49c7c738b1,resnet,1138,76,83,1.0921052631578947
tile:xla,train,resnet_v2_152_batch_64_23c5810cb32f46c,resnet,9312,42,45,1.0714285714285714
tile:xla,train,resnet_v2_152_batch_64_28de76f1a1e7e97a,resnet,164,9,8,0.8888888888888888
tile:xla,train,resnet_v2_152_batch_64_2d0c7c1ad3257b33,resnet,5508,73,80,1.095890410958904
tile:xla,train,resnet_v2_152_batch_64_2ea505dd6b9dd1c8,resnet,2169,45,48,1.0666666666666667
tile:xla,train,resnet_v2_152_batch_64_2f62b89c57f4a7da,resnet,3860,89,91,1.0224719101123596
tile:xla,train,resnet_v2_152_batch_64_3083c3f2512baf0d,resnet,180,24,24,1.0
tile:xla,train,resnet_v2_152_batch_64_352126f223beb42,resnet,8984,73,80,1.095890410958904
tile:xla,train,resnet_v2_152_batch_64_3c2e188acecc4a11,resnet,6559,42,45,1.0714285714285714
tile:xla,train,resnet_v2_152_batch_64_3df119fabdbb5f62,resnet,1442,42,45,1.0714285714285714
tile:xla,train,resnet_v2_152_batch_64_3f5c88e54ea9495a,resnet,2093,73,80,1.095890410958904
tile:xla,train,resnet_v2_152_batch_64_47b27287808d9182,resnet,2308,34,33,0.9705882352941176
tile:xla,train,resnet_v2_152_batch_64_48437e7b6c18d9bb,resnet,2070,58,60,1.0344827586206897
tile:xla,train,resnet_v2_152_batch_64_48bbb4ffaaf4620a,resnet,6189,89,91,1.0224719101123596
tile:xla,train,resnet_v2_152_batch_64_4b6d72cc05aa0a9d,resnet,1453,34,33,0.9705882352941176
tile:xla,train,resnet_v2_152_batch_64_54139ba77130ce56,resnet,2488,42,45,1.0714285714285714
tile:xla,train,resnet_v2_152_batch_64_550cd4a899d191ce,resnet,1348,56,56,1.0
tile:xla,train,resnet_v2_152_batch_64_564abfcd61f90e55,resnet,2321,89,91,1.0224719101123596
tile:xla,train,resnet_v2_152_batch_64_597ace3a8726cdfa,resnet,1312,45,48,1.0666666666666667
tile:xla,train,resnet_v2_152_batch_64_5a0c568a156db190,resnet,1312,45,48,1.0666666666666667
tile:xla,train,resnet_v2_152_batch_64_5b53c7c67bbd54e0,resnet,164,9,8,0.8888888888888888
tile:xla,train,resnet_v2_152_batch_64_5c50d95da48d7b27,resnet,674,89,91,1.0224719101123596
tile:xla,train,resnet_v2_152_batch_64_605bbb829361ae30,resnet,3647,42,45,1.0714285714285714
tile:xla,train,resnet_v2_152_batch_64_610fbf416dd1ece5,resnet,2315,73,80,1.095890410958904
tile:xla,train,resnet_v2_152_batch_64_691ba57c789e2a3a,resnet,6878,89,91,1.0224719101123596
tile:xla,train,resnet_v2_152_batch_64_6aa2653e8b8123ef,resnet,20,2,1,0.5
tile:xla,train,resnet_v2_152_batch_64_6cde9101131e6745,resnet,2037,89,91,1.0224719101123596
tile:xla,train,resnet_v2_152_batch_64_7002150c9be4ab34,resnet,1239,73,80,1.095890410958904
tile:xla,train,resnet_v2_152_batch_64_70bd70c89131e84e,resnet,2506,42,49,1.1666666666666667
tile:xla,train,resnet_v2_152_batch_64_74d1cea6e3cc9bad,resnet,2124,58,60,1.0344827586206897
tile:xla,train,resnet_v2_152_batch_64_74df707100ddea42,resnet,1139,32,31,0.96875
tile:xla,train,resnet_v2_152_batch_64_7551fd18efde4209,resnet,1284,42,49,1.1666666666666667
tile:xla,train,resnet_v2_152_batch_64_75f4982111a6d123,resnet,8507,42,45,1.0714285714285714
tile:xla,train,resnet_v2_152_batch_64_76da8df1075d3a1a,resnet,1076,73,80,1.095890410958904
tile:xla,train,resnet_v2_152_batch_64_77c4595afb8a926c,resnet,1339,42,49,1.1666666666666667
tile:xla,train,resnet_v2_152_batch_64_78192936f9b0c0c6,resnet,1177,32,31,0.96875
tile:xla,train,resnet_v2_152_batch_64_78f13f3a262b7546,resnet,8569,42,45,1.0714285714285714
tile:xla,train,resnet_v2_152_batch_64_7b93f28176302f4,resnet,2133,58,60,1.0344827586206897
tile:xla,train,resnet_v2_152_batch_64_7db08c76b2ecddbf,resnet,1242,89,91,1.0224719101123596
tile:xla,train,resnet_v2_152_batch_64_7f83cbba62543cea,resnet,8675,73,80,1.095890410958904
tile:xla,train,resnet_v2_152_batch_64_c977a10b08a6d51,resnet,1430,32,31,0.96875
tile:xla,train,resnet_v2_152_batch_64_fd051750597617e,resnet,2753,58,60,1.0344827586206897
tile:xla,train,resnet_v2_152_batch_64_fd4c7842e790882,resnet,2448,42,49,1.1666666666666667
tile:xla,train,resnet_v2_200_batch_32_-106d39cb81f095eb,resnet,1433,76,83,1.0921052631578947
tile:xla,train,resnet_v2_200_batch_32_-1367b5d86e2ad245,resnet,496,89,91,1.0224719101123596
tile:xla,train,resnet_v2_200_batch_32_-13af8267145350e6,resnet,526,74,77,1.0405405405405406
tile:xla,train,resnet_v2_200_batch_32_-1782e7144c223f09,resnet,5144,12,11,0.9166666666666666
tile:xla,train,resnet_v2_200_batch_32_-194fe15344264715,resnet,526,32,31,0.96875
tile:xla,train,resnet_v2_200_batch_32_-1bc4dc028365612e,resnet,22,2,1,0.5
tile:xla,train,resnet_v2_200_batch_32_-1c6b53e1b85b245f,resnet,1083,12,11,0.9166666666666666
tile:xla,train,resnet_v2_200_batch_32_-2015547174e8c041,resnet,925,89,91,1.0224719101123596
tile:xla,train,resnet_v2_200_batch_32_-217853212f0a10f2,resnet,1477,73,80,1.095890410958904
tile:xla,train,resnet_v2_200_batch_32_-21bfc9524f77070d,resnet,7723,12,11,0.9166666666666666
tile:xla,train,resnet_v2_200_batch_32_-2247bb5e17652d1e,resnet,1855,45,48,1.0666666666666667
tile:xla,train,resnet_v2_200_batch_32_-2322d54780a4dd38,resnet,848,58,60,1.0344827586206897
tile:xla,train,resnet_v2_200_batch_32_-25b64e997ec22d6b,resnet,415,9,8,0.8888888888888888
tile:xla,train,resnet_v2_200_batch_32_-2a37e2b1ce897769,resnet,1032,32,31,0.96875
tile:xla,train,resnet_v2_200_batch_32_-2dd99dd413dbc685,resnet,1435,42,45,1.0714285714285714
tile:xla,train,resnet_v2_200_batch_32_-2e3748717ae71b76,resnet,1351,73,80,1.095890410958904
tile:xla,train,resnet_v2_200_batch_32_-2f2958595395b83f,resnet,540,42,45,1.0714285714285714
tile:xla,train,resnet_v2_200_batch_32_-3208877899b0d319,resnet,1436,34,33,0.9705882352941176
tile:xla,train,resnet_v2_200_batch_32_-334c332105517e66,resnet,828,58,60,1.0344827586206897
tile:xla,train,resnet_v2_200_batch_32_-33986a027fd0befc,resnet,812,45,48,1.0666666666666667
tile:xla,train,resnet_v2_200_batch_32_-349bd698e65cb8d7,resnet,981,42,49,1.1666666666666667
tile:xla,train,resnet_v2_200_batch_32_-350b11afda95a3b9,resnet,4053,89,91,1.0224719101123596
tile:xla,train,resnet_v2_200_batch_32_-3bd3125ff048670b,resnet,836,32,31,0.96875
tile:xla,train,resnet_v2_200_batch_32_-3db0c813c2ec2b34,resnet,5729,42,45,1.0714285714285714
tile:xla,train,resnet_v2_200_batch_32_-3f1c2e3a3b9d8569,resnet,1503,45,48,1.0666666666666667
tile:xla,train,resnet_v2_200_batch_32_-3f787e2b9c7e5453,resnet,2109,42,45,1.0714285714285714
tile:xla,train,resnet_v2_200_batch_32_-402f0b8f30487b54,resnet,2625,42,45,1.0714285714285714
tile:xla,train,resnet_v2_200_batch_32_-43cb2b932736b2b8,resnet,1424,58,60,1.0344827586206897
tile:xla,train,resnet_v2_200_batch_32_-48c224cc9df9420e,resnet,9973,73,80,1.095890410958904
tile:xla,train,resnet_v2_200_batch_32_-48e21d817a03c01c,resnet,1823,58,60,1.0344827586206897
tile:xla,train,resnet_v2_200_batch_32_-53ea9a3f4ce2a1a5,resnet,1023,42,49,1.1666666666666667
tile:xla,train,resnet_v2_200_batch_32_-54b125344291903e,resnet,103,2,1,0.5
tile:xla,train,resnet_v2_200_batch_32_-5a8e520e6b64b8a5,resnet,8660,36,38,1.0555555555555556
tile:xla,train,resnet_v2_200_batch_32_-5e6fb5a9aa6605dc,resnet,1027,42,45,1.0714285714285714
tile:xla,train,resnet_v2_200_batch_32_-5ebdbc12edbc3fb4,resnet,103,9,8,0.8888888888888888
tile:xla,train,resnet_v2_200_batch_32_-682e39f2da68c6f3,resnet,5239,42,45,1.0714285714285714
tile:xla,train,resnet_v2_200_batch_32_-6d2e53325d6cc92d,resnet,787,73,80,1.095890410958904
tile:xla,train,resnet_v2_200_batch_32_-6dcde06ce9bbb6b,resnet,560,29,28,0.9655172413793104
tile:xla,train,resnet_v2_200_batch_32_-6e317422d0313357,resnet,864,76,83,1.0921052631578947
tile:xla,train,resnet_v2_200_batch_32_-6fe927d0fcd18170,resnet,5150,73,80,1.095890410958904
tile:xla,train,resnet_v2_200_batch_32_-7079fc52e51d1a0e,resnet,2489,89,91,1.0224719101123596
tile:xla,train,resnet_v2_200_batch_32_-74dd4fc779bbc6d8,resnet,9991,73,80,1.095890410958904
tile:xla,train,resnet_v2_200_batch_32_-76d231f1015dc2d9,resnet,1535,89,91,1.0224719101123596
tile:xla,train,resnet_v2_200_batch_32_-784ba83eaad8a5fa,resnet,1875,76,83,1.0921052631578947
tile:xla,train,resnet_v2_200_batch_32_-795d67900a37177d,resnet,986,56,56,1.0
tile:xla,train,resnet_v2_200_batch_32_-7a97a6de0163bbb0,resnet,964,45,48,1.0666666666666667
tile:xla,train,resnet_v2_200_batch_32_-7e30112ffe5706a5,resnet,2213,89,91,1.0224719101123596
tile:xla,train,resnet_v2_200_batch_32_-7f59256a96305986,resnet,1322,58,60,1.0344827586206897
tile:xla,train,resnet_v2_200_batch_32_-7f7a6a701b3c59c2,resnet,115,9,8,0.8888888888888888
tile:xla,train,resnet_v2_200_batch_32_-cf9494324bc2c26,resnet,534,34,40,1.1764705882352942
tile:xla,train,resnet_v2_200_batch_32_-d071b5490c82468,resnet,1384,45,48,1.0666666666666667
tile:xla,train,resnet_v2_200_batch_32_-d2cd67f24b4f8ea,resnet,826,42,49,1.1666666666666667
tile:xla,train,resnet_v2_200_batch_32_-eccafc2c433d5c1,resnet,1398,45,48,1.0666666666666667
tile:xla,train,resnet_v2_200_batch_32_108e514b698fec4e,resnet,716,32,31,0.96875
tile:xla,train,resnet_v2_200_batch_32_160ecc6ca029416,resnet,1359,73,80,1.095890410958904
tile:xla,train,resnet_v2_200_batch_32_1715e89ff86f73e7,resnet,5448,42,45,1.0714285714285714
tile:xla,train,resnet_v2_200_batch_32_17f4937bc0d38037,resnet,2378,42,45,1.0714285714285714
tile:xla,train,resnet_v2_200_batch_32_19426c10afe938a,resnet,461,76,83,1.0921052631578947
tile:xla,train,resnet_v2_200_batch_32_1ab429a45d28c8df,resnet,7590,12,11,0.9166666666666666
tile:xla,train,resnet_v2_200_batch_32_1c6413b789b9e7b1,resnet,1038,42,45,1.0714285714285714
tile:xla,train,resnet_v2_200_batch_32_215f058af601d5f7,resnet,1422,58,60,1.0344827586206897
tile:xla,train,resnet_v2_200_batch_32_231ff866f391d66b,resnet,859,34,33,0.9705882352941176
tile:xla,train,resnet_v2_200_batch_32_2429ffb0319dec39,resnet,694,56,56,1.0
tile:xla,train,resnet_v2_200_batch_32_252225c933c8f7f8,resnet,805,56,56,1.0
tile:xla,train,resnet_v2_200_batch_32_25859a89685c7cc,resnet,1043,34,33,0.9705882352941176
tile:xla,train,resnet_v2_200_batch_32_28de76f1a1e7e97a,resnet,164,9,8,0.8888888888888888
tile:xla,train,resnet_v2_200_batch_32_2937a4543429ecdd,resnet,112,24,24,1.0
tile:xla,train,resnet_v2_200_batch_32_2a1221571774340d,resnet,848,42,49,1.1666666666666667
tile:xla,train,resnet_v2_200_batch_32_2c1ee50b7be23393,resnet,2192,45,48,1.0666666666666667
tile:xla,train,resnet_v2_200_batch_32_2d4e9bddcf7105ec,resnet,845,42,45,1.0714285714285714
tile:xla,train,resnet_v2_200_batch_32_320b80cf12f6bce5,resnet,4915,42,45,1.0714285714285714
tile:xla,train,resnet_v2_200_batch_32_33abf8ee452bd150,resnet,1522,94,104,1.1063829787234043
tile:xla,train,resnet_v2_200_batch_32_37ba33c5fd106b45,resnet,1276,89,91,1.0224719101123596
tile:xla,train,resnet_v2_200_batch_32_39c185fa7ee9be6f,resnet,4131,73,80,1.095890410958904
tile:xla,train,resnet_v2_200_batch_32_3afe7f7a2b9d40c,resnet,1364,89,91,1.0224719101123596
tile:xla,train,resnet_v2_200_batch_32_3b37d5f572bc6fde,resnet,1535,42,49,1.1666666666666667
tile:xla,train,resnet_v2_200_batch_32_3dd61f3957ff767b,resnet,1302,58,60,1.0344827586206897
tile:xla,train,resnet_v2_200_batch_32_3ddb7ff0b1d12729,resnet,534,26,26,1.0
tile:xla,train,resnet_v2_200_batch_32_411a7b669ccaf795,resnet,1389,58,60,1.0344827586206897
tile:xla,train,resnet_v2_200_batch_32_41522955796af584,resnet,1661,42,45,1.0714285714285714
tile:xla,train,resnet_v2_200_batch_32_41e9cc004b4a7f7f,resnet,1413,42,49,1.1666666666666667
tile:xla,train,resnet_v2_200_batch_32_446a2297d90233ac,resnet,1326,89,91,1.0224719101123596
tile:xla,train,resnet_v2_200_batch_32_4490559fa2a811ef,resnet,1022,58,60,1.0344827586206897
tile:xla,train,resnet_v2_200_batch_32_46860e7e297bf9e9,resnet,4265,89,91,1.0224719101123596
tile:xla,train,resnet_v2_200_batch_32_48ab441de7610b4f,resnet,716,32,31,0.96875
tile:xla,train,resnet_v2_200_batch_32_4c6aa6f6488a0238,resnet,779,89,91,1.0224719101123596
tile:xla,train,resnet_v2_200_batch_32_4e4dfde6021de069,resnet,1784,58,60,1.0344827586206897
tile:xla,train,resnet_v2_200_batch_32_4efb14b3e4964a7d,resnet,1910,89,91,1.0224719101123596
tile:xla,train,resnet_v2_200_batch_32_503af464cc7316c5,resnet,5513,73,80,1.095890410958904
tile:xla,train,resnet_v2_200_batch_32_51b12ece964fe6c6,resnet,4378,89,91,1.0224719101123596
tile:xla,train,resnet_v2_200_batch_32_51dba3fc9844720b,resnet,2477,73,80,1.095890410958904
tile:xla,train,resnet_v2_200_batch_32_520a8cf5f500d5df,resnet,584,11,13,1.1818181818181819
tile:xla,train,resnet_v2_200_batch_32_523743def6a05530,resnet,836,32,31,0.96875
tile:xla,train,resnet_v2_200_batch_32_5ad6f05e735c598a,resnet,4378,89,91,1.0224719101123596
tile:xla,train,resnet_v2_200_batch_32_5b53c7c67bbd54e0,resnet,164,9,8,0.8888888888888888
tile:xla,train,resnet_v2_200_batch_32_5e297e71510b73f8,resnet,917,73,80,1.095890410958904
tile:xla,train,resnet_v2_200_batch_32_633828ee633c34c6,resnet,1437,42,49,1.1666666666666667
tile:xla,train,resnet_v2_200_batch_32_63706d3ace2eefbe,resnet,1554,34,33,0.9705882352941176
tile:xla,train,resnet_v2_200_batch_32_674fd732d7a9add7,resnet,1290,110,115,1.0454545454545454
tile:xla,train,resnet_v2_200_batch_32_6e0594d8cbcf9725,resnet,791,73,80,1.095890410958904
tile:xla,train,resnet_v2_200_batch_32_72ceded2707c5cf3,resnet,983,58,60,1.0344827586206897
tile:xla,train,resnet_v2_200_batch_32_747e49d1b8694ad7,resnet,4703,42,45,1.0714285714285714
tile:xla,train,resnet_v2_200_batch_32_74977e4c154f22eb,resnet,947,89,91,1.0224719101123596
tile:xla,train,resnet_v2_200_batch_32_74c8f30ba2bba86b,resnet,945,89,91,1.0224719101123596
tile:xla,train,resnet_v2_200_batch_32_75820cc5cd7b2e7f,resnet,1543,42,45,1.0714285714285714
tile:xla,train,resnet_v2_200_batch_32_896dc0e666abf2e,resnet,1556,42,49,1.1666666666666667
tile:xla,train,resnet_v2_200_batch_32_99d44663fdac7be,resnet,3636,12,11,0.9166666666666666
tile:xla,train,resnet_v2_200_batch_32_9c3b102b3874215,resnet,925,73,80,1.095890410958904
tile:xla,train,resnet_v2_200_batch_32_b66e550bafb483d,resnet,112,15,14,0.9333333333333333
tile:xla,train,resnet_v2_200_batch_32_bbd24c69f9bb7e3,resnet,5034,73,80,1.095890410958904
tile:xla,train,resnet_v2_200_batch_32_bfd2fe0734c9e13,resnet,4869,89,91,1.0224719101123596
tile:xla,train,resnet_v2_200_batch_32_d13594e68117948,resnet,964,45,48,1.0666666666666667
tile:xla,train,resnet_v2_200_batch_32_d317a6c2bc323b5,resnet,91,38,40,1.0526315789473684
tile:xla,train,resnet_v2_200_batch_32_f307239b39d05de,resnet,800,89,91,1.0224719101123596
tile:xla,train,resnet_v2_200_batch_64_-124ddd57beb99af3,resnet,1364,73,80,1.095890410958904
tile:xla,train,resnet_v2_200_batch_64_-15787d20739b5b0e,resnet,844,32,31,0.96875
tile:xla,train,resnet_v2_200_batch_64_-1955c07b7e926a10,resnet,180,15,14,0.9333333333333333
tile:xla,train,resnet_v2_200_batch_64_-1969500491ddac35,resnet,3834,73,80,1.095890410958904
tile:xla,train,resnet_v2_200_batch_64_-1bbe468ea6e25dd6,resnet,2266,58,60,1.0344827586206897
tile:xla,train,resnet_v2_200_batch_64_-1d4549be63d4453d,resnet,1696,12,11,0.9166666666666666
tile:xla,train,resnet_v2_200_batch_64_-214550af65576377,resnet,2838,76,83,1.0921052631578947
tile:xla,train,resnet_v2_200_batch_64_-216d79b9aed72660,resnet,2295,42,45,1.0714285714285714
tile:xla,train,resnet_v2_200_batch_64_-2296ee6ba01f709e,resnet,7902,73,80,1.095890410958904
tile:xla,train,resnet_v2_200_batch_64_-246ef0e9ef6a3b3c,resnet,6492,12,11,0.9166666666666666
tile:xla,train,resnet_v2_200_batch_64_-25ab23b0a1182e0d,resnet,6388,89,91,1.0224719101123596
tile:xla,train,resnet_v2_200_batch_64_-25b64e997ec22d6b,resnet,415,9,8,0.8888888888888888
tile:xla,train,resnet_v2_200_batch_64_-280e57916105f9f0,resnet,2235,42,49,1.1666666666666667
tile:xla,train,resnet_v2_200_batch_64_-29591a0c71ac436,resnet,9990,12,11,0.9166666666666666
tile:xla,train,resnet_v2_200_batch_64_-297bc98cc36d1f7c,resnet,1357,34,33,0.9705882352941176
tile:xla,train,resnet_v2_200_batch_64_-29d5d80c51a12fa1,resnet,7570,89,91,1.0224719101123596
tile:xla,train,resnet_v2_200_batch_64_-2b8ab4f1b0463d91,resnet,4208,42,45,1.0714285714285714
tile:xla,train,resnet_v2_200_batch_64_-2d341e618b8103c2,resnet,1209,73,80,1.095890410958904
tile:xla,train,resnet_v2_200_batch_64_-2e44e87cc8c2bdbc,resnet,2073,45,48,1.0666666666666667
tile:xla,train,resnet_v2_200_batch_64_-301c154c9b9ae973,resnet,1583,42,45,1.0714285714285714
tile:xla,train,resnet_v2_200_batch_64_-35196a543f11febc,resnet,1246,56,56,1.0
tile:xla,train,resnet_v2_200_batch_64_-3946a2a274a939c5,resnet,682,76,83,1.0921052631578947
tile:xla,train,resnet_v2_200_batch_64_-3b6721c52354330b,resnet,2303,42,49,1.1666666666666667
tile:xla,train,resnet_v2_200_batch_64_-3bcfe4cb3fa59be4,resnet,2188,58,60,1.0344827586206897
tile:xla,train,resnet_v2_200_batch_64_-3dc8b43b2414a3c4,resnet,1421,89,91,1.0224719101123596
tile:xla,train,resnet_v2_200_batch_64_-43406397e85fceea,resnet,842,74,77,1.0405405405405406
tile:xla,train,resnet_v2_200_batch_64_-437b201d8c4f9fbb,resnet,145,38,40,1.0526315789473684
tile:xla,train,resnet_v2_200_batch_64_-439733d57d04b8fc,resnet,1285,58,60,1.0344827586206897
tile:xla,train,resnet_v2_200_batch_64_-457c93b286e015b,resnet,878,26,26,1.0
tile:xla,train,resnet_v2_200_batch_64_-47d8bda8bc98eba3,resnet,2911,89,91,1.0224719101123596
tile:xla,train,resnet_v2_200_batch_64_-48c86a34ce74650d,resnet,1093,56,56,1.0
tile:xla,train,resnet_v2_200_batch_64_-494456dd2cd89d43,resnet,1181,89,91,1.0224719101123596
tile:xla,train,resnet_v2_200_batch_64_-4c07ee56f88be7fc,resnet,2600,42,45,1.0714285714285714
tile:xla,train,resnet_v2_200_batch_64_-4c98b787d0071f4b,resnet,840,42,45,1.0714285714285714
tile:xla,train,resnet_v2_200_batch_64_-4ca12ff63485d57f,resnet,2515,34,33,0.9705882352941176
tile:xla,train,resnet_v2_200_batch_64_-4efae3f9d4424836,resnet,7139,36,38,1.0555555555555556
tile:xla,train,resnet_v2_200_batch_64_-515bfff64faacf11,resnet,1495,58,60,1.0344827586206897
tile:xla,train,resnet_v2_200_batch_64_-518dbd5072d4ffe5,resnet,6574,89,91,1.0224719101123596
tile:xla,train,resnet_v2_200_batch_64_-53b9db7703db4d55,resnet,1249,45,48,1.0666666666666667
tile:xla,train,resnet_v2_200_batch_64_-54b125344291903e,resnet,103,2,1,0.5
tile:xla,train,resnet_v2_200_batch_64_-56670efcbaa402de,resnet,414,2,1,0.5
tile:xla,train,resnet_v2_200_batch_64_-59964ff26ed6c223,resnet,2761,58,60,1.0344827586206897
tile:xla,train,resnet_v2_200_batch_64_-5ebdbc12edbc3fb4,resnet,103,9,8,0.8888888888888888
tile:xla,train,resnet_v2_200_batch_64_-5f392dc7748ad248,resnet,1573,58,60,1.0344827586206897
tile:xla,train,resnet_v2_200_batch_64_-60e9c0e9753bd6e6,resnet,2796,45,48,1.0666666666666667
tile:xla,train,resnet_v2_200_batch_64_-61f3d2c11b43bc2e,resnet,2002,89,91,1.0224719101123596
tile:xla,train,resnet_v2_200_batch_64_-62ad020078499d60,resnet,2413,94,104,1.1063829787234043
tile:xla,train,resnet_v2_200_batch_64_-643552460c7bcab2,resnet,3351,45,48,1.0666666666666667
tile:xla,train,resnet_v2_200_batch_64_-657465afcf0cd37d,resnet,7659,42,45,1.0714285714285714
tile:xla,train,resnet_v2_200_batch_64_-66ac9aff89257271,resnet,2039,110,115,1.0454545454545454
tile:xla,train,resnet_v2_200_batch_64_-6c6e056ff01e6132,resnet,1139,32,31,0.96875
tile:xla,train,resnet_v2_200_batch_64_-71a89796e31237f4,resnet,946,11,13,1.1818181818181819
tile:xla,train,resnet_v2_200_batch_64_-722d9096f0bbe21,resnet,1339,42,49,1.1666666666666667
tile:xla,train,resnet_v2_200_batch_64_-7812c5698abef1f,resnet,1227,89,91,1.0224719101123596
tile:xla,train,resnet_v2_200_batch_64_-784ae469ff4bfcae,resnet,1415,89,91,1.0224719101123596
tile:xla,train,resnet_v2_200_batch_64_-7a824d08db22a8a0,resnet,1339,58,60,1.0344827586206897
tile:xla,train,resnet_v2_200_batch_64_-7eb6232a11e0ea85,resnet,878,34,40,1.1764705882352942
tile:xla,train,resnet_v2_200_batch_64_-7ec37eea1679c215,resnet,2139,76,83,1.0921052631578947
tile:xla,train,resnet_v2_200_batch_64_-7f7a6a701b3c59c2,resnet,115,9,8,0.8888888888888888
tile:xla,train,resnet_v2_200_batch_64_-9078a19b7c21594,resnet,3351,42,45,1.0714285714285714
tile:xla,train,resnet_v2_200_batch_64_-a195c296368c788,resnet,1308,32,31,0.96875
tile:xla,train,resnet_v2_200_batch_64_-b5aa209b473ee13,resnet,2380,45,48,1.0666666666666667
tile:xla,train,resnet_v2_200_batch_64_-b9061c3fa72257c,resnet,7808,73,80,1.095890410958904
tile:xla,train,resnet_v2_200_batch_64_-be7b3df8ed6ff9b,resnet,3298,89,91,1.0224719101123596
tile:xla,train,resnet_v2_200_batch_64_-d6d4b22ac2032d4,resnet,2122,89,91,1.0224719101123596
tile:xla,train,resnet_v2_200_batch_64_-de8177cbd4d4ecc,resnet,1574,42,49,1.1666666666666667
tile:xla,train,resnet_v2_200_batch_64_105328a67fe60cfd,resnet,2116,73,80,1.095890410958904
tile:xla,train,resnet_v2_200_batch_64_127c41fc373b1bd2,resnet,888,29,28,0.9655172413793104
tile:xla,train,resnet_v2_200_batch_64_14d063d01f3a43ac,resnet,1331,42,45,1.0714285714285714
tile:xla,train,resnet_v2_200_batch_64_1b1573a3db526fc5,resnet,9994,73,80,1.095890410958904
tile:xla,train,resnet_v2_200_batch_64_1b32525a2f54442a,resnet,5667,12,11,0.9166666666666666
tile:xla,train,resnet_v2_200_batch_64_1dddc3f3a5d29daa,resnet,8143,12,11,0.9166666666666666
tile:xla,train,resnet_v2_200_batch_64_20aa2d49c7c738b1,resnet,1137,76,83,1.0921052631578947
tile:xla,train,resnet_v2_200_batch_64_23c5810cb32f46c,resnet,9312,42,45,1.0714285714285714
tile:xla,train,resnet_v2_200_batch_64_28de76f1a1e7e97a,resnet,164,9,8,0.8888888888888888
tile:xla,train,resnet_v2_200_batch_64_2d0c7c1ad3257b33,resnet,6120,73,80,1.095890410958904
tile:xla,train,resnet_v2_200_batch_64_2ea505dd6b9dd1c8,resnet,2169,45,48,1.0666666666666667
tile:xla,train,resnet_v2_200_batch_64_2f62b89c57f4a7da,resnet,3860,89,91,1.0224719101123596
tile:xla,train,resnet_v2_200_batch_64_3083c3f2512baf0d,resnet,180,24,24,1.0
tile:xla,train,resnet_v2_200_batch_64_352126f223beb42,resnet,9977,73,80,1.095890410958904
tile:xla,train,resnet_v2_200_batch_64_3c2e188acecc4a11,resnet,7288,42,45,1.0714285714285714
tile:xla,train,resnet_v2_200_batch_64_3df119fabdbb5f62,resnet,1602,42,45,1.0714285714285714
tile:xla,train,resnet_v2_200_batch_64_3f5c88e54ea9495a,resnet,2093,73,80,1.095890410958904
tile:xla,train,resnet_v2_200_batch_64_47b27287808d9182,resnet,2308,34,33,0.9705882352941176
tile:xla,train,resnet_v2_200_batch_64_48437e7b6c18d9bb,resnet,2070,58,60,1.0344827586206897
tile:xla,train,resnet_v2_200_batch_64_48bbb4ffaaf4620a,resnet,6189,89,91,1.0224719101123596
tile:xla,train,resnet_v2_200_batch_64_4b6d72cc05aa0a9d,resnet,1614,34,33,0.9705882352941176
tile:xla,train,resnet_v2_200_batch_64_54139ba77130ce56,resnet,2488,42,45,1.0714285714285714
tile:xla,train,resnet_v2_200_batch_64_550cd4a899d191ce,resnet,1348,56,56,1.0
tile:xla,train,resnet_v2_200_batch_64_564abfcd61f90e55,resnet,2321,89,91,1.0224719101123596
tile:xla,train,resnet_v2_200_batch_64_597ace3a8726cdfa,resnet,1458,45,48,1.0666666666666667
tile:xla,train,resnet_v2_200_batch_64_5a0c568a156db190,resnet,1458,45,48,1.0666666666666667
tile:xla,train,resnet_v2_200_batch_64_5b53c7c67bbd54e0,resnet,164,9,8,0.8888888888888888
tile:xla,train,resnet_v2_200_batch_64_5c50d95da48d7b27,resnet,749,89,91,1.0224719101123596
tile:xla,train,resnet_v2_200_batch_64_605bbb829361ae30,resnet,3647,42,45,1.0714285714285714
tile:xla,train,resnet_v2_200_batch_64_610fbf416dd1ece5,resnet,2315,73,80,1.095890410958904
tile:xla,train,resnet_v2_200_batch_64_691ba57c789e2a3a,resnet,6878,89,91,1.0224719101123596
tile:xla,train,resnet_v2_200_batch_64_6aa2653e8b8123ef,resnet,22,2,1,0.5
tile:xla,train,resnet_v2_200_batch_64_6cde9101131e6745,resnet,2037,89,91,1.0224719101123596
tile:xla,train,resnet_v2_200_batch_64_7002150c9be4ab34,resnet,1239,73,80,1.095890410958904
tile:xla,train,resnet_v2_200_batch_64_70bd70c89131e84e,resnet,2506,42,49,1.1666666666666667
tile:xla,train,resnet_v2_200_batch_64_74d1cea6e3cc9bad,resnet,2124,58,60,1.0344827586206897
tile:xla,train,resnet_v2_200_batch_64_74df707100ddea42,resnet,1139,32,31,0.96875
tile:xla,train,resnet_v2_200_batch_64_7551fd18efde4209,resnet,1284,42,49,1.1666666666666667
tile:xla,train,resnet_v2_200_batch_64_75f4982111a6d123,resnet,8507,42,45,1.0714285714285714
tile:xla,train,resnet_v2_200_batch_64_76da8df1075d3a1a,resnet,1196,73,80,1.095890410958904
tile:xla,train,resnet_v2_200_batch_64_77c4595afb8a926c,resnet,1488,42,49,1.1666666666666667
tile:xla,train,resnet_v2_200_batch_64_78192936f9b0c0c6,resnet,1308,32,31,0.96875
tile:xla,train,resnet_v2_200_batch_64_78f13f3a262b7546,resnet,8569,42,45,1.0714285714285714
tile:xla,train,resnet_v2_200_batch_64_7b93f28176302f4,resnet,2133,58,60,1.0344827586206897
tile:xla,train,resnet_v2_200_batch_64_7db08c76b2ecddbf,resnet,1380,89,91,1.0224719101123596
tile:xla,train,resnet_v2_200_batch_64_7f83cbba62543cea,resnet,8675,73,80,1.095890410958904
tile:xla,train,resnet_v2_200_batch_64_c977a10b08a6d51,resnet,1430,32,31,0.96875
tile:xla,train,resnet_v2_200_batch_64_fd051750597617e,resnet,2753,58,60,1.0344827586206897
tile:xla,train,resnet_v2_200_batch_64_fd4c7842e790882,resnet,2448,42,49,1.1666666666666667
tile:xla,train,resnet_v2_50_batch_128_-103d407cafa7ccd5,resnet,1205,34,40,1.1764705882352942
tile:xla,train,resnet_v2_50_batch_128_-163a50611a34e22e,resnet,8089,89,91,1.0224719101123596
tile:xla,train,resnet_v2_50_batch_128_-16ca73b2cc90c569,resnet,2569,89,91,1.0224719101123596
tile:xla,train,resnet_v2_50_batch_128_-172b2932571e5142,resnet,177,32,31,0.96875
tile:xla,train,resnet_v2_50_batch_128_-1a73ebe2ba44db68,resnet,2648,110,115,1.0454545454545454
tile:xla,train,resnet_v2_50_batch_128_-2235c64241278b87,resnet,3431,58,60,1.0344827586206897
tile:xla,train,resnet_v2_50_batch_128_-242aa1861cfcc08a,resnet,1500,56,56,1.0
tile:xla,train,resnet_v2_50_batch_128_-25b64e997ec22d6b,resnet,415,9,8,0.8888888888888888
tile:xla,train,resnet_v2_50_batch_128_-27b5128a8dcb4985,resnet,3350,34,33,0.9705882352941176
tile:xla,train,resnet_v2_50_batch_128_-27e3713112efd938,resnet,946,11,13,1.1818181818181819
tile:xla,train,resnet_v2_50_batch_128_-2afa4937502760a0,resnet,1120,32,31,0.96875
tile:xla,train,resnet_v2_50_batch_128_-2e4f822a2764db37,resnet,4209,45,48,1.0666666666666667
tile:xla,train,resnet_v2_50_batch_128_-2feced843bf5c7c,resnet,1638,58,60,1.0344827586206897
tile:xla,train,resnet_v2_50_batch_128_-30224b69938b5abe,resnet,518,76,83,1.0921052631578947
tile:xla,train,resnet_v2_50_batch_128_-3095f047bc9ef04e,resnet,1740,42,49,1.1666666666666667
tile:xla,train,resnet_v2_50_batch_128_-326cabbf736125ec,resnet,1490,32,31,0.96875
tile:xla,train,resnet_v2_50_batch_128_-34d00fae88f40bf1,resnet,635,73,80,1.095890410958904
tile:xla,train,resnet_v2_50_batch_128_-3608c09854e50598,resnet,9604,89,91,1.0224719101123596
tile:xla,train,resnet_v2_50_batch_128_-37822adaff007715,resnet,1206,26,26,1.0
tile:xla,train,resnet_v2_50_batch_128_-3c1d953d12bfff74,resnet,721,42,45,1.0714285714285714
tile:xla,train,resnet_v2_50_batch_128_-3fdf7987fc49d3f6,resnet,4844,73,80,1.095890410958904
tile:xla,train,resnet_v2_50_batch_128_-4032190ae8032c45,resnet,177,24,24,1.0
tile:xla,train,resnet_v2_50_batch_128_-40aca84d80e8bcd1,resnet,2800,45,48,1.0666666666666667
tile:xla,train,resnet_v2_50_batch_128_-41341966e5801453,resnet,1018,42,49,1.1666666666666667
tile:xla,train,resnet_v2_50_batch_128_-4426302f4656f939,resnet,1102,58,60,1.0344827586206897
tile:xla,train,resnet_v2_50_batch_128_-446d086d52ba8a1a,resnet,1134,12,11,0.9166666666666666
tile:xla,train,resnet_v2_50_batch_128_-47372fbca315219a,resnet,166,55,57,1.0363636363636364
tile:xla,train,resnet_v2_50_batch_128_-47b0fa63c1f4fa0f,resnet,9992,73,80,1.095890410958904
tile:xla,train,resnet_v2_50_batch_128_-481a1fa18923c461,resnet,7248,12,11,0.9166666666666666
tile:xla,train,resnet_v2_50_batch_128_-4a29408eab1c9a97,resnet,9953,42,45,1.0714285714285714
tile:xla,train,resnet_v2_50_batch_128_-4b4bbaf15b7fcc81,resnet,1727,42,45,1.0714285714285714
tile:xla,train,resnet_v2_50_batch_128_-4c496803b9720ba9,resnet,2546,45,48,1.0666666666666667
tile:xla,train,resnet_v2_50_batch_128_-4c810b85035153a2,resnet,1547,89,91,1.0224719101123596
tile:xla,train,resnet_v2_50_batch_128_-4e48a1aa8d2bf9fc,resnet,1518,73,80,1.095890410958904
tile:xla,train,resnet_v2_50_batch_128_-4e4d4b088aaf46f5,resnet,9990,42,45,1.0714285714285714
tile:xla,train,resnet_v2_50_batch_128_-52860aa70b8a2b5a,resnet,3642,89,91,1.0224719101123596
tile:xla,train,resnet_v2_50_batch_128_-54b125344291903e,resnet,103,2,1,0.5
tile:xla,train,resnet_v2_50_batch_128_-55c9b2bae7ad948c,resnet,1490,32,31,0.96875
tile:xla,train,resnet_v2_50_batch_128_-56670efcbaa402de,resnet,414,2,1,0.5
tile:xla,train,resnet_v2_50_batch_128_-5826532276b4848a,resnet,590,89,91,1.0224719101123596
tile:xla,train,resnet_v2_50_batch_128_-5ebdbc12edbc3fb4,resnet,103,9,8,0.8888888888888888
tile:xla,train,resnet_v2_50_batch_128_-65f7a68878c3e60e,resnet,888,29,28,0.9655172413793104
tile:xla,train,resnet_v2_50_batch_128_-673cf0efd9d93d8c,resnet,1419,56,56,1.0
tile:xla,train,resnet_v2_50_batch_128_-67bf936091164e8f,resnet,2660,73,80,1.095890410958904
tile:xla,train,resnet_v2_50_batch_128_-69eb61751586a396,resnet,2707,89,91,1.0224719101123596
tile:xla,train,resnet_v2_50_batch_128_-6a06322f2ecc9438,resnet,1589,56,56,1.0
tile:xla,train,resnet_v2_50_batch_128_-6ea69b3f77b18cc8,resnet,3501,58,60,1.0344827586206897
tile:xla,train,resnet_v2_50_batch_128_-70a4a2e2136b1da4,resnet,7741,89,91,1.0224719101123596
tile:xla,train,resnet_v2_50_batch_128_-73062302367bcf77,resnet,1471,89,91,1.0224719101123596
tile:xla,train,resnet_v2_50_batch_128_-76aa3b8e3f9307a,resnet,1770,34,33,0.9705882352941176
tile:xla,train,resnet_v2_50_batch_128_-7cba275668c802d2,resnet,9991,12,11,0.9166666666666666
tile:xla,train,resnet_v2_50_batch_128_-7d7ef3bc7ca3d784,resnet,115,2,1,0.5
tile:xla,train,resnet_v2_50_batch_128_-7ef70e1f323bdf05,resnet,6406,12,11,0.9166666666666666
tile:xla,train,resnet_v2_50_batch_128_-7f7a6a701b3c59c2,resnet,115,9,8,0.8888888888888888
tile:xla,train,resnet_v2_50_batch_128_-816c9a94ffeba54,resnet,9991,42,45,1.0714285714285714
tile:xla,train,resnet_v2_50_batch_128_-8989b2d6a4c95b8,resnet,2580,89,91,1.0224719101123596
tile:xla,train,resnet_v2_50_batch_128_-ab5f66eb138e43b,resnet,9683,73,80,1.095890410958904
tile:xla,train,resnet_v2_50_batch_128_-de4c3cb7f491f1d,resnet,1116,74,77,1.0405405405405406
tile:xla,train,resnet_v2_50_batch_128_-ee07a2daad6b2f8,resnet,2814,58,60,1.0344827586206897
tile:xla,train,resnet_v2_50_batch_128_16e123324c866f17,resnet,3016,42,45,1.0714285714285714
tile:xla,train,resnet_v2_50_batch_128_172e2b6718e17f60,resnet,1499,73,80,1.095890410958904
tile:xla,train,resnet_v2_50_batch_128_18bdcce3f19d2ed9,resnet,3091,45,48,1.0666666666666667
tile:xla,train,resnet_v2_50_batch_128_1a0814d729cdc4ac,resnet,1588,45,48,1.0666666666666667
tile:xla,train,resnet_v2_50_batch_128_1f8c11e6267703bb,resnet,3514,76,83,1.0921052631578947
tile:xla,train,resnet_v2_50_batch_128_20f50518a82ac0e6,resnet,2968,58,60,1.0344827586206897
tile:xla,train,resnet_v2_50_batch_128_2199f6f2bf531236,resnet,2694,73,80,1.095890410958904
tile:xla,train,resnet_v2_50_batch_128_251b9623f37703ed,resnet,862,42,49,1.1666666666666667
tile:xla,train,resnet_v2_50_batch_128_28de76f1a1e7e97a,resnet,164,9,8,0.8888888888888888
tile:xla,train,resnet_v2_50_batch_128_29303752fbd682a4,resnet,871,89,91,1.0224719101123596
tile:xla,train,resnet_v2_50_batch_128_2a98d4031b6b5a89,resnet,5538,42,45,1.0714285714285714
tile:xla,train,resnet_v2_50_batch_128_2b680e15306d9ad5,resnet,2625,76,83,1.0921052631578947
tile:xla,train,resnet_v2_50_batch_128_2e17f9adf41f5fec,resnet,1646,42,49,1.1666666666666667
tile:xla,train,resnet_v2_50_batch_128_2fd3a0a2df276c08,resnet,2824,58,60,1.0344827586206897
tile:xla,train,resnet_v2_50_batch_128_2ffecfec0e202356,resnet,737,73,80,1.095890410958904
tile:xla,train,resnet_v2_50_batch_128_31196fc0b4d585e6,resnet,9770,42,45,1.0714285714285714
tile:xla,train,resnet_v2_50_batch_128_390d98e4e70b5dc8,resnet,6231,42,45,1.0714285714285714
tile:xla,train,resnet_v2_50_batch_128_397c114e37586972,resnet,1530,76,83,1.0921052631578947
tile:xla,train,resnet_v2_50_batch_128_3a4d7c7c73b0e249,resnet,1743,89,91,1.0224719101123596
tile:xla,train,resnet_v2_50_batch_128_3aa0b1e62a1936e7,resnet,3301,42,45,1.0714285714285714
tile:xla,train,resnet_v2_50_batch_128_41d26415d328fcfc,resnet,775,45,48,1.0666666666666667
tile:xla,train,resnet_v2_50_batch_128_420fdc7c4d292e5c,resnet,3040,42,49,1.1666666666666667
tile:xla,train,resnet_v2_50_batch_128_42b23dae7e38904f,resnet,3140,94,104,1.1063829787234043
tile:xla,train,resnet_v2_50_batch_128_4538d248a3c30d2a,resnet,1686,32,31,0.96875
tile:xla,train,resnet_v2_50_batch_128_453e6d5741e03910,resnet,4890,89,91,1.0224719101123596
tile:xla,train,resnet_v2_50_batch_128_4a64eed10584d62,resnet,2902,42,49,1.1666666666666667
tile:xla,train,resnet_v2_50_batch_128_4cfc5293c3f907c2,resnet,6755,36,38,1.0555555555555556
tile:xla,train,resnet_v2_50_batch_128_4faf2a1f00116d,resnet,4028,89,91,1.0224719101123596
tile:xla,train,resnet_v2_50_batch_128_541dfd24ad3f2772,resnet,9997,73,80,1.095890410958904
tile:xla,train,resnet_v2_50_batch_128_560279ec31d3b474,resnet,4588,42,45,1.0714285714285714
tile:xla,train,resnet_v2_50_batch_128_56976667e9a5d31e,resnet,2971,73,80,1.095890410958904
tile:xla,train,resnet_v2_50_batch_128_59122bf9fd955871,resnet,3208,42,49,1.1666666666666667
tile:xla,train,resnet_v2_50_batch_128_5b53c7c67bbd54e0,resnet,164,9,8,0.8888888888888888
tile:xla,train,resnet_v2_50_batch_128_5c7c26500bbcf463,resnet,907,42,45,1.0714285714285714
tile:xla,train,resnet_v2_50_batch_128_5cc2bdf5ce70616,resnet,4196,73,80,1.095890410958904
tile:xla,train,resnet_v2_50_batch_128_5d1095d022a03f85,resnet,3353,42,45,1.0714285714285714
tile:xla,train,resnet_v2_50_batch_128_5daf201a44f3722e,resnet,775,45,48,1.0666666666666667
tile:xla,train,resnet_v2_50_batch_128_606c2f5d25d1b748,resnet,2639,58,60,1.0344827586206897
tile:xla,train,resnet_v2_50_batch_128_65d604c62c7cf81,resnet,5021,89,91,1.0224719101123596
tile:xla,train,resnet_v2_50_batch_128_65d8b03f062fcbfd,resnet,3471,45,48,1.0666666666666667
tile:xla,train,resnet_v2_50_batch_128_66a71351b1d66846,resnet,3326,42,49,1.1666666666666667
tile:xla,train,resnet_v2_50_batch_128_67bd3440e379904c,resnet,9991,73,80,1.095890410958904
tile:xla,train,resnet_v2_50_batch_128_6853c8ce660c24a6,resnet,2011,42,45,1.0714285714285714
tile:xla,train,resnet_v2_50_batch_128_6cf507ea2bfe9fdd,resnet,1686,32,31,0.96875
tile:xla,train,resnet_v2_50_batch_128_7196a7f22a9b45d5,resnet,920,58,60,1.0344827586206897
tile:xla,train,resnet_v2_50_batch_128_741c7536997c5a1b,resnet,9983,73,80,1.095890410958904
tile:xla,train,resnet_v2_50_batch_128_7495f995f6db4014,resnet,2699,58,60,1.0344827586206897
tile:xla,train,resnet_v2_50_batch_128_76a8e1392be8b3fb,resnet,678,89,91,1.0224719101123596
tile:xla,train,resnet_v2_50_batch_128_77fdc194d1c36c3b,resnet,2884,89,91,1.0224719101123596
tile:xla,train,resnet_v2_50_batch_128_799adf8b6f68cf0d,resnet,8831,89,91,1.0224719101123596
tile:xla,train,resnet_v2_50_batch_128_7cdd813fd55ef1d,resnet,9991,12,11,0.9166666666666666
tile:xla,train,resnet_v2_50_batch_128_7fd434f1e4cf331e,resnet,4373,42,45,1.0714285714285714
tile:xla,train,resnet_v2_50_batch_128_af4594203c48c55,resnet,3055,34,33,0.9705882352941176
tile:xla,train,resnet_v2_50_batch_128_b0bdf8beda18db,resnet,1083,34,33,0.9705882352941176
tile:xla,train,resnet_v2_50_batch_128_cf4e1ac5e1a7c0e,resnet,1738,58,60,1.0344827586206897
tile:xla,train,resnet_v2_50_batch_128_e41c3404fe55560,resnet,1612,32,31,0.96875
tile:xla,train,resnet_v2_50_batch_16_-125743b9bce246fe,resnet,724,42,49,1.1666666666666667
tile:xla,train,resnet_v2_50_batch_16_-13be3a32686a3e83,resnet,895,58,60,1.0344827586206897
tile:xla,train,resnet_v2_50_batch_16_-1971fed0ecde69f3,resnet,492,32,31,0.96875
tile:xla,train,resnet_v2_50_batch_16_-19ab98ff3e67a950,resnet,725,58,60,1.0344827586206897
tile:xla,train,resnet_v2_50_batch_16_-1af361df5f054687,resnet,3402,89,91,1.0224719101123596
tile:xla,train,resnet_v2_50_batch_16_-207bffe3594a1720,resnet,706,56,56,1.0
tile:xla,train,resnet_v2_50_batch_16_-21d035a64219c9e2,resnet,890,110,115,1.0454545454545454
tile:xla,train,resnet_v2_50_batch_16_-2525512c8a731613,resnet,962,45,48,1.0666666666666667
tile:xla,train,resnet_v2_50_batch_16_-25b64e997ec22d6b,resnet,415,9,8,0.8888888888888888
tile:xla,train,resnet_v2_50_batch_16_-2601a7b447cc879e,resnet,3300,42,45,1.0714285714285714
tile:xla,train,resnet_v2_50_batch_16_-299fcd6df0444306,resnet,975,42,49,1.1666666666666667
tile:xla,train,resnet_v2_50_batch_16_-2a0ebbaa5dac7af9,resnet,1036,45,48,1.0666666666666667
tile:xla,train,resnet_v2_50_batch_16_-2fe06c80084bec4b,resnet,3089,89,91,1.0224719101123596
tile:xla,train,resnet_v2_50_batch_16_-352e4291c945ab7f,resnet,5335,12,11,0.9166666666666666
tile:xla,train,resnet_v2_50_batch_16_-3826bda5cc0b0cfc,resnet,78,24,24,1.0
tile:xla,train,resnet_v2_50_batch_16_-382ad184342a5697,resnet,1683,42,45,1.0714285714285714
tile:xla,train,resnet_v2_50_batch_16_-3950728860a7bd22,resnet,1046,94,104,1.1063829787234043
tile:xla,train,resnet_v2_50_batch_16_-3b6267e03dcc6371,resnet,696,45,48,1.0666666666666667
tile:xla,train,resnet_v2_50_batch_16_-418034b0c88e53f,resnet,8334,73,80,1.095890410958904
tile:xla,train,resnet_v2_50_batch_16_-428d9f95ea1e062f,resnet,3022,73,80,1.095890410958904
tile:xla,train,resnet_v2_50_batch_16_-4361c16791d8931b,resnet,753,12,11,0.9166666666666666
tile:xla,train,resnet_v2_50_batch_16_-4653205089659a77,resnet,1029,73,80,1.095890410958904
tile:xla,train,resnet_v2_50_batch_16_-4979fd210f27c3f7,resnet,558,89,91,1.0224719101123596
tile:xla,train,resnet_v2_50_batch_16_-4e3d05ea4a390b6f,resnet,641,76,83,1.0921052631578947
tile:xla,train,resnet_v2_50_batch_16_-513ea5c382d76116,resnet,9986,73,80,1.095890410958904
tile:xla,train,resnet_v2_50_batch_16_-5854336f5f0d59a3,resnet,1786,42,45,1.0714285714285714
tile:xla,train,resnet_v2_50_batch_16_-5df46aa8b3eb193b,resnet,738,34,33,0.9705882352941176
tile:xla,train,resnet_v2_50_batch_16_-5ebdbc12edbc3fb4,resnet,103,9,8,0.8888888888888888
tile:xla,train,resnet_v2_50_batch_16_-6268c002e107dad5,resnet,1049,42,49,1.1666666666666667
tile:xla,train,resnet_v2_50_batch_16_-62b0c851b6a24a49,resnet,584,32,31,0.96875
tile:xla,train,resnet_v2_50_batch_16_-64de12d9aef2869,resnet,1044,76,83,1.0921052631578947
tile:xla,train,resnet_v2_50_batch_16_-672bc92793a9ea63,resnet,1262,58,60,1.0344827586206897
tile:xla,train,resnet_v2_50_batch_16_-692d3f356c2d54e9,resnet,977,58,60,1.0344827586206897
tile:xla,train,resnet_v2_50_batch_16_-6bf8d8d4bc25ceb0,resnet,568,56,56,1.0
tile:xla,train,resnet_v2_50_batch_16_-71c212a23fbb6e81,resnet,1050,42,45,1.0714285714285714
tile:xla,train,resnet_v2_50_batch_16_-737c2b1c80b15f54,resnet,483,56,56,1.0
tile:xla,train,resnet_v2_50_batch_16_-77ce5ad8470465e,resnet,2553,12,11,0.9166666666666666
tile:xla,train,resnet_v2_50_batch_16_-7b2849478dba58a9,resnet,570,89,91,1.0224719101123596
tile:xla,train,resnet_v2_50_batch_16_-7c4a37c724f8d3b8,resnet,706,58,60,1.0344827586206897
tile:xla,train,resnet_v2_50_batch_16_-7ef44384b7c5a62c,resnet,1350,76,83,1.0921052631578947
tile:xla,train,resnet_v2_50_batch_16_-7f7a6a701b3c59c2,resnet,115,9,8,0.8888888888888888
tile:xla,train,resnet_v2_50_batch_16_-7ffb3be83ba90507,resnet,727,42,45,1.0714285714285714
tile:xla,train,resnet_v2_50_batch_16_-8fd98d975b496df,resnet,560,73,80,1.095890410958904
tile:xla,train,resnet_v2_50_batch_16_-bd118e4b0bbf945,resnet,581,58,60,1.0344827586206897
tile:xla,train,resnet_v2_50_batch_16_-c14f0da40ff328f,resnet,951,73,80,1.095890410958904
tile:xla,train,resnet_v2_50_batch_16_-cfa3ed9497def37,resnet,686,89,91,1.0224719101123596
tile:xla,train,resnet_v2_50_batch_16_-d1b4f12070293b,resnet,64,38,40,1.0526315789473684
tile:xla,train,resnet_v2_50_batch_16_-ff939bce438f09a,resnet,980,34,33,0.9705882352941176
tile:xla,train,resnet_v2_50_batch_16_105f22229cbc5966,resnet,1367,89,91,1.0224719101123596
tile:xla,train,resnet_v2_50_batch_16_191242d5cb71ecb8,resnet,1313,58,60,1.0344827586206897
tile:xla,train,resnet_v2_50_batch_16_19cb171813475fed,resnet,579,42,49,1.1666666666666667
tile:xla,train,resnet_v2_50_batch_16_1aea765ff05e14e5,resnet,1056,42,49,1.1666666666666667
tile:xla,train,resnet_v2_50_batch_16_1c27d128bf28152e,resnet,3799,73,80,1.095890410958904
tile:xla,train,resnet_v2_50_batch_16_23ba1e12214d7486,resnet,3423,42,45,1.0714285714285714
tile:xla,train,resnet_v2_50_batch_16_273895010ba9edff,resnet,3774,42,45,1.0714285714285714
tile:xla,train,resnet_v2_50_batch_16_28dc5fbdc320943d,resnet,957,89,91,1.0224719101123596
tile:xla,train,resnet_v2_50_batch_16_28de76f1a1e7e97a,resnet,164,9,8,0.8888888888888888
tile:xla,train,resnet_v2_50_batch_16_2ad94bd68cca442b,resnet,593,34,33,0.9705882352941176
tile:xla,train,resnet_v2_50_batch_16_2b30735409c8c7f8,resnet,1452,42,45,1.0714285714285714
tile:xla,train,resnet_v2_50_batch_16_2d279f1938a52db8,resnet,3169,89,91,1.0224719101123596
tile:xla,train,resnet_v2_50_batch_16_2d7f3c00eef78389,resnet,574,45,48,1.0666666666666667
tile:xla,train,resnet_v2_50_batch_16_2e6f415fd264ac89,resnet,706,42,49,1.1666666666666667
tile:xla,train,resnet_v2_50_batch_16_348bd4014c39ed8e,resnet,3868,42,45,1.0714285714285714
tile:xla,train,resnet_v2_50_batch_16_3bae7a87c4118aa7,resnet,1607,89,91,1.0224719101123596
tile:xla,train,resnet_v2_50_batch_16_3de25f57aad73d5d,resnet,584,32,31,0.96875
tile:xla,train,resnet_v2_50_batch_16_3f8b2066f7b60d12,resnet,668,73,80,1.095890410958904
tile:xla,train,resnet_v2_50_batch_16_4229f1dd6d65685e,resnet,949,73,80,1.095890410958904
tile:xla,train,resnet_v2_50_batch_16_431db3bcc015c2dd,resnet,3486,73,80,1.095890410958904
tile:xla,train,resnet_v2_50_batch_16_43c5d334774ffed3,resnet,360,34,40,1.1764705882352942
tile:xla,train,resnet_v2_50_batch_16_465db4f491bed54a,resnet,3545,12,11,0.9166666666666666
tile:xla,train,resnet_v2_50_batch_16_47ffb1dd7fcbe63,resnet,1103,89,91,1.0224719101123596
tile:xla,train,resnet_v2_50_batch_16_4914eb41d453046b,resnet,1737,73,80,1.095890410958904
tile:xla,train,resnet_v2_50_batch_16_4ac7ed9af25bb307,resnet,982,42,49,1.1666666666666667
tile:xla,train,resnet_v2_50_batch_16_4d20972f68894e9,resnet,564,73,80,1.095890410958904
tile:xla,train,resnet_v2_50_batch_16_53de6ea33997e41a,resnet,1565,45,48,1.0666666666666667
tile:xla,train,resnet_v2_50_batch_16_58bf87b61b432b89,resnet,734,42,45,1.0714285714285714
tile:xla,train,resnet_v2_50_batch_16_59079e6d3be9067a,resnet,674,89,91,1.0224719101123596
tile:xla,train,resnet_v2_50_batch_16_5a3b6167e04ce191,resnet,963,58,60,1.0344827586206897
tile:xla,train,resnet_v2_50_batch_16_5b53c7c67bbd54e0,resnet,164,9,8,0.8888888888888888
tile:xla,train,resnet_v2_50_batch_16_5c40e25533a7f2a8,resnet,3036,89,91,1.0224719101123596
tile:xla,train,resnet_v2_50_batch_16_5df72f5f16ecf0d,resnet,886,89,91,1.0224719101123596
tile:xla,train,resnet_v2_50_batch_16_5e4194844131bd75,resnet,360,26,26,1.0
tile:xla,train,resnet_v2_50_batch_16_5fda0bd48f7ff7ec,resnet,730,32,31,0.96875
tile:xla,train,resnet_v2_50_batch_16_5ff9eb7796259617,resnet,1335,45,48,1.0666666666666667
tile:xla,train,resnet_v2_50_batch_16_609e01beafbeabf9,resnet,339,76,83,1.0921052631578947
tile:xla,train,resnet_v2_50_batch_16_633bf18cbe64ea93,resnet,587,42,45,1.0714285714285714
tile:xla,train,resnet_v2_50_batch_16_634fe59b000c1b22,resnet,589,58,60,1.0344827586206897
tile:xla,train,resnet_v2_50_batch_16_66c786f44b7dd67c,resnet,674,73,80,1.095890410958904
tile:xla,train,resnet_v2_50_batch_16_6898dd18f2f66e04,resnet,398,11,13,1.1818181818181819
tile:xla,train,resnet_v2_50_batch_16_696d7caccbd204ec,resnet,937,89,91,1.0224719101123596
tile:xla,train,resnet_v2_50_batch_16_698f9207ba5027b3,resnet,9532,36,38,1.0555555555555556
tile:xla,train,resnet_v2_50_batch_16_6b326fdb721cec3f,resnet,589,42,49,1.1666666666666667
tile:xla,train,resnet_v2_50_batch_16_6cd6a47cab208f5b,resnet,381,42,45,1.0714285714285714
tile:xla,train,resnet_v2_50_batch_16_6d88d6e8f56a0e81,resnet,8269,12,11,0.9166666666666666
tile:xla,train,resnet_v2_50_batch_16_6df921db28629e75,resnet,359,32,31,0.96875
tile:xla,train,resnet_v2_50_batch_16_6f14eff75c4b8ced,resnet,359,74,77,1.0405405405405406
tile:xla,train,resnet_v2_50_batch_16_6f391f03d51a11fe,resnet,357,89,91,1.0224719101123596
tile:xla,train,resnet_v2_50_batch_16_6fa9a46bc1ab967c,resnet,1021,45,48,1.0666666666666667
tile:xla,train,resnet_v2_50_batch_16_71c0b1a1c96c582,resnet,686,89,91,1.0224719101123596
tile:xla,train,resnet_v2_50_batch_16_736801dc74618731,resnet,1743,89,91,1.0224719101123596
tile:xla,train,resnet_v2_50_batch_16_75b5e2aef744fc83,resnet,492,32,31,0.96875
tile:xla,train,resnet_v2_50_batch_16_75d216330d29014b,resnet,3680,73,80,1.095890410958904
tile:xla,train,resnet_v2_50_batch_16_776d7f0b9b55934f,resnet,389,29,28,0.9655172413793104
tile:xla,train,resnet_v2_50_batch_16_78d8a0f2417b8f3f,resnet,1056,34,33,0.9705882352941176
tile:xla,train,resnet_v2_50_batch_16_7b3bae71b4985a3b,resnet,696,45,48,1.0666666666666667
tile:xla,train,resnet_v2_50_batch_16_7dc5efcac0c5ef14,resnet,1036,58,60,1.0344827586206897
tile:xla,train,resnet_v2_50_batch_16_90d9f8c69d0c12c,resnet,22,2,1,0.5
tile:xla,train,resnet_v2_50_batch_16_928108a4602fcb2,resnet,900,58,60,1.0344827586206897
tile:xla,train,resnet_v2_50_batch_16_938a4682ce9a4c4,resnet,2891,89,91,1.0224719101123596
tile:xla,train,resnet_v2_50_batch_16_dbf7a3b215e35f0,resnet,3536,42,45,1.0714285714285714
tile:xla,train,resnet_v2_50_batch_16_df382e08550f5df,resnet,1156,42,45,1.0714285714285714
tile:xla,train,resnet_v2_50_batch_16_fede7861927e757,resnet,78,15,14,0.9333333333333333
tile:xla,train,retinanet.2x2.fp32_-100f1e27fe4cf3bd,retinanet,4562,46,49,1.065217391304348
tile:xla,train,retinanet.2x2.fp32_-129d6365585768e1,retinanet,658,89,91,1.0224719101123596
tile:xla,train,retinanet.2x2.fp32_-12b4d369f8d15c8f,retinanet,463,46,49,1.065217391304348
tile:xla,train,retinanet.2x2.fp32_-14cb8f413c669e46,retinanet,609,83,89,1.072289156626506
tile:xla,train,retinanet.2x2.fp32_-15e99d5acae37e8f,retinanet,683,12,11,0.9166666666666666
tile:xla,train,retinanet.2x2.fp32_-1aa83ccfce6e442e,retinanet,4546,25,28,1.12
tile:xla,train,retinanet.2x2.fp32_-1cbf235309126894,retinanet,965,21,24,1.1428571428571428
tile:xla,train,retinanet.2x2.fp32_-1ed6ac3fb11e9f5a,retinanet,380,65,67,1.0307692307692307
tile:xla,train,retinanet.2x2.fp32_-2078d3abdb9a7a12,retinanet,388,21,24,1.1428571428571428
tile:xla,train,retinanet.2x2.fp32_-2356e691d0b08105,retinanet,7981,31,34,1.096774193548387
tile:xla,train,retinanet.2x2.fp32_-23e04811d4faf70d,retinanet,8994,36,35,0.9722222222222222
tile:xla,train,retinanet.2x2.fp32_-244bff0443d2fc01,retinanet,965,21,24,1.1428571428571428
tile:xla,train,retinanet.2x2.fp32_-261c1973f496c578,retinanet,2828,36,35,0.9722222222222222
tile:xla,train,retinanet.2x2.fp32_-2810a8cc771d46e4,retinanet,226,45,44,0.9777777777777777
tile:xla,train,retinanet.2x2.fp32_-29d50e1d5073220,retinanet,926,65,67,1.0307692307692307
tile:xla,train,retinanet.2x2.fp32_-2abc49f6a25b9600,retinanet,1036,83,89,1.072289156626506
tile:xla,train,retinanet.2x2.fp32_-2baa4e89cd5bf2e8,retinanet,421,49,55,1.1224489795918366
tile:xla,train,retinanet.2x2.fp32_-2d43efc4d3411bc1,retinanet,4,2,1,0.5
tile:xla,train,retinanet.2x2.fp32_-2d546e67efdf63de,retinanet,388,65,67,1.0307692307692307
tile:xla,train,retinanet.2x2.fp32_-2f2041ac70c6b244,retinanet,4,2,1,0.5
tile:xla,train,retinanet.2x2.fp32_-2fb697819be66c8f,retinanet,965,45,48,1.0666666666666667
tile:xla,train,retinanet.2x2.fp32_-308d824e29eea7d5,retinanet,4090,80,86,1.075
tile:xla,train,retinanet.2x2.fp32_-33b9a436563b1fbd,retinanet,65,52,66,1.2692307692307692
tile:xla,train,retinanet.2x2.fp32_-33e07baa50d93d64,retinanet,1401,21,24,1.1428571428571428
tile:xla,train,retinanet.2x2.fp32_-3400fb95fdfbdd4b,retinanet,4,2,1,0.5
tile:xla,train,retinanet.2x2.fp32_-342c949e14733d96,retinanet,2,2,1,0.5
tile:xla,train,retinanet.2x2.fp32_-3610943d19006af3,retinanet,4562,12,11,0.9166666666666666
tile:xla,train,retinanet.2x2.fp32_-40294c2fc92f7491,retinanet,8339,31,33,1.064516129032258
tile:xla,train,retinanet.2x2.fp32_-41bdf8d7ab569d84,retinanet,323,46,52,1.1304347826086956
tile:xla,train,retinanet.2x2.fp32_-431a58cc30e72ec6,retinanet,1076,31,33,1.064516129032258
tile:xla,train,retinanet.2x2.fp32_-435759a97200a20,retinanet,3580,49,48,0.9795918367346939
tile:xla,train,retinanet.2x2.fp32_-4545ec997ef148e4,retinanet,634,45,44,0.9777777777777777
tile:xla,train,retinanet.2x2.fp32_-45c7d4801d799d56,retinanet,637,125,168,1.344
tile:xla,train,retinanet.2x2.fp32_-465f1ea891af1320,retinanet,4379,45,48,1.0666666666666667
tile:xla,train,retinanet.2x2.fp32_-4660f8970aba64a7,retinanet,918,46,45,0.9782608695652174
tile:xla,train,retinanet.2x2.fp32_-46cac9999401b42e,retinanet,1990,45,48,1.0666666666666667
tile:xla,train,retinanet.2x2.fp32_-498bf58ceef73319,retinanet,37,7,6,0.8571428571428571
tile:xla,train,retinanet.2x2.fp32_-498da473591fc92c,retinanet,737,45,44,0.9777777777777777
tile:xla,train,retinanet.2x2.fp32_-4a063d0a76ea88e,retinanet,8995,82,85,1.0365853658536586
tile:xla,train,retinanet.2x2.fp32_-4a5cf2a725ce231c,retinanet,630,71,75,1.056338028169014
tile:xla,train,retinanet.2x2.fp32_-4abe079c41fa17a8,retinanet,8889,80,86,1.075
tile:xla,train,retinanet.2x2.fp32_-4ba61e2f7ad9a624,retinanet,1556,65,67,1.0307692307692307
tile:xla,train,retinanet.2x2.fp32_-4ba7bf6b07056c1d,retinanet,462,31,33,1.064516129032258
tile:xla,train,retinanet.2x2.fp32_-4c3d09c26ffdadd8,retinanet,3767,49,48,0.9795918367346939
tile:xla,train,retinanet.2x2.fp32_-4e42b56735de808a,retinanet,16,14,13,0.9285714285714286
tile:xla,train,retinanet.2x2.fp32_-4e825b910a64b27e,retinanet,8407,25,28,1.12
tile:xla,train,retinanet.2x2.fp32_-4fd77fabd042d70,retinanet,146,38,47,1.236842105263158
tile:xla,train,retinanet.2x2.fp32_-51ce742d94a933bf,retinanet,371,89,91,1.0224719101123596
tile:xla,train,retinanet.2x2.fp32_-524d014a8a625358,retinanet,2127,80,86,1.075
tile:xla,train,retinanet.2x2.fp32_-53c869889f25a56d,retinanet,588,71,75,1.056338028169014
tile:xla,train,retinanet.2x2.fp32_-575619a9eb9d7d7f,retinanet,171,59,61,1.0338983050847457
tile:xla,train,retinanet.2x2.fp32_-58996a409dc3ab8e,retinanet,461,31,34,1.096774193548387
tile:xla,train,retinanet.2x2.fp32_-58c407f935ca4bf1,retinanet,676,80,86,1.075
tile:xla,train,retinanet.2x2.fp32_-59817ac65c9f8ea3,retinanet,770,36,35,0.9722222222222222
tile:xla,train,retinanet.2x2.fp32_-59dad15394917f36,retinanet,410,31,33,1.064516129032258
tile:xla,train,retinanet.2x2.fp32_-5a30d365c11a0231,retinanet,7995,21,24,1.1428571428571428
tile:xla,train,retinanet.2x2.fp32_-5b953aad118ef3ff,retinanet,1945,89,91,1.0224719101123596
tile:xla,train,retinanet.2x2.fp32_-5da48c3c3ee27bf8,retinanet,5060,80,86,1.075
tile:xla,train,retinanet.2x2.fp32_-5dee22002dc65750,retinanet,2175,89,91,1.0224719101123596
tile:xla,train,retinanet.2x2.fp32_-5e61b48715034358,retinanet,783,83,89,1.072289156626506
tile:xla,train,retinanet.2x2.fp32_-5ea2d326309ade17,retinanet,4074,45,48,1.0666666666666667
tile:xla,train,retinanet.2x2.fp32_-5f1203c77b54fa6,retinanet,8412,18,18,1.0
tile:xla,train,retinanet.2x2.fp32_-623e0a3cda8aa77c,retinanet,4414,66,66,1.0
tile:xla,train,retinanet.2x2.fp32_-63e4f729015d62b7,retinanet,410,21,24,1.1428571428571428
tile:xla,train,retinanet.2x2.fp32_-649fc4b2623178f0,retinanet,737,27,26,0.9629629629629629
tile:xla,train,retinanet.2x2.fp32_-64bc676a59b08e07,retinanet,4177,45,48,1.0666666666666667
tile:xla,train,retinanet.2x2.fp32_-6667502c526d7594,retinanet,759,66,72,1.0909090909090908
tile:xla,train,retinanet.2x2.fp32_-671889b29a9bfc64,retinanet,4439,31,34,1.096774193548387
tile:xla,train,retinanet.2x2.fp32_-6817b374d3cb5499,retinanet,386,45,48,1.0666666666666667
tile:xla,train,retinanet.2x2.fp32_-6915285bde13866e,retinanet,1333,23,22,0.9565217391304348
tile:xla,train,retinanet.2x2.fp32_-6be5247fe04cfcc5,retinanet,404,65,67,1.0307692307692307
tile:xla,train,retinanet.2x2.fp32_-6e5e139fe99b2895,retinanet,3835,89,91,1.0224719101123596
tile:xla,train,retinanet.2x2.fp32_-6f5dc5bf4c00ec37,retinanet,4133,89,91,1.0224719101123596
tile:xla,train,retinanet.2x2.fp32_-6fda814ff8ee06e1,retinanet,991,37,42,1.135135135135135
tile:xla,train,retinanet.2x2.fp32_-71a01823eebe5542,retinanet,4272,46,52,1.1304347826086956
tile:xla,train,retinanet.2x2.fp32_-71fca22a604fcc5b,retinanet,1672,46,52,1.1304347826086956
tile:xla,train,retinanet.2x2.fp32_-72c84cf6e5e2d028,retinanet,892,80,86,1.075
tile:xla,train,retinanet.2x2.fp32_-75cbfa9e9c4cb97c,retinanet,623,53,67,1.2641509433962264
tile:xla,train,retinanet.2x2.fp32_-75f984bc371ff108,retinanet,965,21,24,1.1428571428571428
tile:xla,train,retinanet.2x2.fp32_-76a5dc018f950db6,retinanet,1390,12,11,0.9166666666666666
tile:xla,train,retinanet.2x2.fp32_-7773adbc8d5ab50d,retinanet,4,2,1,0.5
tile:xla,train,retinanet.2x2.fp32_-793e5057301b5163,retinanet,4660,125,168,1.344
tile:xla,train,retinanet.2x2.fp32_-7da622071a9ee20f,retinanet,8451,12,11,0.9166666666666666
tile:xla,train,retinanet.2x2.fp32_-84edb2c2b80efe3,retinanet,463,36,35,0.9722222222222222
tile:xla,train,retinanet.2x2.fp32_-8626e58ae4f031a,retinanet,4479,21,21,1.0
tile:xla,train,retinanet.2x2.fp32_-9a340ebf9246d33,retinanet,482,65,67,1.0307692307692307
tile:xla,train,retinanet.2x2.fp32_-a56b51706629b53,retinanet,510,38,38,1.0
tile:xla,train,retinanet.2x2.fp32_100c1d1e6b70b983,retinanet,324,36,35,0.9722222222222222
tile:xla,train,retinanet.2x2.fp32_12c97fddb75897db,retinanet,8451,49,52,1.0612244897959184
tile:xla,train,retinanet.2x2.fp32_13f9ce79cbee1f79,retinanet,37,11,11,1.0
tile:xla,train,retinanet.2x2.fp32_13ff38492fa4736b,retinanet,462,25,28,1.12
tile:xla,train,retinanet.2x2.fp32_15745df61ebc2ccb,retinanet,4416,80,86,1.075
tile:xla,train,retinanet.2x2.fp32_15c8ed14770f4c5e,retinanet,1024,27,26,0.9629629629629629
tile:xla,train,retinanet.2x2.fp32_166a358b5dd95af1,retinanet,373,80,86,1.075
tile:xla,train,retinanet.2x2.fp32_17fcfd9489880dd2,retinanet,4089,89,91,1.0224719101123596
tile:xla,train,retinanet.2x2.fp32_18860cf40b97ce10,retinanet,7658,127,170,1.3385826771653544
tile:xla,train,retinanet.2x2.fp32_19a761dec14c9d1,retinanet,4495,46,52,1.1304347826086956
tile:xla,train,retinanet.2x2.fp32_1bf4d5018956784d,retinanet,716,45,48,1.0666666666666667
tile:xla,train,retinanet.2x2.fp32_1eb99ea87961f8fe,retinanet,472,49,48,0.9795918367346939
tile:xla,train,retinanet.2x2.fp32_1f4f47ce4e8c36d1,retinanet,8921,46,52,1.1304347826086956
tile:xla,train,retinanet.2x2.fp32_20357ec1357a420c,retinanet,180,27,26,0.9629629629629629
tile:xla,train,retinanet.2x2.fp32_206fbf9ce0644826,retinanet,509,46,52,1.1304347826086956
tile:xla,train,retinanet.2x2.fp32_20cac2c059ad74c4,retinanet,1390,21,24,1.1428571428571428
tile:xla,train,retinanet.2x2.fp32_223cea8595cca2a0,retinanet,1674,21,24,1.1428571428571428
tile:xla,train,retinanet.2x2.fp32_2421cff57e209daa,retinanet,401,23,22,0.9565217391304348
tile:xla,train,retinanet.2x2.fp32_2440d9b720af0abe,retinanet,918,89,91,1.0224719101123596
tile:xla,train,retinanet.2x2.fp32_25930f4b56598218,retinanet,8995,125,168,1.344
tile:xla,train,retinanet.2x2.fp32_2825fb51b5fecb45,retinanet,4546,45,48,1.0666666666666667
tile:xla,train,retinanet.2x2.fp32_28e5a2d7cccbacdb,retinanet,8451,46,49,1.065217391304348
tile:xla,train,retinanet.2x2.fp32_28ef0a48b0c01f99,retinanet,462,21,21,1.0
tile:xla,train,retinanet.2x2.fp32_2972789e890343e8,retinanet,1619,21,24,1.1428571428571428
tile:xla,train,retinanet.2x2.fp32_297bb89458ee367f,retinanet,8994,36,35,0.9722222222222222
tile:xla,train,retinanet.2x2.fp32_2b5b06e1e21064f4,retinanet,1350,65,67,1.0307692307692307
tile:xla,train,retinanet.2x2.fp32_2c384f7789a08bb8,retinanet,232,66,66,1.0
tile:xla,train,retinanet.2x2.fp32_2e0854ba67714e61,retinanet,4,2,1,0.5
tile:xla,train,retinanet.2x2.fp32_31749029e5c524f,retinanet,571,12,11,0.9166666666666666
tile:xla,train,retinanet.2x2.fp32_35eda8077645ba03,retinanet,1556,65,67,1.0307692307692307
tile:xla,train,retinanet.2x2.fp32_39cbb61ebeb5019e,retinanet,4,2,1,0.5
tile:xla,train,retinanet.2x2.fp32_3c177f3920081c95,retinanet,1074,83,89,1.072289156626506
tile:xla,train,retinanet.2x2.fp32_3c87e3596a1a8512,retinanet,819,71,75,1.056338028169014
tile:xla,train,retinanet.2x2.fp32_3caebcc57f6beb18,retinanet,1212,71,75,1.056338028169014
tile:xla,train,retinanet.2x2.fp32_41366dde14637028,retinanet,4234,89,91,1.0224719101123596
tile:xla,train,retinanet.2x2.fp32_4261cfe6672bc059,retinanet,682,89,91,1.0224719101123596
tile:xla,train,retinanet.2x2.fp32_431c43a451a56940,retinanet,8201,46,52,1.1304347826086956
tile:xla,train,retinanet.2x2.fp32_4350cf0b493e49c4,retinanet,817,71,75,1.056338028169014
tile:xla,train,retinanet.2x2.fp32_4600b806867c59fb,retinanet,172,44,43,0.9772727272727273
tile:xla,train,retinanet.2x2.fp32_4613d871c9dc6f01,retinanet,1164,65,67,1.0307692307692307
tile:xla,train,retinanet.2x2.fp32_477eba67db106058,retinanet,502,21,24,1.1428571428571428
tile:xla,train,retinanet.2x2.fp32_4d50ce0a1b015a1b,retinanet,4190,66,72,1.0909090909090908
tile:xla,train,retinanet.2x2.fp32_4ddb629c463c761e,retinanet,4562,49,52,1.0612244897959184
tile:xla,train,retinanet.2x2.fp32_4e81439e41b10bd2,retinanet,15,38,47,1.236842105263158
tile:xla,train,retinanet.2x2.fp32_5045ab5a5565be70,retinanet,41,14,13,0.9285714285714286
tile:xla,train,retinanet.2x2.fp32_513d510c85e433ac,retinanet,926,65,67,1.0307692307692307
tile:xla,train,retinanet.2x2.fp32_5188bda4d7a74d03,retinanet,4461,89,91,1.0224719101123596
tile:xla,train,retinanet.2x2.fp32_573ad3408f2497b0,retinanet,991,24,23,0.9583333333333334
tile:xla,train,retinanet.2x2.fp32_5759e1d8baf951bb,retinanet,463,49,52,1.0612244897959184
tile:xla,train,retinanet.2x2.fp32_58a8d76a24db11d7,retinanet,1606,71,75,1.056338028169014
tile:xla,train,retinanet.2x2.fp32_59bdb5c9530eaedf,retinanet,1538,65,67,1.0307692307692307
tile:xla,train,retinanet.2x2.fp32_59f2447d1c99b995,retinanet,463,12,11,0.9166666666666666
tile:xla,train,retinanet.2x2.fp32_59f8865d1ee7bfd1,retinanet,683,45,48,1.0666666666666667
tile:xla,train,retinanet.2x2.fp32_5b71bb550e1dfce3,retinanet,4,2,1,0.5
tile:xla,train,retinanet.2x2.fp32_5c23ddf302db325c,retinanet,918,65,67,1.0307692307692307
tile:xla,train,retinanet.2x2.fp32_5c442e2f4486b60b,retinanet,355,63,63,1.0
tile:xla,train,retinanet.2x2.fp32_603a6360f98293f9,retinanet,477,21,24,1.1428571428571428
tile:xla,train,retinanet.2x2.fp32_627737ed2b4a216b,retinanet,59,38,38,1.0
tile:xla,train,retinanet.2x2.fp32_63973b42658e6f4c,retinanet,3292,46,45,0.9782608695652174
tile:xla,train,retinanet.2x2.fp32_668114da02885db6,retinanet,8451,36,35,0.9722222222222222
tile:xla,train,retinanet.2x2.fp32_689fb9a1f095d50c,retinanet,4351,36,35,0.9722222222222222
tile:xla,train,retinanet.2x2.fp32_6c60e1d4fa01b98b,retinanet,634,27,26,0.9629629629629629
tile:xla,train,retinanet.2x2.fp32_6d60291711b8cfe6,retinanet,653,80,86,1.075
tile:xla,train,retinanet.2x2.fp32_6e1a123103325986,retinanet,8451,33,32,0.9696969696969697
tile:xla,train,retinanet.2x2.fp32_6ed3f890319c5e35,retinanet,4414,63,63,1.0
tile:xla,train,retinanet.2x2.fp32_71748b1e5efcac27,retinanet,462,46,52,1.1304347826086956
tile:xla,train,retinanet.2x2.fp32_7606fbd5a7cee94b,retinanet,1024,45,44,0.9777777777777777
tile:xla,train,retinanet.2x2.fp32_765fe47f0d1e34f6,retinanet,4237,80,86,1.075
tile:xla,train,retinanet.2x2.fp32_76df73d777fa0880,retinanet,1225,21,24,1.1428571428571428
tile:xla,train,retinanet.2x2.fp32_7743f9fd6661d5cf,retinanet,2222,45,48,1.0666666666666667
tile:xla,train,retinanet.2x2.fp32_789f25d9d863c57e,retinanet,52,12,11,0.9166666666666666
tile:xla,train,retinanet.2x2.fp32_7a891cc967e8db3f,retinanet,4366,45,48,1.0666666666666667
tile:xla,train,retinanet.2x2.fp32_7acd36f9eb71f842,retinanet,1174,52,66,1.2692307692307692
tile:xla,train,retinanet.2x2.fp32_7cb4f2da2b6accc8,retinanet,1110,71,75,1.056338028169014
tile:xla,train,retinanet.2x2.fp32_7d064c606fa7f20d,retinanet,463,33,32,0.9696969696969697
tile:xla,train,retinanet.2x2.fp32_7eeed176588b8b42,retinanet,8966,80,86,1.075
tile:xla,train,retinanet.2x2.fp32_bce7e02ccd0035f,retinanet,4524,31,33,1.064516129032258
tile:xla,train,retinanet.2x2.fp32_d22926b3346755,retinanet,8906,46,52,1.1304347826086956
tile:xla,train,retinanet.2x2.fp32_df95d2df66986db,retinanet,4,2,1,0.5
tile:xla,train,retinanet.4x4.bf16.performance_-100f1e27fe4cf3bd,retinanet,1014,46,49,1.065217391304348
tile:xla,train,retinanet.4x4.bf16.performance_-10b54cb8cda052d,retinanet,16,2,1,0.5
tile:xla,train,retinanet.4x4.bf16.performance_-1238e8d49aa7320d,retinanet,9783,46,52,1.1304347826086956
tile:xla,train,retinanet.4x4.bf16.performance_-14cb8f413c669e46,retinanet,677,83,89,1.072289156626506
tile:xla,train,retinanet.4x4.bf16.performance_-1522a11075086e08,retinanet,1020,53,52,0.9811320754716981
tile:xla,train,retinanet.4x4.bf16.performance_-16eba09aa0751dfd,retinanet,9993,40,39,0.975
tile:xla,train,retinanet.4x4.bf16.performance_-1aa83ccfce6e442e,retinanet,5052,25,28,1.12
tile:xla,train,retinanet.4x4.bf16.performance_-1cbf235309126894,retinanet,1073,21,24,1.1428571428571428
tile:xla,train,retinanet.4x4.bf16.performance_-239952f9f61658e6,retinanet,9995,75,77,1.0266666666666666
tile:xla,train,retinanet.4x4.bf16.performance_-244bff0443d2fc01,retinanet,1073,21,24,1.1428571428571428
tile:xla,train,retinanet.4x4.bf16.performance_-2abc49f6a25b9600,retinanet,806,83,89,1.072289156626506
tile:xla,train,retinanet.4x4.bf16.performance_-2e5df3ec7a69f6fa,retinanet,4905,59,58,0.9830508474576272
tile:xla,train,retinanet.4x4.bf16.performance_-2fb697819be66c8f,retinanet,1073,45,48,1.0666666666666667
tile:xla,train,retinanet.4x4.bf16.performance_-2fc8cdc8a905d158,retinanet,16,2,1,0.5
tile:xla,train,retinanet.4x4.bf16.performance_-2fe068f658562482,retinanet,840,2,1,0.5
tile:xla,train,retinanet.4x4.bf16.performance_-308d824e29eea7d5,retinanet,4545,80,86,1.075
tile:xla,train,retinanet.4x4.bf16.performance_-3610943d19006af3,retinanet,2028,12,11,0.9166666666666666
tile:xla,train,retinanet.4x4.bf16.performance_-435759a97200a20,retinanet,3978,49,48,0.9795918367346939
tile:xla,train,retinanet.4x4.bf16.performance_-4545ec997ef148e4,retinanet,705,45,44,0.9777777777777777
tile:xla,train,retinanet.4x4.bf16.performance_-465f1ea891af1320,retinanet,4866,45,48,1.0666666666666667
tile:xla,train,retinanet.4x4.bf16.performance_-4660f8970aba64a7,retinanet,1020,46,45,0.9782608695652174
tile:xla,train,retinanet.4x4.bf16.performance_-48d9b1a6352061e7,retinanet,760,77,76,0.987012987012987
tile:xla,train,retinanet.4x4.bf16.performance_-498da473591fc92c,retinanet,819,45,44,0.9777777777777777
tile:xla,train,retinanet.4x4.bf16.performance_-4a5cf2a725ce231c,retinanet,700,71,75,1.056338028169014
tile:xla,train,retinanet.4x4.bf16.performance_-4c3d09c26ffdadd8,retinanet,4187,49,48,0.9795918367346939
tile:xla,train,retinanet.4x4.bf16.performance_-4e825b910a64b27e,retinanet,9341,25,28,1.12
tile:xla,train,retinanet.4x4.bf16.performance_-524d014a8a625358,retinanet,2364,80,86,1.075
tile:xla,train,retinanet.4x4.bf16.performance_-52773852046c5097,retinanet,536,53,52,0.9811320754716981
tile:xla,train,retinanet.4x4.bf16.performance_-532c14ed7d09598a,retinanet,4527,45,48,1.0666666666666667
tile:xla,train,retinanet.4x4.bf16.performance_-58c407f935ca4bf1,retinanet,752,80,86,1.075
tile:xla,train,retinanet.4x4.bf16.performance_-5e61b48715034358,retinanet,870,83,89,1.072289156626506
tile:xla,train,retinanet.4x4.bf16.performance_-5ea12975e66d8a9a,retinanet,9994,36,35,0.9722222222222222
tile:xla,train,retinanet.4x4.bf16.performance_-5f1203c77b54fa6,retinanet,9347,18,18,1.0
tile:xla,train,retinanet.4x4.bf16.performance_-6175d85629c37de1,retinanet,9960,80,86,1.075
tile:xla,train,retinanet.4x4.bf16.performance_-6249e064f3edd9f0,retinanet,9996,21,24,1.1428571428571428
tile:xla,train,retinanet.4x4.bf16.performance_-62c13e7bd09f4ac3,retinanet,4262,77,76,0.987012987012987
tile:xla,train,retinanet.4x4.bf16.performance_-649fc4b2623178f0,retinanet,819,27,26,0.9629629629629629
tile:xla,train,retinanet.4x4.bf16.performance_-6875abc4ffa9c719,retinanet,1731,53,52,0.9811320754716981
tile:xla,train,retinanet.4x4.bf16.performance_-6e03a3cd57ac23a2,retinanet,869,51,66,1.2941176470588236
tile:xla,train,retinanet.4x4.bf16.performance_-6fda814ff8ee06e1,retinanet,1101,37,42,1.135135135135135
tile:xla,train,retinanet.4x4.bf16.performance_-70452d6b8eedd7ba,retinanet,1500,53,52,0.9811320754716981
tile:xla,train,retinanet.4x4.bf16.performance_-711bc429d6204a3c,retinanet,16,2,1,0.5
tile:xla,train,retinanet.4x4.bf16.performance_-72c84cf6e5e2d028,retinanet,991,80,86,1.075
tile:xla,train,retinanet.4x4.bf16.performance_-75f984bc371ff108,retinanet,1073,21,24,1.1428571428571428
tile:xla,train,retinanet.4x4.bf16.performance_-76a5dc018f950db6,retinanet,1545,12,11,0.9166666666666666
tile:xla,train,retinanet.4x4.bf16.performance_-777469ded93d853b,retinanet,8868,31,34,1.096774193548387
tile:xla,train,retinanet.4x4.bf16.performance_-7ac0161866eeb5bf,retinanet,9991,40,39,0.975
tile:xla,train,retinanet.4x4.bf16.performance_-7da622071a9ee20f,retinanet,9390,12,11,0.9166666666666666
tile:xla,train,retinanet.4x4.bf16.performance_-8626e58ae4f031a,retinanet,4977,21,21,1.0
tile:xla,train,retinanet.4x4.bf16.performance_-a56b51706629b53,retinanet,567,38,38,1.0
tile:xla,train,retinanet.4x4.bf16.performance_12c97fddb75897db,retinanet,9390,49,52,1.0612244897959184
tile:xla,train,retinanet.4x4.bf16.performance_15745df61ebc2ccb,retinanet,4907,80,86,1.075
tile:xla,train,retinanet.4x4.bf16.performance_15c8ed14770f4c5e,retinanet,1138,27,26,0.9629629629629629
tile:xla,train,retinanet.4x4.bf16.performance_19a761dec14c9d1,retinanet,2498,46,52,1.1304347826086956
tile:xla,train,retinanet.4x4.bf16.performance_1bf4d5018956784d,retinanet,796,45,48,1.0666666666666667
tile:xla,train,retinanet.4x4.bf16.performance_1c41db4090f0a055,retinanet,9944,46,52,1.1304347826086956
tile:xla,train,retinanet.4x4.bf16.performance_1eb99ea87961f8fe,retinanet,525,49,48,0.9795918367346939
tile:xla,train,retinanet.4x4.bf16.performance_20cac2c059ad74c4,retinanet,1545,21,24,1.1428571428571428
tile:xla,train,retinanet.4x4.bf16.performance_21915562b95ba2f1,retinanet,4709,77,76,0.987012987012987
tile:xla,train,retinanet.4x4.bf16.performance_223cea8595cca2a0,retinanet,1861,21,24,1.1428571428571428
tile:xla,train,retinanet.4x4.bf16.performance_2825fb51b5fecb45,retinanet,4042,45,48,1.0666666666666667
tile:xla,train,retinanet.4x4.bf16.performance_28e5a2d7cccbacdb,retinanet,9390,46,49,1.065217391304348
tile:xla,train,retinanet.4x4.bf16.performance_2972789e890343e8,retinanet,1799,21,24,1.1428571428571428
tile:xla,train,retinanet.4x4.bf16.performance_2bc4e20bfe29e85f,retinanet,1029,53,52,0.9811320754716981
tile:xla,train,retinanet.4x4.bf16.performance_2ccefd11a748efaa,retinanet,4546,77,76,0.987012987012987
tile:xla,train,retinanet.4x4.bf16.performance_2ec9985890b5cb45,retinanet,9990,36,35,0.9722222222222222
tile:xla,train,retinanet.4x4.bf16.performance_313eebe8e65214a,retinanet,1296,53,52,0.9811320754716981
tile:xla,train,retinanet.4x4.bf16.performance_33f0ad612a17cdcc,retinanet,4959,77,76,0.987012987012987
tile:xla,train,retinanet.4x4.bf16.performance_3405121a44687039,retinanet,2960,31,34,1.096774193548387
tile:xla,train,retinanet.4x4.bf16.performance_3727982d48eaba8e,retinanet,1715,53,52,0.9811320754716981
tile:xla,train,retinanet.4x4.bf16.performance_3ae44a9a29d11811,retinanet,2163,77,76,0.987012987012987
tile:xla,train,retinanet.4x4.bf16.performance_3c177f3920081c95,retinanet,1194,83,89,1.072289156626506
tile:xla,train,retinanet.4x4.bf16.performance_3c87e3596a1a8512,retinanet,910,71,75,1.056338028169014
tile:xla,train,retinanet.4x4.bf16.performance_3caebcc57f6beb18,retinanet,1347,71,75,1.056338028169014
tile:xla,train,retinanet.4x4.bf16.performance_3df43768f9d60a6a,retinanet,400,10,10,1.0
tile:xla,train,retinanet.4x4.bf16.performance_431c43a451a56940,retinanet,9113,46,52,1.1304347826086956
tile:xla,train,retinanet.4x4.bf16.performance_4350cf0b493e49c4,retinanet,908,71,75,1.056338028169014
tile:xla,train,retinanet.4x4.bf16.performance_4633b081d3424211,retinanet,9873,80,86,1.075
tile:xla,train,retinanet.4x4.bf16.performance_477eba67db106058,retinanet,558,21,24,1.1428571428571428
tile:xla,train,retinanet.4x4.bf16.performance_4a521a49a7624539,retinanet,1020,77,76,0.987012987012987
tile:xla,train,retinanet.4x4.bf16.performance_4ae98ac6228c9af9,retinanet,4644,45,48,1.0666666666666667
tile:xla,train,retinanet.4x4.bf16.performance_4b8798cfce3667a8,retinanet,848,75,116,1.5466666666666666
tile:xla,train,retinanet.4x4.bf16.performance_4d8a5c5dbd46a159,retinanet,2212,45,48,1.0666666666666667
tile:xla,train,retinanet.4x4.bf16.performance_4ddb629c463c761e,retinanet,1014,49,52,1.0612244897959184
tile:xla,train,retinanet.4x4.bf16.performance_50014913f7f71381,retinanet,1033,53,52,0.9811320754716981
tile:xla,train,retinanet.4x4.bf16.performance_52d09dde4b9e5998,retinanet,195,53,52,0.9811320754716981
tile:xla,train,retinanet.4x4.bf16.performance_57063db15d6bac7d,retinanet,5625,80,86,1.075
tile:xla,train,retinanet.4x4.bf16.performance_573ad3408f2497b0,retinanet,1101,24,23,0.9583333333333334
tile:xla,train,retinanet.4x4.bf16.performance_58a8d76a24db11d7,retinanet,1785,71,75,1.056338028169014
tile:xla,train,retinanet.4x4.bf16.performance_5ec577b848a8c07d,retinanet,9949,36,35,0.9722222222222222
tile:xla,train,retinanet.4x4.bf16.performance_63973b42658e6f4c,retinanet,3659,46,45,0.9782608695652174
tile:xla,train,retinanet.4x4.bf16.performance_652c10e532a8580f,retinanet,5031,19,18,0.9473684210526315
tile:xla,train,retinanet.4x4.bf16.performance_668114da02885db6,retinanet,9390,36,35,0.9722222222222222
tile:xla,train,retinanet.4x4.bf16.performance_67c45e1fd324e034,retinanet,2304,2,1,0.5
tile:xla,train,retinanet.4x4.bf16.performance_6c60e1d4fa01b98b,retinanet,705,27,26,0.9629629629629629
tile:xla,train,retinanet.4x4.bf16.performance_6e1a123103325986,retinanet,9390,33,32,0.9696969696969697
tile:xla,train,retinanet.4x4.bf16.performance_71e803b3a2e569ab,retinanet,1933,77,76,0.987012987012987
tile:xla,train,retinanet.4x4.bf16.performance_756498b04b40be0a,retinanet,9995,46,52,1.1304347826086956
tile:xla,train,retinanet.4x4.bf16.performance_7606fbd5a7cee94b,retinanet,1138,45,44,0.9777777777777777
tile:xla,train,retinanet.4x4.bf16.performance_765fe47f0d1e34f6,retinanet,4708,80,86,1.075
tile:xla,train,retinanet.4x4.bf16.performance_7682044d1068ff78,retinanet,9993,36,35,0.9722222222222222
tile:xla,train,retinanet.4x4.bf16.performance_76df73d777fa0880,retinanet,1362,21,24,1.1428571428571428
tile:xla,train,retinanet.4x4.bf16.performance_76e85b7e8489b465,retinanet,4593,77,76,0.987012987012987
tile:xla,train,retinanet.4x4.bf16.performance_770fee543b39523e,retinanet,811,9,8,0.8888888888888888
tile:xla,train,retinanet.4x4.bf16.performance_773c7b7aa0d8b322,retinanet,4835,40,39,0.975
tile:xla,train,retinanet.4x4.bf16.performance_7743f9fd6661d5cf,retinanet,1481,45,48,1.0666666666666667
tile:xla,train,retinanet.4x4.bf16.performance_7a891cc967e8db3f,retinanet,4852,45,48,1.0666666666666667
tile:xla,train,retinanet.4x4.bf16.performance_7b88fcf69ee578f4,retinanet,9922,46,52,1.1304347826086956
tile:xla,train,retinanet.4x4.bf16.performance_7cb4f2da2b6accc8,retinanet,1234,71,75,1.056338028169014
tile:xla,train,retinanet.4x4.bf16.performance_7cf74c817a3f98b1,retinanet,1504,19,18,0.9473684210526315
tile:xla,train,retinanet.4x4.bf16.performance_7e9c5ddc2471921e,retinanet,9284,19,18,0.9473684210526315
tile:xla,train,retinanet.4x4.bf16.performance_aa6f7e4b58c705c,retinanet,4905,56,55,0.9821428571428571
tile:xla,train,retinanet.4x4.fp32_-100f1e27fe4cf3bd,retinanet,5069,46,49,1.065217391304348
tile:xla,train,retinanet.4x4.fp32_-129d6365585768e1,retinanet,921,89,91,1.0224719101123596
tile:xla,train,retinanet.4x4.fp32_-12b4d369f8d15c8f,retinanet,1388,46,49,1.065217391304348
tile:xla,train,retinanet.4x4.fp32_-13714ee7348b33d1,retinanet,131,58,58,1.0
tile:xla,train,retinanet.4x4.fp32_-1485a9bb74e67021,retinanet,349,57,57,1.0
tile:xla,train,retinanet.4x4.fp32_-14cb8f413c669e46,retinanet,677,83,89,1.072289156626506
tile:xla,train,retinanet.4x4.fp32_-15e99d5acae37e8f,retinanet,1366,12,11,0.9166666666666666
tile:xla,train,retinanet.4x4.fp32_-170eeb88fb5c53b7,retinanet,12,20,22,1.1
tile:xla,train,retinanet.4x4.fp32_-1aa83ccfce6e442e,retinanet,5052,25,28,1.12
tile:xla,train,retinanet.4x4.fp32_-1b1c5156536a3914,retinanet,8,2,1,0.5
tile:xla,train,retinanet.4x4.fp32_-1cbf235309126894,retinanet,1073,21,24,1.1428571428571428
tile:xla,train,retinanet.4x4.fp32_-1ed6ac3fb11e9f5a,retinanet,886,65,67,1.0307692307692307
tile:xla,train,retinanet.4x4.fp32_-2078d3abdb9a7a12,retinanet,905,21,24,1.1428571428571428
tile:xla,train,retinanet.4x4.fp32_-20bd21c7672b273f,retinanet,260,46,52,1.1304347826086956
tile:xla,train,retinanet.4x4.fp32_-21ffd803ef634e24,retinanet,260,25,28,1.12
tile:xla,train,retinanet.4x4.fp32_-22116c8345883fde,retinanet,116,33,35,1.0606060606060606
tile:xla,train,retinanet.4x4.fp32_-2356e691d0b08105,retinanet,7982,31,34,1.096774193548387
tile:xla,train,retinanet.4x4.fp32_-23e04811d4faf70d,retinanet,7996,36,35,0.9722222222222222
tile:xla,train,retinanet.4x4.fp32_-244bff0443d2fc01,retinanet,1073,21,24,1.1428571428571428
tile:xla,train,retinanet.4x4.fp32_-25c355fe15539ded,retinanet,12,14,13,0.9285714285714286
tile:xla,train,retinanet.4x4.fp32_-261c1973f496c578,retinanet,5656,36,35,0.9722222222222222
tile:xla,train,retinanet.4x4.fp32_-2810a8cc771d46e4,retinanet,316,45,44,0.9777777777777777
tile:xla,train,retinanet.4x4.fp32_-28981bfa9a1331f0,retinanet,116,31,34,1.096774193548387
tile:xla,train,retinanet.4x4.fp32_-29d50e1d5073220,retinanet,1029,65,67,1.0307692307692307
tile:xla,train,retinanet.4x4.fp32_-2abc49f6a25b9600,retinanet,1152,83,89,1.072289156626506
tile:xla,train,retinanet.4x4.fp32_-2baa4e89cd5bf2e8,retinanet,589,49,55,1.1224489795918366
tile:xla,train,retinanet.4x4.fp32_-2d43efc4d3411bc1,retinanet,6,2,1,0.5
tile:xla,train,retinanet.4x4.fp32_-2d546e67efdf63de,retinanet,701,65,67,1.0307692307692307
tile:xla,train,retinanet.4x4.fp32_-2f2041ac70c6b244,retinanet,6,2,1,0.5
tile:xla,train,retinanet.4x4.fp32_-2fb697819be66c8f,retinanet,1073,45,48,1.0666666666666667
tile:xla,train,retinanet.4x4.fp32_-308d824e29eea7d5,retinanet,4091,80,86,1.075
tile:xla,train,retinanet.4x4.fp32_-3146265f46185acb,retinanet,8,20,22,1.1
tile:xla,train,retinanet.4x4.fp32_-31e461077124e14d,retinanet,131,46,52,1.1304347826086956
tile:xla,train,retinanet.4x4.fp32_-33b9a436563b1fbd,retinanet,231,52,66,1.2692307692307692
tile:xla,train,retinanet.4x4.fp32_-33e07baa50d93d64,retinanet,2001,21,24,1.1428571428571428
tile:xla,train,retinanet.4x4.fp32_-3400fb95fdfbdd4b,retinanet,6,2,1,0.5
tile:xla,train,retinanet.4x4.fp32_-342c949e14733d96,retinanet,4,2,1,0.5
tile:xla,train,retinanet.4x4.fp32_-35d89f8b1485ef4d,retinanet,22,11,10,0.9090909090909091
tile:xla,train,retinanet.4x4.fp32_-3610943d19006af3,retinanet,5069,12,11,0.9166666666666666
tile:xla,train,retinanet.4x4.fp32_-36436bb12f4166,retinanet,6,2,1,0.5
tile:xla,train,retinanet.4x4.fp32_-40294c2fc92f7491,retinanet,8340,31,33,1.064516129032258
tile:xla,train,retinanet.4x4.fp32_-41bdf8d7ab569d84,retinanet,1295,46,52,1.1304347826086956
tile:xla,train,retinanet.4x4.fp32_-431a58cc30e72ec6,retinanet,1537,31,33,1.064516129032258
tile:xla,train,retinanet.4x4.fp32_-435759a97200a20,retinanet,3181,49,48,0.9795918367346939
tile:xla,train,retinanet.4x4.fp32_-43d51446aac690df,retinanet,41,11,11,1.0
tile:xla,train,retinanet.4x4.fp32_-4545ec997ef148e4,retinanet,705,45,44,0.9777777777777777
tile:xla,train,retinanet.4x4.fp32_-45c7d4801d799d56,retinanet,1910,125,168,1.344
tile:xla,train,retinanet.4x4.fp32_-465f1ea891af1320,retinanet,4866,45,48,1.0666666666666667
tile:xla,train,retinanet.4x4.fp32_-4660f8970aba64a7,retinanet,1020,46,45,0.9782608695652174
tile:xla,train,retinanet.4x4.fp32_-46cac9999401b42e,retinanet,2212,45,48,1.0666666666666667
tile:xla,train,retinanet.4x4.fp32_-498bf58ceef73319,retinanet,111,7,6,0.8571428571428571
tile:xla,train,retinanet.4x4.fp32_-498da473591fc92c,retinanet,819,45,44,0.9777777777777777
tile:xla,train,retinanet.4x4.fp32_-4a063d0a76ea88e,retinanet,7996,82,85,1.0365853658536586
tile:xla,train,retinanet.4x4.fp32_-4a5cf2a725ce231c,retinanet,700,71,75,1.056338028169014
tile:xla,train,retinanet.4x4.fp32_-4abe079c41fa17a8,retinanet,7895,80,86,1.075
tile:xla,train,retinanet.4x4.fp32_-4ba61e2f7ad9a624,retinanet,1729,65,67,1.0307692307692307
tile:xla,train,retinanet.4x4.fp32_-4ba7bf6b07056c1d,retinanet,1617,31,33,1.064516129032258
tile:xla,train,retinanet.4x4.fp32_-4c3d09c26ffdadd8,retinanet,3349,49,48,0.9795918367346939
tile:xla,train,retinanet.4x4.fp32_-4e42b56735de808a,retinanet,66,14,13,0.9285714285714286
tile:xla,train,retinanet.4x4.fp32_-4e825b910a64b27e,retinanet,9341,25,28,1.12
tile:xla,train,retinanet.4x4.fp32_-4fd77fabd042d70,retinanet,233,38,47,1.236842105263158
tile:xla,train,retinanet.4x4.fp32_-51ce742d94a933bf,retinanet,867,89,91,1.0224719101123596
tile:xla,train,retinanet.4x4.fp32_-524d014a8a625358,retinanet,2364,80,86,1.075
tile:xla,train,retinanet.4x4.fp32_-53c869889f25a56d,retinanet,1176,71,75,1.056338028169014
tile:xla,train,retinanet.4x4.fp32_-575619a9eb9d7d7f,retinanet,601,59,61,1.0338983050847457
tile:xla,train,retinanet.4x4.fp32_-58996a409dc3ab8e,retinanet,1385,31,34,1.096774193548387
tile:xla,train,retinanet.4x4.fp32_-58c407f935ca4bf1,retinanet,752,80,86,1.075
tile:xla,train,retinanet.4x4.fp32_-59817ac65c9f8ea3,retinanet,1796,36,35,0.9722222222222222
tile:xla,train,retinanet.4x4.fp32_-59dad15394917f36,retinanet,956,31,33,1.064516129032258
tile:xla,train,retinanet.4x4.fp32_-5a30d365c11a0231,retinanet,6997,21,24,1.1428571428571428
tile:xla,train,retinanet.4x4.fp32_-5ad42689cc8da2aa,retinanet,14,14,13,0.9285714285714286
tile:xla,train,retinanet.4x4.fp32_-5b953aad118ef3ff,retinanet,2161,89,91,1.0224719101123596
tile:xla,train,retinanet.4x4.fp32_-5c7735d8cdfed30c,retinanet,349,36,35,0.9722222222222222
tile:xla,train,retinanet.4x4.fp32_-5da48c3c3ee27bf8,retinanet,4494,80,86,1.075
tile:xla,train,retinanet.4x4.fp32_-5dee22002dc65750,retinanet,2417,89,91,1.0224719101123596
tile:xla,train,retinanet.4x4.fp32_-5e61b48715034358,retinanet,696,83,89,1.072289156626506
tile:xla,train,retinanet.4x4.fp32_-5ea2d326309ade17,retinanet,4527,45,48,1.0666666666666667
tile:xla,train,retinanet.4x4.fp32_-5f1203c77b54fa6,retinanet,9347,18,18,1.0
tile:xla,train,retinanet.4x4.fp32_-623e0a3cda8aa77c,retinanet,4905,66,66,1.0
tile:xla,train,retinanet.4x4.fp32_-63e4f729015d62b7,retinanet,956,21,24,1.1428571428571428
tile:xla,train,retinanet.4x4.fp32_-649fc4b2623178f0,retinanet,819,27,26,0.9629629629629629
tile:xla,train,retinanet.4x4.fp32_-64bc676a59b08e07,retinanet,4642,45,48,1.0666666666666667
tile:xla,train,retinanet.4x4.fp32_-661febbc8f22386f,retinanet,16,26,29,1.1153846153846154
tile:xla,train,retinanet.4x4.fp32_-6667502c526d7594,retinanet,1771,66,72,1.0909090909090908
tile:xla,train,retinanet.4x4.fp32_-671889b29a9bfc64,retinanet,4933,31,34,1.096774193548387
tile:xla,train,retinanet.4x4.fp32_-676c9f6f77ebbf06,retinanet,131,66,66,1.0
tile:xla,train,retinanet.4x4.fp32_-6817b374d3cb5499,retinanet,901,45,48,1.0666666666666667
tile:xla,train,retinanet.4x4.fp32_-6915285bde13866e,retinanet,1482,23,22,0.9565217391304348
tile:xla,train,retinanet.4x4.fp32_-6be5247fe04cfcc5,retinanet,942,65,67,1.0307692307692307
tile:xla,train,retinanet.4x4.fp32_-6e5e139fe99b2895,retinanet,4262,89,91,1.0224719101123596
tile:xla,train,retinanet.4x4.fp32_-6f5dc5bf4c00ec37,retinanet,4593,89,91,1.0224719101123596
tile:xla,train,retinanet.4x4.fp32_-6fb2863677b2d5b9,retinanet,18,52,66,1.2692307692307692
tile:xla,train,retinanet.4x4.fp32_-6fda814ff8ee06e1,retinanet,881,37,42,1.135135135135135
tile:xla,train,retinanet.4x4.fp32_-71a01823eebe5542,retinanet,4747,46,52,1.1304347826086956
tile:xla,train,retinanet.4x4.fp32_-71fca22a604fcc5b,retinanet,3909,46,52,1.1304347826086956
tile:xla,train,retinanet.4x4.fp32_-72c84cf6e5e2d028,retinanet,892,80,86,1.075
tile:xla,train,retinanet.4x4.fp32_-75cbfa9e9c4cb97c,retinanet,693,53,67,1.2641509433962264
tile:xla,train,retinanet.4x4.fp32_-75f984bc371ff108,retinanet,1073,21,24,1.1428571428571428
tile:xla,train,retinanet.4x4.fp32_-76a5dc018f950db6,retinanet,1545,12,11,0.9166666666666666
tile:xla,train,retinanet.4x4.fp32_-7773adbc8d5ab50d,retinanet,6,2,1,0.5
tile:xla,train,retinanet.4x4.fp32_-793e5057301b5163,retinanet,5178,125,168,1.344
tile:xla,train,retinanet.4x4.fp32_-7c560c9060611096,retinanet,260,46,49,1.065217391304348
tile:xla,train,retinanet.4x4.fp32_-7da622071a9ee20f,retinanet,9390,12,11,0.9166666666666666
tile:xla,train,retinanet.4x4.fp32_-7fc3fe745fc71eed,retinanet,260,49,52,1.0612244897959184
tile:xla,train,retinanet.4x4.fp32_-84edb2c2b80efe3,retinanet,1620,36,35,0.9722222222222222
tile:xla,train,retinanet.4x4.fp32_-8626e58ae4f031a,retinanet,4977,21,21,1.0
tile:xla,train,retinanet.4x4.fp32_-9a340ebf9246d33,retinanet,536,65,67,1.0307692307692307
tile:xla,train,retinanet.4x4.fp32_-a56b51706629b53,retinanet,567,38,38,1.0
tile:xla,train,retinanet.4x4.fp32_-d1e20f024e7ec83,retinanet,38,52,66,1.2692307692307692
tile:xla,train,retinanet.4x4.fp32_100c1d1e6b70b983,retinanet,1298,36,35,0.9722222222222222
tile:xla,train,retinanet.4x4.fp32_10116dd9b1612281,retinanet,16,14,13,0.9285714285714286
tile:xla,train,retinanet.4x4.fp32_12c97fddb75897db,retinanet,9390,49,52,1.0612244897959184
tile:xla,train,retinanet.4x4.fp32_12e80f01a07b823e,retinanet,6,2,1,0.5
tile:xla,train,retinanet.4x4.fp32_13f9ce79cbee1f79,retinanet,148,11,11,1.0
tile:xla,train,retinanet.4x4.fp32_13ff38492fa4736b,retinanet,1618,25,28,1.12
tile:xla,train,retinanet.4x4.fp32_15745df61ebc2ccb,retinanet,4907,80,86,1.075
tile:xla,train,retinanet.4x4.fp32_15a1f9523cce23c1,retinanet,10,20,22,1.1
tile:xla,train,retinanet.4x4.fp32_15c8ed14770f4c5e,retinanet,1025,27,26,0.9629629629629629
tile:xla,train,retinanet.4x4.fp32_166a358b5dd95af1,retinanet,870,80,86,1.075
tile:xla,train,retinanet.4x4.fp32_17fcfd9489880dd2,retinanet,4544,89,91,1.0224719101123596
tile:xla,train,retinanet.4x4.fp32_18860cf40b97ce10,retinanet,8509,127,170,1.3385826771653544
tile:xla,train,retinanet.4x4.fp32_19a761dec14c9d1,retinanet,4995,46,52,1.1304347826086956
tile:xla,train,retinanet.4x4.fp32_1bf4d5018956784d,retinanet,796,45,48,1.0666666666666667
tile:xla,train,retinanet.4x4.fp32_1c814386a7057643,retinanet,116,49,52,1.0612244897959184
tile:xla,train,retinanet.4x4.fp32_1eb99ea87961f8fe,retinanet,525,49,48,0.9795918367346939
tile:xla,train,retinanet.4x4.fp32_1f4f47ce4e8c36d1,retinanet,9918,46,52,1.1304347826086956
tile:xla,train,retinanet.4x4.fp32_20357ec1357a420c,retinanet,316,27,26,0.9629629629629629
tile:xla,train,retinanet.4x4.fp32_206fbf9ce0644826,retinanet,1782,46,52,1.1304347826086956
tile:xla,train,retinanet.4x4.fp32_20cac2c059ad74c4,retinanet,1545,21,24,1.1428571428571428
tile:xla,train,retinanet.4x4.fp32_223cea8595cca2a0,retinanet,1861,21,24,1.1428571428571428
tile:xla,train,retinanet.4x4.fp32_2421cff57e209daa,retinanet,938,23,22,0.9565217391304348
tile:xla,train,retinanet.4x4.fp32_2440d9b720af0abe,retinanet,1020,89,91,1.0224719101123596
tile:xla,train,retinanet.4x4.fp32_24a06f3e59d9cd81,retinanet,116,33,32,0.9696969696969697
tile:xla,train,retinanet.4x4.fp32_25930f4b56598218,retinanet,7993,125,168,1.344
tile:xla,train,retinanet.4x4.fp32_2825fb51b5fecb45,retinanet,5052,45,48,1.0666666666666667
tile:xla,train,retinanet.4x4.fp32_28e5a2d7cccbacdb,retinanet,9390,46,49,1.065217391304348
tile:xla,train,retinanet.4x4.fp32_28ef0a48b0c01f99,retinanet,1386,21,21,1.0
tile:xla,train,retinanet.4x4.fp32_2972789e890343e8,retinanet,1799,21,24,1.1428571428571428
tile:xla,train,retinanet.4x4.fp32_297bb89458ee367f,retinanet,9992,36,35,0.9722222222222222
tile:xla,train,retinanet.4x4.fp32_2b5b06e1e21064f4,retinanet,1500,65,67,1.0307692307692307
tile:xla,train,retinanet.4x4.fp32_2c384f7789a08bb8,retinanet,813,66,66,1.0
tile:xla,train,retinanet.4x4.fp32_2e0854ba67714e61,retinanet,6,2,1,0.5
tile:xla,train,retinanet.4x4.fp32_31749029e5c524f,retinanet,917,12,11,0.9166666666666666
tile:xla,train,retinanet.4x4.fp32_3285370c7f32d7f1,retinanet,116,36,35,0.9722222222222222
tile:xla,train,retinanet.4x4.fp32_3293afcf18395c1c,retinanet,4,2,1,0.5
tile:xla,train,retinanet.4x4.fp32_32c0bae0021a429f,retinanet,4,2,1,0.5
tile:xla,train,retinanet.4x4.fp32_3414326b253a7c81,retinanet,260,33,32,0.9696969696969697
tile:xla,train,retinanet.4x4.fp32_346f3de6a1abfcd4,retinanet,14,33,34,1.0303030303030303
tile:xla,train,retinanet.4x4.fp32_35eda8077645ba03,retinanet,1946,65,67,1.0307692307692307
tile:xla,train,retinanet.4x4.fp32_39cbb61ebeb5019e,retinanet,6,2,1,0.5
tile:xla,train,retinanet.4x4.fp32_3c177f3920081c95,retinanet,1194,83,89,1.072289156626506
tile:xla,train,retinanet.4x4.fp32_3c87e3596a1a8512,retinanet,819,71,75,1.056338028169014
tile:xla,train,retinanet.4x4.fp32_3caebcc57f6beb18,retinanet,1347,71,75,1.056338028169014
tile:xla,train,retinanet.4x4.fp32_41366dde14637028,retinanet,4705,89,91,1.0224719101123596
tile:xla,train,retinanet.4x4.fp32_41c7c8a6ef06afd7,retinanet,27,38,38,1.0
tile:xla,train,retinanet.4x4.fp32_4261cfe6672bc059,retinanet,758,89,91,1.0224719101123596
tile:xla,train,retinanet.4x4.fp32_431c43a451a56940,retinanet,9113,46,52,1.1304347826086956
tile:xla,train,retinanet.4x4.fp32_4350cf0b493e49c4,retinanet,818,71,75,1.056338028169014
tile:xla,train,retinanet.4x4.fp32_4600b806867c59fb,retinanet,602,44,43,0.9772727272727273
tile:xla,train,retinanet.4x4.fp32_4613d871c9dc6f01,retinanet,1294,65,67,1.0307692307692307
tile:xla,train,retinanet.4x4.fp32_46806cc7f08cef96,retinanet,14,14,13,0.9285714285714286
tile:xla,train,retinanet.4x4.fp32_46bb40f02a367b42,retinanet,290,46,52,1.1304347826086956
tile:xla,train,retinanet.4x4.fp32_477eba67db106058,retinanet,558,21,24,1.1428571428571428
tile:xla,train,retinanet.4x4.fp32_4d50ce0a1b015a1b,retinanet,4656,66,72,1.0909090909090908
tile:xla,train,retinanet.4x4.fp32_4ddb629c463c761e,retinanet,5069,49,52,1.0612244897959184
tile:xla,train,retinanet.4x4.fp32_4e2a558aa11b6ddc,retinanet,22,14,13,0.9285714285714286
tile:xla,train,retinanet.4x4.fp32_4e81439e41b10bd2,retinanet,62,38,47,1.236842105263158
tile:xla,train,retinanet.4x4.fp32_5011a9723b3f792f,retinanet,260,36,35,0.9722222222222222
tile:xla,train,retinanet.4x4.fp32_5045ab5a5565be70,retinanet,166,14,13,0.9285714285714286
tile:xla,train,retinanet.4x4.fp32_513d510c85e433ac,retinanet,1029,65,67,1.0307692307692307
tile:xla,train,retinanet.4x4.fp32_5188bda4d7a74d03,retinanet,4957,89,91,1.0224719101123596
tile:xla,train,retinanet.4x4.fp32_536ee50952176d47,retinanet,260,31,34,1.096774193548387
tile:xla,train,retinanet.4x4.fp32_55641e585ab1e822,retinanet,14,43,50,1.1627906976744187
tile:xla,train,retinanet.4x4.fp32_573ad3408f2497b0,retinanet,991,24,23,0.9583333333333334
tile:xla,train,retinanet.4x4.fp32_5759e1d8baf951bb,retinanet,1388,49,52,1.0612244897959184
tile:xla,train,retinanet.4x4.fp32_58a8d76a24db11d7,retinanet,1785,71,75,1.056338028169014
tile:xla,train,retinanet.4x4.fp32_59bdb5c9530eaedf,retinanet,1709,65,67,1.0307692307692307
tile:xla,train,retinanet.4x4.fp32_59f2447d1c99b995,retinanet,1388,12,11,0.9166666666666666
tile:xla,train,retinanet.4x4.fp32_59f8865d1ee7bfd1,retinanet,1366,45,48,1.0666666666666667
tile:xla,train,retinanet.4x4.fp32_5b71bb550e1dfce3,retinanet,6,2,1,0.5
tile:xla,train,retinanet.4x4.fp32_5c23ddf302db325c,retinanet,1020,65,67,1.0307692307692307
tile:xla,train,retinanet.4x4.fp32_5c442e2f4486b60b,retinanet,710,63,63,1.0
tile:xla,train,retinanet.4x4.fp32_603a6360f98293f9,retinanet,796,21,24,1.1428571428571428
tile:xla,train,retinanet.4x4.fp32_626afa1f6d2dbaa5,retinanet,41,14,13,0.9285714285714286
tile:xla,train,retinanet.4x4.fp32_627737ed2b4a216b,retinanet,208,38,38,1.0
tile:xla,train,retinanet.4x4.fp32_63973b42658e6f4c,retinanet,2930,46,45,0.9782608695652174
tile:xla,train,retinanet.4x4.fp32_65cca3ce8ff9f343,retinanet,391,31,33,1.064516129032258
tile:xla,train,retinanet.4x4.fp32_6645347af1527bc9,retinanet,41,7,6,0.8571428571428571
tile:xla,train,retinanet.4x4.fp32_668114da02885db6,retinanet,9390,36,35,0.9722222222222222
tile:xla,train,retinanet.4x4.fp32_679f68b85e257cb8,retinanet,116,12,11,0.9166666666666666
tile:xla,train,retinanet.4x4.fp32_67c34a8d374745f6,retinanet,260,12,11,0.9166666666666666
tile:xla,train,retinanet.4x4.fp32_689fb9a1f095d50c,retinanet,4835,36,35,0.9722222222222222
tile:xla,train,retinanet.4x4.fp32_6c60e1d4fa01b98b,retinanet,705,27,26,0.9629629629629629
tile:xla,train,retinanet.4x4.fp32_6d60291711b8cfe6,retinanet,1177,80,86,1.075
tile:xla,train,retinanet.4x4.fp32_6e1a123103325986,retinanet,9390,33,32,0.9696969696969697
tile:xla,train,retinanet.4x4.fp32_6ed3f890319c5e35,retinanet,4905,63,63,1.0
tile:xla,train,retinanet.4x4.fp32_71748b1e5efcac27,retinanet,1387,46,52,1.1304347826086956
tile:xla,train,retinanet.4x4.fp32_7402c137c44d0df0,retinanet,8,2,1,0.5
tile:xla,train,retinanet.4x4.fp32_7550aea358b8137c,retinanet,32,11,10,0.9090909090909091
tile:xla,train,retinanet.4x4.fp32_75680c7f3124a84f,retinanet,2,2,1,0.5
tile:xla,train,retinanet.4x4.fp32_7606fbd5a7cee94b,retinanet,1025,45,44,0.9777777777777777
tile:xla,train,retinanet.4x4.fp32_765fe47f0d1e34f6,retinanet,4708,80,86,1.075
tile:xla,train,retinanet.4x4.fp32_76df73d777fa0880,retinanet,1362,21,24,1.1428571428571428
tile:xla,train,retinanet.4x4.fp32_7743f9fd6661d5cf,retinanet,2469,45,48,1.0666666666666667
tile:xla,train,retinanet.4x4.fp32_789f25d9d863c57e,retinanet,209,12,11,0.9166666666666666
tile:xla,train,retinanet.4x4.fp32_7a891cc967e8db3f,retinanet,4852,45,48,1.0666666666666667
tile:xla,train,retinanet.4x4.fp32_7acd36f9eb71f842,retinanet,1175,52,66,1.2692307692307692
tile:xla,train,retinanet.4x4.fp32_7cb4f2da2b6accc8,retinanet,1234,71,75,1.056338028169014
tile:xla,train,retinanet.4x4.fp32_7d064c606fa7f20d,retinanet,1388,33,32,0.9696969696969697
tile:xla,train,retinanet.4x4.fp32_7ee403bffd89aee8,retinanet,290,125,168,1.344
tile:xla,train,retinanet.4x4.fp32_7eeed176588b8b42,retinanet,7965,80,86,1.075
tile:xla,train,retinanet.4x4.fp32_9a97ee975c156e7,retinanet,232,46,52,1.1304347826086956
tile:xla,train,retinanet.4x4.fp32_bce7e02ccd0035f,retinanet,5027,31,33,1.064516129032258
tile:xla,train,retinanet.4x4.fp32_d22926b3346755,retinanet,7919,46,52,1.1304347826086956
tile:xla,train,retinanet.4x4.fp32_df95d2df66986db,retinanet,6,2,1,0.5
tile:xla,train,retinanet.4x4.fp32_f0bc21c1a458494,retinanet,20,14,13,0.9285714285714286
tile:xla,train,shapemask.4x4.fp32_-10ce2876abfeb87a,shapemask,22,6,6,1.0
tile:xla,train,shapemask.4x4.fp32_-1122bac1d8e1459d,shapemask,571,15,14,0.9333333333333333
tile:xla,train,shapemask.4x4.fp32_-11f98510cea3e15e,shapemask,481,38,38,1.0
tile:xla,train,shapemask.4x4.fp32_-129d6365585768e1,shapemask,920,89,91,1.0224719101123596
tile:xla,train,shapemask.4x4.fp32_-13714ee7348b33d1,shapemask,263,58,58,1.0
tile:xla,train,shapemask.4x4.fp32_-1485a9bb74e67021,shapemask,465,57,57,1.0
tile:xla,train,shapemask.4x4.fp32_-14cb8f413c669e46,shapemask,677,83,89,1.072289156626506
tile:xla,train,shapemask.4x4.fp32_-15e99d5acae37e8f,shapemask,1092,12,11,0.9166666666666666
tile:xla,train,shapemask.4x4.fp32_-170eeb88fb5c53b7,shapemask,26,20,22,1.1
tile:xla,train,shapemask.4x4.fp32_-18f06887784e046b,shapemask,672,7,6,0.8571428571428571
tile:xla,train,shapemask.4x4.fp32_-18ff0f8ca851e0b4,shapemask,34,24,24,1.0
tile:xla,train,shapemask.4x4.fp32_-19cdac7376d65163,shapemask,8624,34,37,1.088235294117647
tile:xla,train,shapemask.4x4.fp32_-1aa83ccfce6e442e,shapemask,5052,25,28,1.12
tile:xla,train,shapemask.4x4.fp32_-1af36d54b2a73a3e,shapemask,118,21,20,0.9523809523809523
tile:xla,train,shapemask.4x4.fp32_-1b1c5156536a3914,shapemask,18,2,1,0.5
tile:xla,train,shapemask.4x4.fp32_-1cbf235309126894,shapemask,1073,21,24,1.1428571428571428
tile:xla,train,shapemask.4x4.fp32_-1ed6ac3fb11e9f5a,shapemask,885,65,67,1.0307692307692307
tile:xla,train,shapemask.4x4.fp32_-1fa8de867a02061e,shapemask,991,37,42,1.135135135135135
tile:xla,train,shapemask.4x4.fp32_-2078d3abdb9a7a12,shapemask,776,21,24,1.1428571428571428
tile:xla,train,shapemask.4x4.fp32_-20bd21c7672b273f,shapemask,522,46,52,1.1304347826086956
tile:xla,train,shapemask.4x4.fp32_-21ffd803ef634e24,shapemask,522,25,28,1.12
tile:xla,train,shapemask.4x4.fp32_-22116c8345883fde,shapemask,234,33,35,1.0606060606060606
tile:xla,train,shapemask.4x4.fp32_-227032ac8cd9ef4,shapemask,3381,46,52,1.1304347826086956
tile:xla,train,shapemask.4x4.fp32_-227d183a4392fd6f,shapemask,9390,12,11,0.9166666666666666
tile:xla,train,shapemask.4x4.fp32_-23e04811d4faf70d,shapemask,5997,36,35,0.9722222222222222
tile:xla,train,shapemask.4x4.fp32_-244bff0443d2fc01,shapemask,1073,21,24,1.1428571428571428
tile:xla,train,shapemask.4x4.fp32_-25c355fe15539ded,shapemask,26,14,13,0.9285714285714286
tile:xla,train,shapemask.4x4.fp32_-261c1973f496c578,shapemask,4524,36,35,0.9722222222222222
tile:xla,train,shapemask.4x4.fp32_-27e88673f00c68bb,shapemask,1439,17,16,0.9411764705882353
tile:xla,train,shapemask.4x4.fp32_-2810a8cc771d46e4,shapemask,316,45,44,0.9777777777777777
tile:xla,train,shapemask.4x4.fp32_-29cc30bcc51ba6,shapemask,34,44,44,1.0
tile:xla,train,shapemask.4x4.fp32_-29d50e1d5073220,shapemask,1029,65,67,1.0307692307692307
tile:xla,train,shapemask.4x4.fp32_-29edc9924c6758f9,shapemask,522,34,37,1.088235294117647
tile:xla,train,shapemask.4x4.fp32_-2abc49f6a25b9600,shapemask,1152,83,89,1.072289156626506
tile:xla,train,shapemask.4x4.fp32_-2baa4e89cd5bf2e8,shapemask,589,49,55,1.1224489795918366
tile:xla,train,shapemask.4x4.fp32_-2bd1179648828778,shapemask,66,2,1,0.5
tile:xla,train,shapemask.4x4.fp32_-2d546e67efdf63de,shapemask,544,65,67,1.0307692307692307
tile:xla,train,shapemask.4x4.fp32_-2f92447cfca45676,shapemask,4862,34,37,1.088235294117647
tile:xla,train,shapemask.4x4.fp32_-2fb697819be66c8f,shapemask,1073,45,48,1.0666666666666667
tile:xla,train,shapemask.4x4.fp32_-308d824e29eea7d5,shapemask,4545,80,86,1.075
tile:xla,train,shapemask.4x4.fp32_-3146265f46185acb,shapemask,16,20,22,1.1
tile:xla,train,shapemask.4x4.fp32_-31e461077124e14d,shapemask,263,46,52,1.1304347826086956
tile:xla,train,shapemask.4x4.fp32_-33b9a436563b1fbd,shapemask,131,52,66,1.2692307692307692
tile:xla,train,shapemask.4x4.fp32_-33e07baa50d93d64,shapemask,1601,21,24,1.1428571428571428
tile:xla,train,shapemask.4x4.fp32_-34024f418bd2fa53,shapemask,54,12,11,0.9166666666666666
tile:xla,train,shapemask.4x4.fp32_-35d89f8b1485ef4d,shapemask,44,11,10,0.9090909090909091
tile:xla,train,shapemask.4x4.fp32_-3610943d19006af3,shapemask,4562,12,11,0.9166666666666666
tile:xla,train,shapemask.4x4.fp32_-3620c33510500fb6,shapemask,921,34,37,1.088235294117647
tile:xla,train,shapemask.4x4.fp32_-36436bb12f4166,shapemask,12,2,1,0.5
tile:xla,train,shapemask.4x4.fp32_-36c077d410f07b05,shapemask,60,2,1,0.5
tile:xla,train,shapemask.4x4.fp32_-40294c2fc92f7491,shapemask,9266,31,33,1.064516129032258
tile:xla,train,shapemask.4x4.fp32_-41bdf8d7ab569d84,shapemask,1295,46,52,1.1304347826086956
tile:xla,train,shapemask.4x4.fp32_-4318bde963d8c7aa,shapemask,1439,18,18,1.0
tile:xla,train,shapemask.4x4.fp32_-4319a9015cd90055,shapemask,866,27,28,1.037037037037037
tile:xla,train,shapemask.4x4.fp32_-431a58cc30e72ec6,shapemask,1229,31,33,1.064516129032258
tile:xla,train,shapemask.4x4.fp32_-435759a97200a20,shapemask,2386,49,48,0.9795918367346939
tile:xla,train,shapemask.4x4.fp32_-43d51446aac690df,shapemask,83,11,11,1.0
tile:xla,train,shapemask.4x4.fp32_-44a1c3a2c8b37222,shapemask,738,17,16,0.9411764705882353
tile:xla,train,shapemask.4x4.fp32_-4545ec997ef148e4,shapemask,705,45,44,0.9777777777777777
tile:xla,train,shapemask.4x4.fp32_-45c7d4801d799d56,shapemask,1274,125,168,1.344
tile:xla,train,shapemask.4x4.fp32_-465f1ea891af1320,shapemask,4866,45,48,1.0666666666666667
tile:xla,train,shapemask.4x4.fp32_-4660f8970aba64a7,shapemask,1020,46,45,0.9782608695652174
tile:xla,train,shapemask.4x4.fp32_-467f471facd5ce94,shapemask,412,41,40,0.975609756097561
tile:xla,train,shapemask.4x4.fp32_-46cac9999401b42e,shapemask,2212,45,48,1.0666666666666667
tile:xla,train,shapemask.4x4.fp32_-498bf58ceef73319,shapemask,148,7,6,0.8571428571428571
tile:xla,train,shapemask.4x4.fp32_-498da473591fc92c,shapemask,819,45,44,0.9777777777777777
tile:xla,train,shapemask.4x4.fp32_-4a063d0a76ea88e,shapemask,5998,82,85,1.0365853658536586
tile:xla,train,shapemask.4x4.fp32_-4a5cf2a725ce231c,shapemask,700,71,75,1.056338028169014
tile:xla,train,shapemask.4x4.fp32_-4abe079c41fa17a8,shapemask,5928,80,86,1.075
tile:xla,train,shapemask.4x4.fp32_-4ad0c93f6920bab6,shapemask,34,13,12,0.9230769230769231
tile:xla,train,shapemask.4x4.fp32_-4ba61e2f7ad9a624,shapemask,1729,65,67,1.0307692307692307
tile:xla,train,shapemask.4x4.fp32_-4ba7bf6b07056c1d,shapemask,924,31,33,1.064516129032258
tile:xla,train,shapemask.4x4.fp32_-4c3d09c26ffdadd8,shapemask,2512,49,48,0.9795918367346939
tile:xla,train,shapemask.4x4.fp32_-4e42b56735de808a,shapemask,66,14,13,0.9285714285714286
tile:xla,train,shapemask.4x4.fp32_-4e825b910a64b27e,shapemask,9341,25,28,1.12
tile:xla,train,shapemask.4x4.fp32_-4fd77fabd042d70,shapemask,204,38,47,1.236842105263158
tile:xla,train,shapemask.4x4.fp32_-50f81e62fadfa97e,shapemask,115,2,1,0.5
tile:xla,train,shapemask.4x4.fp32_-514f77422a81ca60,shapemask,234,25,28,1.12
tile:xla,train,shapemask.4x4.fp32_-51ce742d94a933bf,shapemask,866,89,91,1.0224719101123596
tile:xla,train,shapemask.4x4.fp32_-524d014a8a625358,shapemask,2364,80,86,1.075
tile:xla,train,shapemask.4x4.fp32_-53c869889f25a56d,shapemask,940,71,75,1.056338028169014
tile:xla,train,shapemask.4x4.fp32_-553b0cedb4a5ef72,shapemask,5069,12,11,0.9166666666666666
tile:xla,train,shapemask.4x4.fp32_-5656af0968b34d2f,shapemask,288,55,57,1.0363636363636364
tile:xla,train,shapemask.4x4.fp32_-56ad4f1e628dec34,shapemask,111,12,11,0.9166666666666666
tile:xla,train,shapemask.4x4.fp32_-575619a9eb9d7d7f,shapemask,428,59,61,1.0338983050847457
tile:xla,train,shapemask.4x4.fp32_-58949a7c82794a2d,shapemask,441,2,1,0.5
tile:xla,train,shapemask.4x4.fp32_-58c407f935ca4bf1,shapemask,752,80,86,1.075
tile:xla,train,shapemask.4x4.fp32_-59216fc1f1309f9,shapemask,14,25,33,1.32
tile:xla,train,shapemask.4x4.fp32_-59817ac65c9f8ea3,shapemask,1539,36,35,0.9722222222222222
tile:xla,train,shapemask.4x4.fp32_-59dad15394917f36,shapemask,819,31,33,1.064516129032258
tile:xla,train,shapemask.4x4.fp32_-5a30d365c11a0231,shapemask,2998,21,24,1.1428571428571428
tile:xla,train,shapemask.4x4.fp32_-5ad42689cc8da2aa,shapemask,30,14,13,0.9285714285714286
tile:xla,train,shapemask.4x4.fp32_-5b953aad118ef3ff,shapemask,2161,89,91,1.0224719101123596
tile:xla,train,shapemask.4x4.fp32_-5bcc686542fd20eb,shapemask,55,21,20,0.9523809523809523
tile:xla,train,shapemask.4x4.fp32_-5c7735d8cdfed30c,shapemask,465,36,35,0.9722222222222222
tile:xla,train,shapemask.4x4.fp32_-5da48c3c3ee27bf8,shapemask,3369,80,86,1.075
tile:xla,train,shapemask.4x4.fp32_-5dee22002dc65750,shapemask,2417,89,91,1.0224719101123596
tile:xla,train,shapemask.4x4.fp32_-5e61b48715034358,shapemask,783,83,89,1.072289156626506
tile:xla,train,shapemask.4x4.fp32_-5ea2d326309ade17,shapemask,4527,45,48,1.0666666666666667
tile:xla,train,shapemask.4x4.fp32_-5f1203c77b54fa6,shapemask,9347,18,18,1.0
tile:xla,train,shapemask.4x4.fp32_-6108c995dd893814,shapemask,495,12,11,0.9166666666666666
tile:xla,train,shapemask.4x4.fp32_-623e0a3cda8aa77c,shapemask,4905,66,66,1.0
tile:xla,train,shapemask.4x4.fp32_-63e4f729015d62b7,shapemask,819,21,24,1.1428571428571428
tile:xla,train,shapemask.4x4.fp32_-649fc4b2623178f0,shapemask,819,27,26,0.9629629629629629
tile:xla,train,shapemask.4x4.fp32_-64bc676a59b08e07,shapemask,4642,45,48,1.0666666666666667
tile:xla,train,shapemask.4x4.fp32_-661febbc8f22386f,shapemask,25,26,29,1.1153846153846154
tile:xla,train,shapemask.4x4.fp32_-6667502c526d7594,shapemask,1518,66,72,1.0909090909090908
tile:xla,train,shapemask.4x4.fp32_-676c9f6f77ebbf06,shapemask,263,66,66,1.0
tile:xla,train,shapemask.4x4.fp32_-6817b374d3cb5499,shapemask,771,45,48,1.0666666666666667
tile:xla,train,shapemask.4x4.fp32_-6915285bde13866e,shapemask,1482,23,22,0.9565217391304348
tile:xla,train,shapemask.4x4.fp32_-6b0761047e64b10b,shapemask,252,2,1,0.5
tile:xla,train,shapemask.4x4.fp32_-6be5247fe04cfcc5,shapemask,807,65,67,1.0307692307692307
tile:xla,train,shapemask.4x4.fp32_-6e5e139fe99b2895,shapemask,4262,89,91,1.0224719101123596
tile:xla,train,shapemask.4x4.fp32_-6ebf5c2018ac93c3,shapemask,866,32,35,1.09375
tile:xla,train,shapemask.4x4.fp32_-6f5dc5bf4c00ec37,shapemask,4593,89,91,1.0224719101123596
tile:xla,train,shapemask.4x4.fp32_-6fb2863677b2d5b9,shapemask,36,52,66,1.2692307692307692
tile:xla,train,shapemask.4x4.fp32_-71a01823eebe5542,shapemask,4747,46,52,1.1304347826086956
tile:xla,train,shapemask.4x4.fp32_-71fca22a604fcc5b,shapemask,3907,46,52,1.1304347826086956
tile:xla,train,shapemask.4x4.fp32_-72a45e97b7b28d18,shapemask,522,25,28,1.12
tile:xla,train,shapemask.4x4.fp32_-72c84cf6e5e2d028,shapemask,991,80,86,1.075
tile:xla,train,shapemask.4x4.fp32_-75cbfa9e9c4cb97c,shapemask,693,53,67,1.2641509433962264
tile:xla,train,shapemask.4x4.fp32_-75f984bc371ff108,shapemask,1073,21,24,1.1428571428571428
tile:xla,train,shapemask.4x4.fp32_-76a5dc018f950db6,shapemask,1545,12,11,0.9166666666666666
tile:xla,train,shapemask.4x4.fp32_-793e5057301b5163,shapemask,4660,125,168,1.344
tile:xla,train,shapemask.4x4.fp32_-7da622071a9ee20f,shapemask,9390,12,11,0.9166666666666666
tile:xla,train,shapemask.4x4.fp32_-7fc3fe745fc71eed,shapemask,522,49,52,1.0612244897959184
tile:xla,train,shapemask.4x4.fp32_-84edb2c2b80efe3,shapemask,926,36,35,0.9722222222222222
tile:xla,train,shapemask.4x4.fp32_-8626e58ae4f031a,shapemask,4977,21,21,1.0
tile:xla,train,shapemask.4x4.fp32_-9a340ebf9246d33,shapemask,536,65,67,1.0307692307692307
tile:xla,train,shapemask.4x4.fp32_-a56b51706629b53,shapemask,567,38,38,1.0
tile:xla,train,shapemask.4x4.fp32_-d1e20f024e7ec83,shapemask,76,52,66,1.2692307692307692
tile:xla,train,shapemask.4x4.fp32_100c1d1e6b70b983,shapemask,1298,36,35,0.9722222222222222
tile:xla,train,shapemask.4x4.fp32_10116dd9b1612281,shapemask,34,14,13,0.9285714285714286
tile:xla,train,shapemask.4x4.fp32_10d1fdc796bc6adb,shapemask,54,15,14,0.9333333333333333
tile:xla,train,shapemask.4x4.fp32_11fdb3e7d0609aa5,shapemask,4936,31,33,1.064516129032258
tile:xla,train,shapemask.4x4.fp32_12c97fddb75897db,shapemask,9390,49,52,1.0612244897959184
tile:xla,train,shapemask.4x4.fp32_12e80f01a07b823e,shapemask,12,2,1,0.5
tile:xla,train,shapemask.4x4.fp32_13f9ce79cbee1f79,shapemask,148,11,11,1.0
tile:xla,train,shapemask.4x4.fp32_13ff38492fa4736b,shapemask,925,25,28,1.12
tile:xla,train,shapemask.4x4.fp32_15034e2e043d579a,shapemask,2,2,1,0.5
tile:xla,train,shapemask.4x4.fp32_15262998598f223b,shapemask,5025,25,28,1.12
tile:xla,train,shapemask.4x4.fp32_15745df61ebc2ccb,shapemask,4907,80,86,1.075
tile:xla,train,shapemask.4x4.fp32_15a1f9523cce23c1,shapemask,22,20,22,1.1
tile:xla,train,shapemask.4x4.fp32_15a654a7a0d8d00e,shapemask,14,37,47,1.2702702702702702
tile:xla,train,shapemask.4x4.fp32_15c8ed14770f4c5e,shapemask,1138,27,26,0.9629629629629629
tile:xla,train,shapemask.4x4.fp32_166a358b5dd95af1,shapemask,870,80,86,1.075
tile:xla,train,shapemask.4x4.fp32_17fcfd9489880dd2,shapemask,4544,89,91,1.0224719101123596
tile:xla,train,shapemask.4x4.fp32_18860cf40b97ce10,shapemask,8509,127,170,1.3385826771653544
tile:xla,train,shapemask.4x4.fp32_190a7d90ab5ad2c5,shapemask,5036,46,52,1.1304347826086956
tile:xla,train,shapemask.4x4.fp32_19a761dec14c9d1,shapemask,4995,46,52,1.1304347826086956
tile:xla,train,shapemask.4x4.fp32_1a70afbc5b9979a0,shapemask,458,46,52,1.1304347826086956
tile:xla,train,shapemask.4x4.fp32_1bf4d5018956784d,shapemask,796,45,48,1.0666666666666667
tile:xla,train,shapemask.4x4.fp32_1bfc0e1cca8c38e8,shapemask,30,20,22,1.1
tile:xla,train,shapemask.4x4.fp32_1c814386a7057643,shapemask,234,49,52,1.0612244897959184
tile:xla,train,shapemask.4x4.fp32_1eb99ea87961f8fe,shapemask,525,49,48,0.9795918367346939
tile:xla,train,shapemask.4x4.fp32_1f4f47ce4e8c36d1,shapemask,9911,46,52,1.1304347826086956
tile:xla,train,shapemask.4x4.fp32_20357ec1357a420c,shapemask,316,27,26,0.9629629629629629
tile:xla,train,shapemask.4x4.fp32_206fbf9ce0644826,shapemask,1019,46,52,1.1304347826086956
tile:xla,train,shapemask.4x4.fp32_20cac2c059ad74c4,shapemask,1545,21,24,1.1428571428571428
tile:xla,train,shapemask.4x4.fp32_223cea8595cca2a0,shapemask,1861,21,24,1.1428571428571428
tile:xla,train,shapemask.4x4.fp32_22e3ed158d48fa2d,shapemask,22,12,11,0.9166666666666666
tile:xla,train,shapemask.4x4.fp32_23bad9e43b973053,shapemask,8910,40,39,0.975
tile:xla,train,shapemask.4x4.fp32_2421cff57e209daa,shapemask,803,23,22,0.9565217391304348
tile:xla,train,shapemask.4x4.fp32_2440d9b720af0abe,shapemask,1020,89,91,1.0224719101123596
tile:xla,train,shapemask.4x4.fp32_25930f4b56598218,shapemask,5995,125,168,1.344
tile:xla,train,shapemask.4x4.fp32_2825fb51b5fecb45,shapemask,5052,45,48,1.0666666666666667
tile:xla,train,shapemask.4x4.fp32_28ef0a48b0c01f99,shapemask,924,21,21,1.0
tile:xla,train,shapemask.4x4.fp32_2972789e890343e8,shapemask,1799,21,24,1.1428571428571428
tile:xla,train,shapemask.4x4.fp32_297bb89458ee367f,shapemask,9993,36,35,0.9722222222222222
tile:xla,train,shapemask.4x4.fp32_2b5b06e1e21064f4,shapemask,1500,65,67,1.0307692307692307
tile:xla,train,shapemask.4x4.fp32_2c384f7789a08bb8,shapemask,465,66,66,1.0
tile:xla,train,shapemask.4x4.fp32_2d449281bc212570,shapemask,926,12,11,0.9166666666666666
tile:xla,train,shapemask.4x4.fp32_2e4eb8bd0dbf9cad,shapemask,5072,55,57,1.0363636363636364
tile:xla,train,shapemask.4x4.fp32_2ebccfe8b36d83d5,shapemask,74,32,43,1.34375
tile:xla,train,shapemask.4x4.fp32_2eeba24a4eb007ff,shapemask,472,29,29,1.0
tile:xla,train,shapemask.4x4.fp32_31749029e5c524f,shapemask,800,12,11,0.9166666666666666
tile:xla,train,shapemask.4x4.fp32_3285370c7f32d7f1,shapemask,234,36,35,0.9722222222222222
tile:xla,train,shapemask.4x4.fp32_3293afcf18395c1c,shapemask,4,2,1,0.5
tile:xla,train,shapemask.4x4.fp32_32c0bae0021a429f,shapemask,4,2,1,0.5
tile:xla,train,shapemask.4x4.fp32_346f3de6a1abfcd4,shapemask,30,33,34,1.0303030303030303
tile:xla,train,shapemask.4x4.fp32_35eda8077645ba03,shapemask,1556,65,67,1.0307692307692307
tile:xla,train,shapemask.4x4.fp32_3931ac521e4d166b,shapemask,64,19,19,1.0
tile:xla,train,shapemask.4x4.fp32_3ab80058dcd4be0c,shapemask,2,2,1,0.5
tile:xla,train,shapemask.4x4.fp32_3b69e9ff7368ac91,shapemask,22,2,1,0.5
tile:xla,train,shapemask.4x4.fp32_3bf8c0a54feef3c1,shapemask,1214,28,28,1.0
tile:xla,train,shapemask.4x4.fp32_3c177f3920081c95,shapemask,1194,83,89,1.072289156626506
tile:xla,train,shapemask.4x4.fp32_3c87e3596a1a8512,shapemask,910,71,75,1.056338028169014
tile:xla,train,shapemask.4x4.fp32_3caebcc57f6beb18,shapemask,1347,71,75,1.056338028169014
tile:xla,train,shapemask.4x4.fp32_3f0dcd4a1ea16f87,shapemask,234,42,42,1.0
tile:xla,train,shapemask.4x4.fp32_41366dde14637028,shapemask,4705,89,91,1.0224719101123596
tile:xla,train,shapemask.4x4.fp32_41c7c8a6ef06afd7,shapemask,55,38,38,1.0
tile:xla,train,shapemask.4x4.fp32_4261cfe6672bc059,shapemask,758,89,91,1.0224719101123596
tile:xla,train,shapemask.4x4.fp32_431c43a451a56940,shapemask,9113,46,52,1.1304347826086956
tile:xla,train,shapemask.4x4.fp32_4350cf0b493e49c4,shapemask,908,71,75,1.056338028169014
tile:xla,train,shapemask.4x4.fp32_43b173238e03e048,shapemask,9390,25,28,1.12
tile:xla,train,shapemask.4x4.fp32_4600b806867c59fb,shapemask,430,44,43,0.9772727272727273
tile:xla,train,shapemask.4x4.fp32_4613d871c9dc6f01,shapemask,1294,65,67,1.0307692307692307
tile:xla,train,shapemask.4x4.fp32_46806cc7f08cef96,shapemask,29,14,13,0.9285714285714286
tile:xla,train,shapemask.4x4.fp32_46bb40f02a367b42,shapemask,580,46,52,1.1304347826086956
tile:xla,train,shapemask.4x4.fp32_477eba67db106058,shapemask,558,21,24,1.1428571428571428
tile:xla,train,shapemask.4x4.fp32_4d50ce0a1b015a1b,shapemask,4656,66,72,1.0909090909090908
tile:xla,train,shapemask.4x4.fp32_4ddb629c463c761e,shapemask,5069,49,52,1.0612244897959184
tile:xla,train,shapemask.4x4.fp32_4e2a558aa11b6ddc,shapemask,46,14,13,0.9285714285714286
tile:xla,train,shapemask.4x4.fp32_4e434ee9390e6e5,shapemask,926,25,28,1.12
tile:xla,train,shapemask.4x4.fp32_4e81439e41b10bd2,shapemask,62,38,47,1.236842105263158
tile:xla,train,shapemask.4x4.fp32_5011a9723b3f792f,shapemask,522,36,35,0.9722222222222222
tile:xla,train,shapemask.4x4.fp32_5045ab5a5565be70,shapemask,166,14,13,0.9285714285714286
tile:xla,train,shapemask.4x4.fp32_50c6f60eed82585b,shapemask,459,21,20,0.9523809523809523
tile:xla,train,shapemask.4x4.fp32_513d510c85e433ac,shapemask,1029,65,67,1.0307692307692307
tile:xla,train,shapemask.4x4.fp32_5188bda4d7a74d03,shapemask,4957,89,91,1.0224719101123596
tile:xla,train,shapemask.4x4.fp32_52ca2f733a2de93d,shapemask,34,42,54,1.2857142857142858
tile:xla,train,shapemask.4x4.fp32_55641e585ab1e822,shapemask,30,43,50,1.1627906976744187
tile:xla,train,shapemask.4x4.fp32_56b0f032e749e5c,shapemask,35,2,1,0.5
tile:xla,train,shapemask.4x4.fp32_573ad3408f2497b0,shapemask,1101,24,23,0.9583333333333334
tile:xla,train,shapemask.4x4.fp32_5759e1d8baf951bb,shapemask,926,49,52,1.0612244897959184
tile:xla,train,shapemask.4x4.fp32_57fb3ad0a4f89f1d,shapemask,571,19,18,0.9473684210526315
tile:xla,train,shapemask.4x4.fp32_58a8d76a24db11d7,shapemask,1785,71,75,1.056338028169014
tile:xla,train,shapemask.4x4.fp32_58abbb7b570ef673,shapemask,2,2,1,0.5
tile:xla,train,shapemask.4x4.fp32_59a1ee669260c98c,shapemask,3151,55,57,1.0363636363636364
tile:xla,train,shapemask.4x4.fp32_59bdb5c9530eaedf,shapemask,1709,65,67,1.0307692307692307
tile:xla,train,shapemask.4x4.fp32_59f2447d1c99b995,shapemask,926,12,11,0.9166666666666666
tile:xla,train,shapemask.4x4.fp32_59f8865d1ee7bfd1,shapemask,1092,45,48,1.0666666666666667
tile:xla,train,shapemask.4x4.fp32_5c23ddf302db325c,shapemask,1020,65,67,1.0307692307692307
tile:xla,train,shapemask.4x4.fp32_5c442e2f4486b60b,shapemask,710,63,63,1.0
tile:xla,train,shapemask.4x4.fp32_5fdde1397e99e6c9,shapemask,2016,8,7,0.875
tile:xla,train,shapemask.4x4.fp32_603a6360f98293f9,shapemask,636,21,24,1.1428571428571428
tile:xla,train,shapemask.4x4.fp32_61d9af7e6254858e,shapemask,1739,31,33,1.064516129032258
tile:xla,train,shapemask.4x4.fp32_626afa1f6d2dbaa5,shapemask,83,14,13,0.9285714285714286
tile:xla,train,shapemask.4x4.fp32_626d0f5a36fbc4ef,shapemask,349,2,1,0.5
tile:xla,train,shapemask.4x4.fp32_627737ed2b4a216b,shapemask,118,38,38,1.0
tile:xla,train,shapemask.4x4.fp32_63973b42658e6f4c,shapemask,2197,46,45,0.9782608695652174
tile:xla,train,shapemask.4x4.fp32_65cca3ce8ff9f343,shapemask,522,31,33,1.064516129032258
tile:xla,train,shapemask.4x4.fp32_6645347af1527bc9,shapemask,83,7,6,0.8571428571428571
tile:xla,train,shapemask.4x4.fp32_668114da02885db6,shapemask,9390,36,35,0.9722222222222222
tile:xla,train,shapemask.4x4.fp32_679f68b85e257cb8,shapemask,234,12,11,0.9166666666666666
tile:xla,train,shapemask.4x4.fp32_67c34a8d374745f6,shapemask,522,12,11,0.9166666666666666
tile:xla,train,shapemask.4x4.fp32_689fb9a1f095d50c,shapemask,4835,36,35,0.9722222222222222
tile:xla,train,shapemask.4x4.fp32_6c60e1d4fa01b98b,shapemask,705,27,26,0.9629629629629629
tile:xla,train,shapemask.4x4.fp32_6d3d51f1b76a2ab3,shapemask,2,2,1,0.5
tile:xla,train,shapemask.4x4.fp32_6d60291711b8cfe6,shapemask,914,80,86,1.075
tile:xla,train,shapemask.4x4.fp32_6f13d20e79753aa6,shapemask,5158,49,52,1.0612244897959184
tile:xla,train,shapemask.4x4.fp32_71748b1e5efcac27,shapemask,925,46,52,1.1304347826086956
tile:xla,train,shapemask.4x4.fp32_7402c137c44d0df0,shapemask,18,2,1,0.5
tile:xla,train,shapemask.4x4.fp32_7550aea358b8137c,shapemask,64,11,10,0.9090909090909091
tile:xla,train,shapemask.4x4.fp32_75680c7f3124a84f,shapemask,4,2,1,0.5
tile:xla,train,shapemask.4x4.fp32_7606fbd5a7cee94b,shapemask,1138,45,44,0.9777777777777777
tile:xla,train,shapemask.4x4.fp32_765fe47f0d1e34f6,shapemask,4708,80,86,1.075
tile:xla,train,shapemask.4x4.fp32_76df73d777fa0880,shapemask,1362,21,24,1.1428571428571428
tile:xla,train,shapemask.4x4.fp32_7743f9fd6661d5cf,shapemask,2469,45,48,1.0666666666666667
tile:xla,train,shapemask.4x4.fp32_7791fdc804737949,shapemask,5069,25,28,1.12
tile:xla,train,shapemask.4x4.fp32_789f25d9d863c57e,shapemask,209,12,11,0.9166666666666666
tile:xla,train,shapemask.4x4.fp32_78a57186f33c1d84,shapemask,34,12,11,0.9166666666666666
tile:xla,train,shapemask.4x4.fp32_7a891cc967e8db3f,shapemask,4852,45,48,1.0666666666666667
tile:xla,train,shapemask.4x4.fp32_7acd36f9eb71f842,shapemask,1305,52,66,1.2692307692307692
tile:xla,train,shapemask.4x4.fp32_7cb4f2da2b6accc8,shapemask,1234,71,75,1.056338028169014
tile:xla,train,shapemask.4x4.fp32_7ee403bffd89aee8,shapemask,580,125,168,1.344
tile:xla,train,shapemask.4x4.fp32_7eeed176588b8b42,shapemask,5973,80,86,1.075
tile:xla,train,shapemask.4x4.fp32_7fc287f5d914664e,shapemask,234,34,37,1.088235294117647
tile:xla,train,shapemask.4x4.fp32_9a97ee975c156e7,shapemask,465,46,52,1.1304347826086956
tile:xla,train,shapemask.4x4.fp32_bce7e02ccd0035f,shapemask,5027,31,33,1.064516129032258
tile:xla,train,shapemask.4x4.fp32_ca8205d3b1536ff,shapemask,543,32,34,1.0625
tile:xla,train,shapemask.4x4.fp32_cd83832dd340165,shapemask,522,12,11,0.9166666666666666
tile:xla,train,shapemask.4x4.fp32_d22926b3346755,shapemask,7917,46,52,1.1304347826086956
tile:xla,train,shapemask.4x4.fp32_d5269162683ffb9,shapemask,17,9,9,1.0
tile:xla,train,shapemask.4x4.fp32_e42c22837e4c6a9,shapemask,956,7,6,0.8571428571428571
tile:xla,train,shapemask.4x4.fp32_f0bc21c1a458494,shapemask,42,14,13,0.9285714285714286
tile:xla,train,tf2_bert_pretrain_dynamic_sequence_length_-151619d4239448a8,bert,370,62,67,1.0806451612903225
tile:xla,train,tf2_bert_pretrain_dynamic_sequence_length_-1972c148bcabec74,bert,480,7,6,0.8571428571428571
tile:xla,train,tf2_bert_pretrain_dynamic_sequence_length_-1a839ad8d83f8921,bert,130,9,8,0.8888888888888888
tile:xla,train,tf2_bert_pretrain_dynamic_sequence_length_-2217af8f124dbdb1,bert,189,42,43,1.0238095238095237
tile:xla,train,tf2_bert_pretrain_dynamic_sequence_length_-2e7e1849d90f6cbd,bert,572,107,112,1.0467289719626167
tile:xla,train,tf2_bert_pretrain_dynamic_sequence_length_-329ee235cf9f1e86,bert,733,79,91,1.1518987341772151
tile:xla,train,tf2_bert_pretrain_dynamic_sequence_length_-3750f9e7f41ddbbf,bert,497,118,133,1.1271186440677967
tile:xla,train,tf2_bert_pretrain_dynamic_sequence_length_-3798d2a676d8377c,bert,370,71,86,1.2112676056338028
tile:xla,train,tf2_bert_pretrain_dynamic_sequence_length_-38b1667a73368ca5,bert,370,57,57,1.0
tile:xla,train,tf2_bert_pretrain_dynamic_sequence_length_-3ba735b7bb5ae86c,bert,106,33,34,1.0303030303030303
tile:xla,train,tf2_bert_pretrain_dynamic_sequence_length_-3eb82131670d1655,bert,370,83,89,1.072289156626506
tile:xla,train,tf2_bert_pretrain_dynamic_sequence_length_-4f285fe47b834736,bert,129,19,25,1.3157894736842106
tile:xla,train,tf2_bert_pretrain_dynamic_sequence_length_-51f5a40ac06e51cc,bert,484,9,8,0.8888888888888888
tile:xla,train,tf2_bert_pretrain_dynamic_sequence_length_-560583be2c66ff54,bert,94,38,37,0.9736842105263158
tile:xla,train,tf2_bert_pretrain_dynamic_sequence_length_-5ebf300504795e8c,bert,109,73,78,1.0684931506849316
tile:xla,train,tf2_bert_pretrain_dynamic_sequence_length_-5ef9ad36eeed1502,bert,75,47,50,1.0638297872340425
tile:xla,train,tf2_bert_pretrain_dynamic_sequence_length_-607367ee8dc8a7a0,bert,370,66,71,1.0757575757575757
tile:xla,train,tf2_bert_pretrain_dynamic_sequence_length_-691df3654e8847e4,bert,370,68,73,1.0735294117647058
tile:xla,train,tf2_bert_pretrain_dynamic_sequence_length_-6c22ea499ce8c3bd,bert,94,63,67,1.0634920634920635
tile:xla,train,tf2_bert_pretrain_dynamic_sequence_length_-73f3e7390f5a7cbf,bert,370,16,15,0.9375
tile:xla,train,tf2_bert_pretrain_dynamic_sequence_length_-790541490758d609,bert,370,85,101,1.188235294117647
tile:xla,train,tf2_bert_pretrain_dynamic_sequence_length_-7a065712eb2e0f47,bert,750,78,86,1.1025641025641026
tile:xla,train,tf2_bert_pretrain_dynamic_sequence_length_-7b643fa5bd9d75ad,bert,15,13,12,0.9230769230769231
tile:xla,train,tf2_bert_pretrain_dynamic_sequence_length_-7e2329caba8697c,bert,94,20,20,1.0
tile:xla,train,tf2_bert_pretrain_dynamic_sequence_length_-a7325193e8afa94,bert,370,40,40,1.0
tile:xla,train,tf2_bert_pretrain_dynamic_sequence_length_14784c5054713d47,bert,22,59,74,1.2542372881355932
tile:xla,train,tf2_bert_pretrain_dynamic_sequence_length_16be7321d2499736,bert,28,96,100,1.0416666666666667
tile:xla,train,tf2_bert_pretrain_dynamic_sequence_length_17a8e902f69e433f,bert,189,52,52,1.0
tile:xla,train,tf2_bert_pretrain_dynamic_sequence_length_1b5e59e30c25fe75,bert,370,13,12,0.9230769230769231
tile:xla,train,tf2_bert_pretrain_dynamic_sequence_length_2efddc83f942f517,bert,187,38,41,1.0789473684210527
tile:xla,train,tf2_bert_pretrain_dynamic_sequence_length_348c57f50ccbf79a,bert,136,33,33,1.0
tile:xla,train,tf2_bert_pretrain_dynamic_sequence_length_3e68e82ccbb9e993,bert,109,67,82,1.2238805970149254
tile:xla,train,tf2_bert_pretrain_dynamic_sequence_length_43e1f7960b47b323,bert,165,8,7,0.875
tile:xla,train,tf2_bert_pretrain_dynamic_sequence_length_43f101a06293d6f0,bert,27,91,95,1.043956043956044
tile:xla,train,tf2_bert_pretrain_dynamic_sequence_length_447509e3293e630e,bert,130,9,8,0.8888888888888888
tile:xla,train,tf2_bert_pretrain_dynamic_sequence_length_4a412ccfebbf4a5c,bert,190,13,12,0.9230769230769231
tile:xla,train,tf2_bert_pretrain_dynamic_sequence_length_4a523476358011a0,bert,758,67,72,1.0746268656716418
tile:xla,train,tf2_bert_pretrain_dynamic_sequence_length_5328c79c4e1741cd,bert,180,8,7,0.875
tile:xla,train,tf2_bert_pretrain_dynamic_sequence_length_555dd5f48cd18edb,bert,22,39,39,1.0
tile:xla,train,tf2_bert_pretrain_dynamic_sequence_length_6437fdf1764e85bc,bert,204,47,50,1.0638297872340425
tile:xla,train,tf2_bert_pretrain_dynamic_sequence_length_6920ab3c64444f56,bert,70,39,41,1.0512820512820513
tile:xla,train,tf2_bert_pretrain_dynamic_sequence_length_6b91a3ff42eab412,bert,58,2,1,0.5
tile:xla,train,tf2_bert_pretrain_dynamic_sequence_length_6d97e0ee5d62cbeb,bert,750,36,36,1.0
tile:xla,train,tf2_bert_pretrain_dynamic_sequence_length_6ed40f8b9d970c45,bert,70,47,50,1.0638297872340425
tile:xla,train,tf2_bert_pretrain_dynamic_sequence_length_736410ae70a4ddca,bert,136,22,21,0.9545454545454546
tile:xla,train,tf2_bert_pretrain_dynamic_sequence_length_73e2ea12e2b12ff3,bert,94,59,62,1.0508474576271187
tile:xla,train,tf2_bert_pretrain_dynamic_sequence_length_7421f45ba45fb97a,bert,370,29,28,0.9655172413793104
tile:xla,train,tf2_bert_pretrain_dynamic_sequence_length_74ada888cf0d2139,bert,26,33,34,1.0303030303030303
tile:xla,train,tf2_bert_pretrain_dynamic_sequence_length_760a320be53b4a2e,bert,370,58,60,1.0344827586206897
tile:xla,train,tf2_bert_pretrain_dynamic_sequence_length_76d4e9478127c0be,bert,511,59,63,1.0677966101694916
tile:xla,train,tf2_bert_pretrain_dynamic_sequence_length_79382dcf1ad025b9,bert,100,13,12,0.9230769230769231
tile:xla,train,tf2_bert_pretrain_dynamic_sequence_length_7cb50f9a529a669a,bert,27,88,92,1.0454545454545454
tile:xla,train,tf2_bert_pretrain_dynamic_sequence_length_90bdb3d787a3950,bert,370,37,37,1.0
tile:xla,train,tf2_bert_pretrain_dynamic_sequence_length_9f9b7247c6cd614,bert,136,38,38,1.0
tile:xla,train,tf2_bert_pretrain_dynamic_sequence_length_a6a08f362c38143,bert,15,13,12,0.9230769230769231
tile:xla,train,tf2_bert_pretrain_dynamic_sequence_length_fd6326a68de3541,bert,370,54,54,1.0
tile:xla,train,tf2_bert_squad_dynamic_-13caeb8503c8e4f2,bert,1392,29,28,0.9655172413793104
tile:xla,train,tf2_bert_squad_dynamic_-2003436060cb431a,bert,136,82,85,1.0365853658536586
tile:xla,train,tf2_bert_squad_dynamic_-24bc36973596d411,bert,41,37,40,1.0810810810810811
tile:xla,train,tf2_bert_squad_dynamic_-2975d366c6c64fd6,bert,775,78,78,1.0
tile:xla,train,tf2_bert_squad_dynamic_-29fc310a6688d1fd,bert,1864,55,57,1.0363636363636364
tile:xla,train,tf2_bert_squad_dynamic_-2aad1e5f2e392bac,bert,218,20,20,1.0
tile:xla,train,tf2_bert_squad_dynamic_-375a20232a97a35a,bert,142,7,6,0.8571428571428571
tile:xla,train,tf2_bert_squad_dynamic_-3e39a4abcb5bc02e,bert,1030,69,81,1.173913043478261
tile:xla,train,tf2_bert_squad_dynamic_-3f9661340250c822,bert,1304,58,60,1.0344827586206897
tile:xla,train,tf2_bert_squad_dynamic_-48c3a75dd1fe19e5,bert,928,38,38,1.0
tile:xla,train,tf2_bert_squad_dynamic_-4b19c044fdba962f,bert,180,7,6,0.8571428571428571
tile:xla,train,tf2_bert_squad_dynamic_-58de62dd25b6c534,bert,927,13,12,0.9230769230769231
tile:xla,train,tf2_bert_squad_dynamic_-58f443b09c54fd59,bert,1370,40,40,1.0
tile:xla,train,tf2_bert_squad_dynamic_-5961a420c79250c2,bert,1360,54,54,1.0
tile:xla,train,tf2_bert_squad_dynamic_-5ef9ad36eeed1502,bert,75,47,50,1.0638297872340425
tile:xla,train,tf2_bert_squad_dynamic_-6f89c9a23e94a612,bert,1394,50,52,1.04
tile:xla,train,tf2_bert_squad_dynamic_11906e47db2fd87a,bert,62,11,10,0.9090909090909091
tile:xla,train,tf2_bert_squad_dynamic_124f6c44de74f5a5,bert,155,90,93,1.0333333333333334
tile:xla,train,tf2_bert_squad_dynamic_171e1d9131764311,bert,130,8,7,0.875
tile:xla,train,tf2_bert_squad_dynamic_17e55f398ddbdd57,bert,217,53,55,1.0377358490566038
tile:xla,train,tf2_bert_squad_dynamic_2764c77d78ea2e9b,bert,289,73,78,1.0684931506849316
tile:xla,train,tf2_bert_squad_dynamic_2a6a28fe53234ab3,bert,1574,73,84,1.1506849315068493
tile:xla,train,tf2_bert_squad_dynamic_2cf2f275fbb356fa,bert,31,27,27,1.0
tile:xla,train,tf2_bert_squad_dynamic_30ba33968603875b,bert,702,69,71,1.0289855072463767
tile:xla,train,tf2_bert_squad_dynamic_353817de78dac154,bert,363,2,1,0.5
tile:xla,train,tf2_bert_squad_dynamic_3ad952735f6da032,bert,1809,66,71,1.0757575757575757
tile:xla,train,tf2_bert_squad_dynamic_3c0d5bb77a32525,bert,1380,56,58,1.0357142857142858
tile:xla,train,tf2_bert_squad_dynamic_3c93e8ca78454658,bert,285,60,72,1.2
tile:xla,train,tf2_bert_squad_dynamic_442461401d285144,bert,217,24,23,0.9583333333333334
tile:xla,train,tf2_bert_squad_dynamic_460cccede050779f,bert,34,27,29,1.0740740740740742
tile:xla,train,tf2_bert_squad_dynamic_464997d0789f0744,bert,150,39,41,1.0512820512820513
tile:xla,train,tf2_bert_squad_dynamic_488cebc3ee5c3fb5,bert,150,33,34,1.0303030303030303
tile:xla,train,tf2_bert_squad_dynamic_4ad623e0ea74dfae,bert,1287,66,71,1.0757575757575757
tile:xla,train,tf2_bert_squad_dynamic_4c98972aeda9ff7f,bert,217,32,32,1.0
tile:xla,train,tf2_bert_squad_dynamic_4ed2e398ea1b3687,bert,1369,71,74,1.0422535211267605
tile:xla,train,tf2_bert_squad_dynamic_520a3f1fb824b64,bert,1439,12,11,0.9166666666666666
tile:xla,train,tf2_bert_squad_dynamic_52ef6510fc02583a,bert,904,22,21,0.9545454545454546
tile:xla,train,tf2_bert_squad_dynamic_540a8383bbe6eb91,bert,150,19,18,0.9473684210526315
tile:xla,train,tf2_bert_squad_dynamic_5dc4052dbd25149f,bert,218,22,21,0.9545454545454546
tile:xla,train,tf2_bert_squad_dynamic_615a98d2ad2aef71,bert,130,8,7,0.875
tile:xla,train,tf2_bert_squad_dynamic_624a5c53cca60b8f,bert,1851,36,36,1.0
tile:xla,train,tf2_bert_squad_dynamic_6437fdf1764e85bc,bert,184,47,50,1.0638297872340425
tile:xla,train,tf2_bert_squad_dynamic_6a78964961a92e4e,bert,165,7,6,0.8571428571428571
tile:xla,train,tf2_bert_squad_dynamic_6b2e0524153d3f3,bert,142,16,16,1.0
tile:xla,train,tf2_bert_squad_dynamic_6ce48a4645fbfa92,bert,217,7,6,0.8571428571428571
tile:xla,train,tf2_bert_squad_dynamic_6ed40f8b9d970c45,bert,70,47,50,1.0638297872340425
tile:xla,train,tf2_bert_squad_dynamic_6f8a8201ca6f5beb,bert,1360,57,57,1.0
tile:xla,train,tf2_bert_squad_dynamic_70d0ec048d19bf81,bert,136,85,88,1.035294117647059
tile:xla,train,tf2_bert_squad_dynamic_71ebd4c321ce6687,bert,929,33,33,1.0
tile:xla,train,tf2_bert_squad_dynamic_a460cd10ff172bc,bert,1370,37,37,1.0
tile:xla,train,tf2_bert_squad_dynamic_a468baabb0fead1,bert,1013,83,96,1.1566265060240963
tile:xla,train,tf2_bert_squad_dynamic_b10c9570c7dc78f,bert,34,13,12,0.9230769230769231
tile:xla,train,tf2_bert_squad_dynamic_bf35f094a54dc39,bert,42,13,12,0.9230769230769231
tile:xla,train,tf2_bert_squad_dynamic_d92e03713d726d1,bert,150,12,11,0.9166666666666666
tile:xla,train,tf2_bert_squad_dynamic_f4f19f7e3f519b7,bert,6,2,1,0.5
tile:xla,train,transformer.2x2.fp32_-1d16cdc65ce96ca2,transformer,107,31,35,1.1290322580645162
tile:xla,train,transformer.2x2.fp32_-24fc1c4dfdb64e25,transformer,191,50,59,1.18
tile:xla,train,transformer.2x2.fp32_-253e155993b98bdc,transformer,951,56,56,1.0
tile:xla,train,transformer.2x2.fp32_-2d2e8d64b95a4d9a,transformer,168,34,33,0.9705882352941176
tile:xla,train,transformer.2x2.fp32_-34bd70f37e9c08b8,transformer,1213,50,52,1.04
tile:xla,train,transformer.2x2.fp32_-3a3a0a28ed395f58,transformer,949,36,36,1.0
tile:xla,train,transformer.2x2.fp32_-3dc219d570833137,transformer,168,31,30,0.967741935483871
tile:xla,train,transformer.2x2.fp32_-424a72805385785c,transformer,198,13,12,0.9230769230769231
tile:xla,train,transformer.2x2.fp32_-4b08c7be2d7b10df,transformer,306,16,15,0.9375
tile:xla,train,transformer.2x2.fp32_-515257dc2bd97121,transformer,949,58,58,1.0
tile:xla,train,transformer.2x2.fp32_-5a52d96d689ffc54,transformer,949,55,55,1.0
tile:xla,train,transformer.2x2.fp32_-5af1e187c8fa2787,transformer,950,34,34,1.0
tile:xla,train,transformer.2x2.fp32_-609897f4dd129f27,transformer,171,39,38,0.9743589743589743
tile:xla,train,transformer.2x2.fp32_-693c6cead01beb75,transformer,954,13,12,0.9230769230769231
tile:xla,train,transformer.2x2.fp32_-696da64345ddc435,transformer,168,45,46,1.0222222222222221
tile:xla,train,transformer.2x2.fp32_-6b8d7ac29b33a79a,transformer,1908,39,38,0.9743589743589743
tile:xla,train,transformer.2x2.fp32_-6dd126a6c382177,transformer,225,56,57,1.0178571428571428
tile:xla,train,transformer.2x2.fp32_-709558916b1cbcd4,transformer,948,16,15,0.9375
tile:xla,train,transformer.2x2.fp32_-7975c007246f97bb,transformer,144,37,36,0.972972972972973
tile:xla,train,transformer.2x2.fp32_-7d45fdd51c36791d,transformer,951,21,20,0.9523809523809523
tile:xla,train,transformer.2x2.fp32_-7d56db768b71a479,transformer,404,31,33,1.064516129032258
tile:xla,train,transformer.2x2.fp32_-7e1a160d9e0dfafe,transformer,193,23,23,1.0
tile:xla,train,transformer.2x2.fp32_-beedd53cc21adc8,transformer,951,22,21,0.9545454545454546
tile:xla,train,transformer.2x2.fp32_-f5094e1bb286476,transformer,1221,33,33,1.0
tile:xla,train,transformer.2x2.fp32_1728364b415fccbe,transformer,144,47,48,1.0212765957446808
tile:xla,train,transformer.2x2.fp32_1a81857b5d6a2261,transformer,195,45,48,1.0666666666666667
tile:xla,train,transformer.2x2.fp32_1b6786ffed5f27a7,transformer,774,56,65,1.1607142857142858
tile:xla,train,transformer.2x2.fp32_1f8561a53f29ed5e,transformer,234,49,58,1.183673469387755
tile:xla,train,transformer.2x2.fp32_23c5c8d992cc6904,transformer,1764,58,60,1.0344827586206897
tile:xla,train,transformer.2x2.fp32_242224202789666d,transformer,36,27,27,1.0
tile:xla,train,transformer.2x2.fp32_2728a6bc6ae73c7b,transformer,144,50,51,1.02
tile:xla,train,transformer.2x2.fp32_2d7630e4dfd9a0ab,transformer,1858,18,18,1.0
tile:xla,train,transformer.2x2.fp32_322b11404d7d3dbb,transformer,198,16,15,0.9375
tile:xla,train,transformer.2x2.fp32_32c9d6ceb1fc5c6b,transformer,759,75,85,1.1333333333333333
tile:xla,train,transformer.2x2.fp32_34b9f2ac05148cd,transformer,144,29,28,0.9655172413793104
tile:xla,train,transformer.2x2.fp32_357410789830c82d,transformer,1214,57,60,1.0526315789473684
tile:xla,train,transformer.2x2.fp32_3c11c2ee00c1da93,transformer,195,29,30,1.0344827586206897
tile:xla,train,transformer.2x2.fp32_3ea914689ef912a4,transformer,953,34,34,1.0
tile:xla,train,transformer.2x2.fp32_4179f50100aea195,transformer,951,16,15,0.9375
tile:xla,train,transformer.2x2.fp32_4311b625356fb806,transformer,948,56,56,1.0
tile:xla,train,transformer.2x2.fp32_53b227bc308ce75f,transformer,951,13,12,0.9230769230769231
tile:xla,train,transformer.2x2.fp32_565abf6b11a4d7c,transformer,405,13,12,0.9230769230769231
tile:xla,train,transformer.2x2.fp32_5725326fd1217741,transformer,193,23,23,1.0
tile:xla,train,transformer.2x2.fp32_580028b61ea6c193,transformer,39,39,38,0.9743589743589743
tile:xla,train,transformer.2x2.fp32_5cc21e890eb87ee7,transformer,1202,45,44,0.9777777777777777
tile:xla,train,transformer.2x2.fp32_637b0c1659e20fda,transformer,36,47,54,1.148936170212766
tile:xla,train,transformer.2x2.fp32_6d0c320facc21a74,transformer,50,31,35,1.1290322580645162
tile:xla,train,transformer.2x2.fp32_6d8289b4b912bd65,transformer,117,9,9,1.0
tile:xla,train,transformer.2x2.fp32_7071db3a10f69e69,transformer,949,33,33,1.0
tile:xla,train,transformer.2x2.fp32_73f188e48e7de8cd,transformer,36,30,32,1.0666666666666667
tile:xla,train,transformer.2x2.fp32_74562a47e8e4730f,transformer,163,53,62,1.169811320754717
tile:xla,train,transformer.2x2.fp32_77459cf3315e7e1a,transformer,144,7,6,0.8571428571428571
tile:xla,train,transformer.2x2.fp32_7a7e82aefbc7c1f6,transformer,191,50,59,1.18
tile:xla,train,transformer.2x2.fp32_7fa57388ae835a4b,transformer,774,56,65,1.1607142857142858
tile:xla,train,transformer.2x2.fp32_a7b0f8601d6c7b9,transformer,144,16,15,0.9375
tile:xla,train,transformer.2x2.fp32_c8c87b9e6ea9952,transformer,144,53,54,1.0188679245283019
tile:xla,train,transformer.4x4.bf16_-12554907de716a40,transformer,431,31,31,1.0
tile:xla,train,transformer.4x4.bf16_-1435e80d8e9ccc73,transformer,444,47,47,1.0
tile:xla,train,transformer.4x4.bf16_-17e57fb26d13eab2,transformer,488,40,41,1.025
tile:xla,train,transformer.4x4.bf16_-1964d3f4fc587b76,transformer,437,34,33,0.9705882352941176
tile:xla,train,transformer.4x4.bf16_-1c7b95894ac4866a,transformer,384,19,18,0.9473684210526315
tile:xla,train,transformer.4x4.bf16_-215bbfc097db0ed9,transformer,2478,38,38,1.0
tile:xla,train,transformer.4x4.bf16_-25ac68948620293,transformer,2526,13,12,0.9230769230769231
tile:xla,train,transformer.4x4.bf16_-2ed9174453c0efbe,transformer,366,57,58,1.0175438596491229
tile:xla,train,transformer.4x4.bf16_-316e8080f4d05c91,transformer,440,31,30,0.967741935483871
tile:xla,train,transformer.4x4.bf16_-323b71e788927366,transformer,529,13,12,0.9230769230769231
tile:xla,train,transformer.4x4.bf16_-325d13e9bbb65489,transformer,444,42,42,1.0
tile:xla,train,transformer.4x4.bf16_-33e9fc1f795c347f,transformer,437,31,30,0.967741935483871
tile:xla,train,transformer.4x4.bf16_-36e6a481ebfecf33,transformer,378,32,31,0.96875
tile:xla,train,transformer.4x4.bf16_-3e17d88a09eb1411,transformer,3158,38,38,1.0
tile:xla,train,transformer.4x4.bf16_-4602d38abd8188c,transformer,84,14,13,0.9285714285714286
tile:xla,train,transformer.4x4.bf16_-4623087edb59c1da,transformer,361,60,61,1.0166666666666666
tile:xla,train,transformer.4x4.bf16_-4ffdb0d237747a6e,transformer,451,80,89,1.1125
tile:xla,train,transformer.4x4.bf16_-50345c124a35fb29,transformer,2997,37,40,1.0810810810810811
tile:xla,train,transformer.4x4.bf16_-52eb4f795edcf43b,transformer,810,19,18,0.9473684210526315
tile:xla,train,transformer.4x4.bf16_-5acd9aa37289cd3,transformer,375,43,42,0.9767441860465116
tile:xla,train,transformer.4x4.bf16_-5c106bdd91a4cf94,transformer,2494,21,20,0.9523809523809523
tile:xla,train,transformer.4x4.bf16_-5e8a8e35b607d6af,transformer,69,62,73,1.1774193548387097
tile:xla,train,transformer.4x4.bf16_-628c41b9bedaf6d8,transformer,2663,65,65,1.0
tile:xla,train,transformer.4x4.bf16_-6866d9396f69b28b,transformer,2478,38,38,1.0
tile:xla,train,transformer.4x4.bf16_-70a00c50cf61d2d,transformer,1981,60,69,1.15
tile:xla,train,transformer.4x4.bf16_-71d8e26d5de44b56,transformer,86,31,30,0.967741935483871
tile:xla,train,transformer.4x4.bf16_-72d9b27a0527e32f,transformer,411,52,61,1.1730769230769231
tile:xla,train,transformer.4x4.bf16_-747a4a7ddbe71dfa,transformer,225,32,34,1.0625
tile:xla,train,transformer.4x4.bf16_-75292a4bf3c9f979,transformer,318,10,10,1.0
tile:xla,train,transformer.4x4.bf16_-7fdc013bd5ec885e,transformer,528,19,18,0.9473684210526315
tile:xla,train,transformer.4x4.bf16_-fd51d66e26e2c2e,transformer,2664,43,46,1.069767441860465
tile:xla,train,transformer.4x4.bf16_11b1dc2f46ee7b90,transformer,446,23,23,1.0
tile:xla,train,transformer.4x4.bf16_11ce6fb9ab1b7a86,transformer,227,14,13,0.9285714285714286
tile:xla,train,transformer.4x4.bf16_1a9daba2bbecf9e1,transformer,234,6,5,0.8333333333333334
tile:xla,train,transformer.4x4.bf16_27c8d56bb7fb5a50,transformer,2753,30,29,0.9666666666666667
tile:xla,train,transformer.4x4.bf16_2f2729b198efe386,transformer,374,39,38,0.9743589743589743
tile:xla,train,transformer.4x4.bf16_2fa83d92516f4834,transformer,373,2,1,0.5
tile:xla,train,transformer.4x4.bf16_2faf4ed2ec0552ef,transformer,444,23,23,1.0
tile:xla,train,transformer.4x4.bf16_35c3a1f410a9885a,transformer,3147,36,36,1.0
tile:xla,train,transformer.4x4.bf16_3fed0fb57c6d6cd7,transformer,2338,16,15,0.9375
tile:xla,train,transformer.4x4.bf16_5ab72734580e2d15,transformer,1696,75,84,1.12
tile:xla,train,transformer.4x4.bf16_5d2660b7fd30f79e,transformer,2487,35,35,1.0
tile:xla,train,transformer.4x4.bf16_5fb091916a3d65c6,transformer,2481,24,23,0.9583333333333334
tile:xla,train,transformer.4x4.bf16_6616883c98872c25,transformer,72,39,41,1.0512820512820513
tile:xla,train,transformer.4x4.bf16_6df7caa5a1b1cacd,transformer,2487,38,38,1.0
tile:xla,train,transformer.4x4.bf16_723f5120febe3b97,transformer,2487,38,38,1.0
tile:xla,train,transformer.4x4.bf16_7353721f751abc31,transformer,3509,41,41,1.0
tile:xla,train,transformer.4x4.bf16_756223b776cdbbff,transformer,2753,35,34,0.9714285714285714
tile:xla,train,transformer.4x4.bf16_756d27a100d2fccb,transformer,498,51,60,1.1764705882352942
tile:xla,train,transformer.4x4.bf16_78725d3737c78fe4,transformer,2401,38,38,1.0
tile:xla,train,transformer.4x4.bf16_7df52be59baed7cd,transformer,422,37,38,1.027027027027027
tile:xla,train,transformer.4x4.bf16_d0527e63516fac,transformer,369,58,59,1.0172413793103448
tile:xla,train,transformer.4x4.fp16_-24fc1c4dfdb64e25,transformer,212,50,59,1.18
tile:xla,train,transformer.4x4.fp16_-253e155993b98bdc,transformer,1056,56,56,1.0
tile:xla,train,transformer.4x4.fp16_-2d2e8d64b95a4d9a,transformer,209,34,33,0.9705882352941176
tile:xla,train,transformer.4x4.fp16_-34bd70f37e9c08b8,transformer,1515,50,52,1.04
tile:xla,train,transformer.4x4.fp16_-3a3a0a28ed395f58,transformer,1054,36,36,1.0
tile:xla,train,transformer.4x4.fp16_-3dc219d570833137,transformer,209,31,30,0.967741935483871
tile:xla,train,transformer.4x4.fp16_-424a72805385785c,transformer,220,13,12,0.9230769230769231
tile:xla,train,transformer.4x4.fp16_-459c2756e38163b1,transformer,74,31,35,1.1290322580645162
tile:xla,train,transformer.4x4.fp16_-4b08c7be2d7b10df,transformer,340,16,15,0.9375
tile:xla,train,transformer.4x4.fp16_-515257dc2bd97121,transformer,1054,58,58,1.0
tile:xla,train,transformer.4x4.fp16_-5a52d96d689ffc54,transformer,1054,55,55,1.0
tile:xla,train,transformer.4x4.fp16_-5af1e187c8fa2787,transformer,1055,34,34,1.0
tile:xla,train,transformer.4x4.fp16_-609897f4dd129f27,transformer,213,39,38,0.9743589743589743
tile:xla,train,transformer.4x4.fp16_-693c6cead01beb75,transformer,1060,13,12,0.9230769230769231
tile:xla,train,transformer.4x4.fp16_-696da64345ddc435,transformer,209,45,46,1.0222222222222221
tile:xla,train,transformer.4x4.fp16_-6b8d7ac29b33a79a,transformer,2384,39,38,0.9743589743589743
tile:xla,train,transformer.4x4.fp16_-6dd126a6c382177,transformer,281,56,57,1.0178571428571428
tile:xla,train,transformer.4x4.fp16_-709558916b1cbcd4,transformer,1053,16,15,0.9375
tile:xla,train,transformer.4x4.fp16_-7975c007246f97bb,transformer,160,37,36,0.972972972972973
tile:xla,train,transformer.4x4.fp16_-7d45fdd51c36791d,transformer,1056,21,20,0.9523809523809523
tile:xla,train,transformer.4x4.fp16_-7d56db768b71a479,transformer,503,31,33,1.064516129032258
tile:xla,train,transformer.4x4.fp16_-7e1a160d9e0dfafe,transformer,214,23,23,1.0
tile:xla,train,transformer.4x4.fp16_-beedd53cc21adc8,transformer,1056,22,21,0.9545454545454546
tile:xla,train,transformer.4x4.fp16_-f5094e1bb286476,transformer,1525,33,33,1.0
tile:xla,train,transformer.4x4.fp16_1728364b415fccbe,transformer,160,47,48,1.0212765957446808
tile:xla,train,transformer.4x4.fp16_1a81857b5d6a2261,transformer,216,45,48,1.0666666666666667
tile:xla,train,transformer.4x4.fp16_1b6786ffed5f27a7,transformer,962,56,65,1.1607142857142858
tile:xla,train,transformer.4x4.fp16_1f8561a53f29ed5e,transformer,292,49,58,1.183673469387755
tile:xla,train,transformer.4x4.fp16_23c5c8d992cc6904,transformer,2204,58,60,1.0344827586206897
tile:xla,train,transformer.4x4.fp16_242224202789666d,transformer,40,27,27,1.0
tile:xla,train,transformer.4x4.fp16_2728a6bc6ae73c7b,transformer,160,50,51,1.02
tile:xla,train,transformer.4x4.fp16_2d7630e4dfd9a0ab,transformer,2322,18,18,1.0
tile:xla,train,transformer.4x4.fp16_322b11404d7d3dbb,transformer,220,16,15,0.9375
tile:xla,train,transformer.4x4.fp16_32c9d6ceb1fc5c6b,transformer,947,75,85,1.1333333333333333
tile:xla,train,transformer.4x4.fp16_34b9f2ac05148cd,transformer,160,29,28,0.9655172413793104
tile:xla,train,transformer.4x4.fp16_357410789830c82d,transformer,1516,57,60,1.0526315789473684
tile:xla,train,transformer.4x4.fp16_3c11c2ee00c1da93,transformer,216,29,30,1.0344827586206897
tile:xla,train,transformer.4x4.fp16_3ea914689ef912a4,transformer,1059,34,34,1.0
tile:xla,train,transformer.4x4.fp16_4179f50100aea195,transformer,1056,16,15,0.9375
tile:xla,train,transformer.4x4.fp16_4311b625356fb806,transformer,1053,56,56,1.0
tile:xla,train,transformer.4x4.fp16_53b227bc308ce75f,transformer,1056,13,12,0.9230769230769231
tile:xla,train,transformer.4x4.fp16_565abf6b11a4d7c,transformer,505,13,12,0.9230769230769231
tile:xla,train,transformer.4x4.fp16_5725326fd1217741,transformer,214,23,23,1.0
tile:xla,train,transformer.4x4.fp16_580028b61ea6c193,transformer,48,39,38,0.9743589743589743
tile:xla,train,transformer.4x4.fp16_5cc21e890eb87ee7,transformer,1502,45,44,0.9777777777777777
tile:xla,train,transformer.4x4.fp16_637b0c1659e20fda,transformer,40,47,54,1.148936170212766
tile:xla,train,transformer.4x4.fp16_6d8289b4b912bd65,transformer,145,9,9,1.0
tile:xla,train,transformer.4x4.fp16_7071db3a10f69e69,transformer,1054,33,33,1.0
tile:xla,train,transformer.4x4.fp16_73f188e48e7de8cd,transformer,40,30,32,1.0666666666666667
tile:xla,train,transformer.4x4.fp16_74562a47e8e4730f,transformer,205,53,62,1.169811320754717
tile:xla,train,transformer.4x4.fp16_77459cf3315e7e1a,transformer,160,7,6,0.8571428571428571
tile:xla,train,transformer.4x4.fp16_7a7e82aefbc7c1f6,transformer,212,50,59,1.18
tile:xla,train,transformer.4x4.fp16_7fa57388ae835a4b,transformer,962,56,65,1.1607142857142858
tile:xla,train,transformer.4x4.fp16_a7b0f8601d6c7b9,transformer,160,16,15,0.9375
tile:xla,train,transformer.4x4.fp16_c8c87b9e6ea9952,transformer,160,53,54,1.0188679245283019
tile:xla,train,transformer.4x4.fp32.performance_-22598bb093a03fdc,transformer,40,57,62,1.087719298245614
tile:xla,train,transformer.4x4.fp32.performance_-24fc1c4dfdb64e25,transformer,212,50,59,1.18
tile:xla,train,transformer.4x4.fp32.performance_-253e155993b98bdc,transformer,1056,56,56,1.0
tile:xla,train,transformer.4x4.fp32.performance_-2d2e8d64b95a4d9a,transformer,188,34,33,0.9705882352941176
tile:xla,train,transformer.4x4.fp32.performance_-2f88cd5996a9ab81,transformer,776,125,149,1.192
tile:xla,train,transformer.4x4.fp32.performance_-34bd70f37e9c08b8,transformer,1364,50,52,1.04
tile:xla,train,transformer.4x4.fp32.performance_-3a3a0a28ed395f58,transformer,1054,36,36,1.0
tile:xla,train,transformer.4x4.fp32.performance_-3dc219d570833137,transformer,188,31,30,0.967741935483871
tile:xla,train,transformer.4x4.fp32.performance_-424a72805385785c,transformer,220,13,12,0.9230769230769231
tile:xla,train,transformer.4x4.fp32.performance_-4aac89c30889ea33,transformer,40,47,52,1.1063829787234043
tile:xla,train,transformer.4x4.fp32.performance_-515257dc2bd97121,transformer,1054,58,58,1.0
tile:xla,train,transformer.4x4.fp32.performance_-5a52d96d689ffc54,transformer,1054,55,55,1.0
tile:xla,train,transformer.4x4.fp32.performance_-5af1e187c8fa2787,transformer,1055,34,34,1.0
tile:xla,train,transformer.4x4.fp32.performance_-5d8f7d9dcce3795a,transformer,242,58,60,1.0344827586206897
tile:xla,train,transformer.4x4.fp32.performance_-609897f4dd129f27,transformer,191,39,38,0.9743589743589743
tile:xla,train,transformer.4x4.fp32.performance_-693c6cead01beb75,transformer,1060,13,12,0.9230769230769231
tile:xla,train,transformer.4x4.fp32.performance_-696da64345ddc435,transformer,188,45,46,1.0222222222222221
tile:xla,train,transformer.4x4.fp32.performance_-6dd126a6c382177,transformer,252,56,57,1.0178571428571428
tile:xla,train,transformer.4x4.fp32.performance_-70cd3bc223407bc1,transformer,214,23,23,1.0
tile:xla,train,transformer.4x4.fp32.performance_-70f80716fd7f2a05,transformer,1046,19,18,0.9473684210526315
tile:xla,train,transformer.4x4.fp32.performance_-75c3e36491b9cd1c,transformer,305,22,21,0.9545454545454546
tile:xla,train,transformer.4x4.fp32.performance_-7d45fdd51c36791d,transformer,950,21,20,0.9523809523809523
tile:xla,train,transformer.4x4.fp32.performance_-beedd53cc21adc8,transformer,1056,22,21,0.9545454545454546
tile:xla,train,transformer.4x4.fp32.performance_-f5094e1bb286476,transformer,1372,33,33,1.0
tile:xla,train,transformer.4x4.fp32.performance_12e1502dd6915f61,transformer,104,31,33,1.064516129032258
tile:xla,train,transformer.4x4.fp32.performance_13af6e3c434f5f22,transformer,185,2,1,0.5
tile:xla,train,transformer.4x4.fp32.performance_15d4e1b88303b4e,transformer,160,61,62,1.0163934426229508
tile:xla,train,transformer.4x4.fp32.performance_1728364b415fccbe,transformer,160,47,48,1.0212765957446808
tile:xla,train,transformer.4x4.fp32.performance_1a81857b5d6a2261,transformer,216,45,48,1.0666666666666667
tile:xla,train,transformer.4x4.fp32.performance_1e777ca81c1b8707,transformer,1052,61,61,1.0
tile:xla,train,transformer.4x4.fp32.performance_1f8561a53f29ed5e,transformer,263,49,58,1.183673469387755
tile:xla,train,transformer.4x4.fp32.performance_23f88b1cc9192a40,transformer,220,22,21,0.9545454545454546
tile:xla,train,transformer.4x4.fp32.performance_2728a6bc6ae73c7b,transformer,160,50,51,1.02
tile:xla,train,transformer.4x4.fp32.performance_2e5a95761741c44,transformer,1056,61,61,1.0
tile:xla,train,transformer.4x4.fp32.performance_3487e136ea4d8f69,transformer,1054,60,60,1.0
tile:xla,train,transformer.4x4.fp32.performance_34b9f2ac05148cd,transformer,160,29,28,0.9655172413793104
tile:xla,train,transformer.4x4.fp32.performance_357410789830c82d,transformer,1364,57,60,1.0526315789473684
tile:xla,train,transformer.4x4.fp32.performance_3c11c2ee00c1da93,transformer,216,29,30,1.0344827586206897
tile:xla,train,transformer.4x4.fp32.performance_3ea914689ef912a4,transformer,1059,34,34,1.0
tile:xla,train,transformer.4x4.fp32.performance_4311b625356fb806,transformer,1053,56,56,1.0
tile:xla,train,transformer.4x4.fp32.performance_4b5273c9e97f9c2f,transformer,160,22,21,0.9545454545454546
tile:xla,train,transformer.4x4.fp32.performance_51e43514b065cf75,transformer,1767,39,38,0.9743589743589743
tile:xla,train,transformer.4x4.fp32.performance_52339d913bbbeb43,transformer,105,13,12,0.9230769230769231
tile:xla,train,transformer.4x4.fp32.performance_53b227bc308ce75f,transformer,1056,13,12,0.9230769230769231
tile:xla,train,transformer.4x4.fp32.performance_5725326fd1217741,transformer,214,23,23,1.0
tile:xla,train,transformer.4x4.fp32.performance_580028b61ea6c193,transformer,43,39,38,0.9743589743589743
tile:xla,train,transformer.4x4.fp32.performance_585a03cfbdf9437d,transformer,648,83,92,1.108433734939759
tile:xla,train,transformer.4x4.fp32.performance_5cc21e890eb87ee7,transformer,1351,45,44,0.9777777777777777
tile:xla,train,transformer.4x4.fp32.performance_5d26aa7c0cafc17e,transformer,948,63,63,1.0
tile:xla,train,transformer.4x4.fp32.performance_6616883c98872c25,transformer,64,39,41,1.0512820512820513
tile:xla,train,transformer.4x4.fp32.performance_6d8289b4b912bd65,transformer,130,9,9,1.0
tile:xla,train,transformer.4x4.fp32.performance_7071db3a10f69e69,transformer,1054,33,33,1.0
tile:xla,train,transformer.4x4.fp32.performance_73f188e48e7de8cd,transformer,40,30,32,1.0666666666666667
tile:xla,train,transformer.4x4.fp32.performance_741282e4f9881efb,transformer,280,18,18,1.0
tile:xla,train,transformer.4x4.fp32.performance_7c7496f083d71d87,transformer,216,49,52,1.0612244897959184
tile:xla,train,transformer.4x4.fp32.performance_7fa57388ae835a4b,transformer,865,56,65,1.1607142857142858
tile:xla,train,transformer.4x4.fp32.performance_c8c87b9e6ea9952,transformer,160,53,54,1.0188679245283019
tile:xla,train,transformer_tf2_dynamic_shape_-194a462eb4885f27,transformer,1057,49,53,1.0816326530612246
tile:xla,train,transformer_tf2_dynamic_shape_-1ac13a04c65a02cc,transformer,558,24,23,0.9583333333333334
tile:xla,train,transformer_tf2_dynamic_shape_-1afbf72cc0a94140,transformer,214,67,82,1.2238805970149254
tile:xla,train,transformer_tf2_dynamic_shape_-1b5581dd22a62a9e,transformer,40,41,41,1.0
tile:xla,train,transformer_tf2_dynamic_shape_-1c847decf2c5af98,transformer,209,76,78,1.0263157894736843
tile:xla,train,transformer_tf2_dynamic_shape_-22d79d1b57b95719,transformer,215,31,35,1.1290322580645162
tile:xla,train,transformer_tf2_dynamic_shape_-2815655bbf9e1ca9,transformer,38,87,102,1.1724137931034482
tile:xla,train,transformer_tf2_dynamic_shape_-28896d256a7564,transformer,106,19,19,1.0
tile:xla,train,transformer_tf2_dynamic_shape_-29bacbee1d5062ea,transformer,105,6,5,0.8333333333333334
tile:xla,train,transformer_tf2_dynamic_shape_-2ab34acde2ec29c5,transformer,40,74,89,1.2027027027027026
tile:xla,train,transformer_tf2_dynamic_shape_-32a5cc21690f145c,transformer,220,10,9,0.9
tile:xla,train,transformer_tf2_dynamic_shape_-36d1703a7564dea8,transformer,106,26,25,0.9615384615384616
tile:xla,train,transformer_tf2_dynamic_shape_-37b68e80a0a0f4b,transformer,1058,38,38,1.0
tile:xla,train,transformer_tf2_dynamic_shape_-38abc7e6ef653b6e,transformer,976,27,27,1.0
tile:xla,train,transformer_tf2_dynamic_shape_-3b5a43d7b0265ce8,transformer,212,85,86,1.011764705882353
tile:xla,train,transformer_tf2_dynamic_shape_-3bc26a0a443c0445,transformer,40,88,103,1.1704545454545454
tile:xla,train,transformer_tf2_dynamic_shape_-3c141251cf06b306,transformer,1056,67,70,1.044776119402985
tile:xla,train,transformer_tf2_dynamic_shape_-3e4fdc5363f252a2,transformer,209,79,79,1.0
tile:xla,train,transformer_tf2_dynamic_shape_-3f56a3a6c03ea3c3,transformer,220,42,44,1.0476190476190477
tile:xla,train,transformer_tf2_dynamic_shape_-40cab11815ebe2c3,transformer,160,10,9,0.9
tile:xla,train,transformer_tf2_dynamic_shape_-42b0889ca10607a1,transformer,145,10,10,1.0
tile:xla,train,transformer_tf2_dynamic_shape_-45abd8a680b55fca,transformer,225,6,5,0.8333333333333334
tile:xla,train,transformer_tf2_dynamic_shape_-4a12e89ab1f54328,transformer,220,11,10,0.9090909090909091
tile:xla,train,transformer_tf2_dynamic_shape_-4d87ccc753e5f451,transformer,220,47,47,1.0
tile:xla,train,transformer_tf2_dynamic_shape_-5610c3519ea0d5f6,transformer,212,87,87,1.0
tile:xla,train,transformer_tf2_dynamic_shape_-566f2a870aaf9bce,transformer,165,2,1,0.5
tile:xla,train,transformer_tf2_dynamic_shape_-5b0878cdf76517db,transformer,583,20,21,1.05
tile:xla,train,transformer_tf2_dynamic_shape_-5ffda836f2922f2c,transformer,40,74,89,1.2027027027027026
tile:xla,train,transformer_tf2_dynamic_shape_-60a2fd1b6b1088ca,transformer,229,6,5,0.8333333333333334
tile:xla,train,transformer_tf2_dynamic_shape_-65d96e979e957705,transformer,40,62,70,1.1290322580645162
tile:xla,train,transformer_tf2_dynamic_shape_-69f6d82166cefb38,transformer,583,9,9,1.0
tile:xla,train,transformer_tf2_dynamic_shape_-73603c7323a1386b,transformer,1059,21,20,0.9523809523809523
tile:xla,train,transformer_tf2_dynamic_shape_-7761f0675db8f8d2,transformer,212,70,70,1.0
tile:xla,train,transformer_tf2_dynamic_shape_-7b645701cc50ae33,transformer,220,52,54,1.0384615384615385
tile:xla,train,transformer_tf2_dynamic_shape_-7eae8c39a0045c84,transformer,209,72,73,1.0138888888888888
tile:xla,train,transformer_tf2_dynamic_shape_-cf0129f8673cdd7,transformer,160,40,39,0.975
tile:xla,train,transformer_tf2_dynamic_shape_-fffba9241fca57b,transformer,933,11,10,0.9090909090909091
tile:xla,train,transformer_tf2_dynamic_shape_11f5b85cee48a0c5,transformer,220,16,15,0.9375
tile:xla,train,transformer_tf2_dynamic_shape_1909aa3af57e306f,transformer,213,83,84,1.0120481927710843
tile:xla,train,transformer_tf2_dynamic_shape_19b858c3b77e94bc,transformer,218,20,22,1.1
tile:xla,train,transformer_tf2_dynamic_shape_1eecb630f01a1e9b,transformer,212,85,86,1.011764705882353
tile:xla,train,transformer_tf2_dynamic_shape_1fdf81e7604d7911,transformer,209,78,79,1.0128205128205128
tile:xla,train,transformer_tf2_dynamic_shape_219bc62ac1aedc2f,transformer,454,30,33,1.1
tile:xla,train,transformer_tf2_dynamic_shape_249d65cd29571750,transformer,40,74,89,1.2027027027027026
tile:xla,train,transformer_tf2_dynamic_shape_276df3c46e898b3b,transformer,220,10,9,0.9
tile:xla,train,transformer_tf2_dynamic_shape_289d3d570b0a46ac,transformer,225,8,7,0.875
tile:xla,train,transformer_tf2_dynamic_shape_29996563543b95cb,transformer,220,53,53,1.0
tile:xla,train,transformer_tf2_dynamic_shape_2ec869b4943e5bb0,transformer,160,7,6,0.8571428571428571
tile:xla,train,transformer_tf2_dynamic_shape_2fa92dd9e1da15c4,transformer,1058,21,20,0.9523809523809523
tile:xla,train,transformer_tf2_dynamic_shape_32608d383c0ac56d,transformer,220,48,50,1.0416666666666667
tile:xla,train,transformer_tf2_dynamic_shape_32a805c7873bb9eb,transformer,2166,12,11,0.9166666666666666
tile:xla,train,transformer_tf2_dynamic_shape_36a6362671734770,transformer,165,2,1,0.5
tile:xla,train,transformer_tf2_dynamic_shape_38e0cc5e0fd5e069,transformer,220,39,39,1.0
tile:xla,train,transformer_tf2_dynamic_shape_3b26fe796e6fe3f8,transformer,30,32,35,1.09375
tile:xla,train,transformer_tf2_dynamic_shape_4362c413bb9135da,transformer,160,34,33,0.9705882352941176
tile:xla,train,transformer_tf2_dynamic_shape_44d1781689b04395,transformer,1059,13,12,0.9230769230769231
tile:xla,train,transformer_tf2_dynamic_shape_457b9e6b6aa84846,transformer,979,12,11,0.9166666666666666
tile:xla,train,transformer_tf2_dynamic_shape_4843998f791cc454,transformer,40,44,48,1.0909090909090908
tile:xla,train,transformer_tf2_dynamic_shape_491accd523a001aa,transformer,209,79,79,1.0
tile:xla,train,transformer_tf2_dynamic_shape_4982640bbda3d543,transformer,1056,65,69,1.0615384615384615
tile:xla,train,transformer_tf2_dynamic_shape_4a2d23f8a02f03f,transformer,212,76,77,1.013157894736842
tile:xla,train,transformer_tf2_dynamic_shape_4a3b1ee29c290a88,transformer,2114,27,27,1.0
tile:xla,train,transformer_tf2_dynamic_shape_4ce0d3d2b2b15beb,transformer,1058,38,38,1.0
tile:xla,train,transformer_tf2_dynamic_shape_4d6faeab780f5369,transformer,160,31,30,0.967741935483871
tile:xla,train,transformer_tf2_dynamic_shape_50bc3a562cd18516,transformer,220,41,42,1.024390243902439
tile:xla,train,transformer_tf2_dynamic_shape_53a47fa81ab899a0,transformer,55,31,35,1.1290322580645162
tile:xla,train,transformer_tf2_dynamic_shape_54c252dd0632b2c3,transformer,209,82,82,1.0
tile:xla,train,transformer_tf2_dynamic_shape_560c308c51f0d4c6,transformer,220,52,54,1.0384615384615385
tile:xla,train,transformer_tf2_dynamic_shape_57fa3ca6fc82d7ca,transformer,52,9,8,0.8888888888888888
tile:xla,train,transformer_tf2_dynamic_shape_58a962fde630d87a,transformer,209,82,82,1.0
tile:xla,train,transformer_tf2_dynamic_shape_59dc88a3a4fa8ea4,transformer,604,11,10,0.9090909090909091
tile:xla,train,transformer_tf2_dynamic_shape_5b5a7c8ede9c237c,transformer,1056,67,70,1.044776119402985
tile:xla,train,transformer_tf2_dynamic_shape_5bd392d59b60ca40,transformer,220,47,51,1.0851063829787233
tile:xla,train,transformer_tf2_dynamic_shape_5dde278d294c9ce7,transformer,1056,69,71,1.0289855072463767
tile:xla,train,transformer_tf2_dynamic_shape_6388bd136b3bec78,transformer,985,12,11,0.9166666666666666
tile:xla,train,transformer_tf2_dynamic_shape_66f41e32c13d699c,transformer,1058,35,35,1.0
tile:xla,train,transformer_tf2_dynamic_shape_682bb6c326166cb4,transformer,1057,49,53,1.0816326530612246
tile:xla,train,transformer_tf2_dynamic_shape_6cf1b65cda65f062,transformer,160,32,31,0.96875
tile:xla,train,transformer_tf2_dynamic_shape_6f61684d2874f104,transformer,985,12,11,0.9166666666666666
tile:xla,train,transformer_tf2_dynamic_shape_6f6c1284c7f75e75,transformer,1056,65,69,1.0615384615384615
tile:xla,train,transformer_tf2_dynamic_shape_706106e56a919118,transformer,1056,67,70,1.044776119402985
tile:xla,train,transformer_tf2_dynamic_shape_70d294d5775743a4,transformer,97,31,35,1.1290322580645162
tile:xla,train,transformer_tf2_dynamic_shape_715956587915f281,transformer,160,19,20,1.0526315789473684
tile:xla,train,transformer_tf2_dynamic_shape_74e87f48a7852437,transformer,214,67,82,1.2238805970149254
tile:xla,train,transformer_tf2_dynamic_shape_7548f6ae1d8a6461,transformer,212,73,73,1.0
tile:xla,train,transformer_tf2_dynamic_shape_76a13292e93356f2,transformer,218,36,41,1.1388888888888888
tile:xla,train,transformer_tf2_dynamic_shape_77947151b2047b8c,transformer,975,27,27,1.0
tile:xla,train,transformer_tf2_dynamic_shape_78e273fc23e396d3,transformer,1060,14,13,0.9285714285714286
tile:xla,train,transformer_tf2_dynamic_shape_7c11522040a50109,transformer,215,31,31,1.0
tile:xla,train,transformer_tf2_dynamic_shape_7cb40e8c6f675ea,transformer,209,75,76,1.0133333333333334
tile:xla,train,transformer_tf2_dynamic_shape_7fc1f6a64294d3cb,transformer,217,8,7,0.875
tile:xla,train,transformer_tf2_dynamic_shape_8693b26ed055c52,transformer,213,78,78,1.0
tile:xla,train,transformer_tf2_dynamic_shape_d267093bc08513e,transformer,979,12,11,0.9166666666666666
tile:xla,train,transformer_tf2_dynamic_shape_d81be615cb15fcc,transformer,2441,12,11,0.9166666666666666
tile:xla,train,transformer_tf2_dynamic_shape_e51d5dc9d701cac,transformer,212,81,83,1.0246913580246915
tile:xla,train,transformer_tf2_dynamic_shape_fbdb8ff9fc82f8d,transformer,215,13,12,0.9230769230769231
tile:xla,train,trax_lsh_attention_-2a4bf5cabe4878f5,trax,353,26,32,1.2307692307692308
tile:xla,train,trax_lsh_attention_-3910965169621fb1,trax,321,274,480,1.7518248175182483
tile:xla,train,trax_lsh_attention_1f0865e5ba54c350,trax,531,12,11,0.9166666666666666
tile:xla,train,trax_lsh_attention_5734fefc9d6ddfc9,trax,513,24,26,1.0833333333333333
tile:xla,train,unet3d_410e8373dfc4d358,unet,10000,31,35,1.1290322580645162
tile:xla,train,xception_imagenet_-14525f6a711b960b,xception,748,17,19,1.1176470588235294
tile:xla,train,xception_imagenet_-179c213b97c6f6a9,xception,1445,43,42,0.9767441860465116
tile:xla,train,xception_imagenet_-191c585b080ac13d,xception,3456,34,33,0.9705882352941176
tile:xla,train,xception_imagenet_-1b65ef905125c4b5,xception,907,62,63,1.0161290322580645
tile:xla,train,xception_imagenet_-2080d96a7daa1cb3,xception,5757,73,80,1.095890410958904
tile:xla,train,xception_imagenet_-2447fc1feff11b9f,xception,9992,19,18,0.9473684210526315
tile:xla,train,xception_imagenet_-254887980cfb75a7,xception,1543,20,23,1.15
tile:xla,train,xception_imagenet_-2af8b180ce2368ee,xception,3282,35,41,1.1714285714285715
tile:xla,train,xception_imagenet_-2bc5f56534bc8acc,xception,279,22,22,1.0
tile:xla,train,xception_imagenet_-2c5c5faa5a482700,xception,1896,43,42,0.9767441860465116
tile:xla,train,xception_imagenet_-2d4eeafef6478620,xception,3292,19,18,0.9473684210526315
tile:xla,train,xception_imagenet_-31493d443ccd341e,xception,755,17,19,1.1176470588235294
tile:xla,train,xception_imagenet_-326b97fded549a0a,xception,2736,43,42,0.9767441860465116
tile:xla,train,xception_imagenet_-3b915174d3bfb15b,xception,9990,17,16,0.9411764705882353
tile:xla,train,xception_imagenet_-41efe2b4fab6dd6d,xception,1512,43,42,0.9767441860465116
tile:xla,train,xception_imagenet_-4342d6ff76c65b6f,xception,6474,34,33,0.9705882352941176
tile:xla,train,xception_imagenet_-473ba21ce3c485f2,xception,1563,20,23,1.15
tile:xla,train,xception_imagenet_-49c05251b1f9228a,xception,780,17,19,1.1176470588235294
tile:xla,train,xception_imagenet_-4a523ff3ed381db,xception,684,62,63,1.0161290322580645
tile:xla,train,xception_imagenet_-4b457af445fdedbc,xception,1328,62,63,1.0161290322580645
tile:xla,train,xception_imagenet_-4d7d617d677e1111,xception,360,22,21,0.9545454545454546
tile:xla,train,xception_imagenet_-4e11fd3c31abe9d7,xception,2259,26,29,1.1153846153846154
tile:xla,train,xception_imagenet_-50d9dc585316a30b,xception,6011,34,33,0.9705882352941176
tile:xla,train,xception_imagenet_-5e0e198492352fb9,xception,499,19,18,0.9473684210526315
tile:xla,train,xception_imagenet_-5ea9299df7c9afb8,xception,1001,43,42,0.9767441860465116
tile:xla,train,xception_imagenet_-5edc318f88bb4d58,xception,1939,20,23,1.15
tile:xla,train,xception_imagenet_-5f3de0a6db6a5017,xception,2685,34,33,0.9705882352941176
tile:xla,train,xception_imagenet_-61717ccb484e9a3a,xception,644,62,63,1.0161290322580645
tile:xla,train,xception_imagenet_-6520fd5d234ccbb0,xception,996,20,23,1.15
tile:xla,train,xception_imagenet_-66011f1361df9609,xception,6944,19,18,0.9473684210526315
tile:xla,train,xception_imagenet_-66dab23a6a148f12,xception,2582,62,63,1.0161290322580645
tile:xla,train,xception_imagenet_-680b2771b6166b01,xception,2260,12,11,0.9166666666666666
tile:xla,train,xception_imagenet_-68c901115bca6414,xception,2994,20,23,1.15
tile:xla,train,xception_imagenet_-69da9c5af9b6690c,xception,1453,43,42,0.9767441860465116
tile:xla,train,xception_imagenet_-6c260418968c5d0a,xception,3456,14,13,0.9285714285714286
tile:xla,train,xception_imagenet_-7674cf1210d37b1d,xception,732,62,63,1.0161290322580645
tile:xla,train,xception_imagenet_-7c6fb63becfe2b77,xception,9993,39,38,0.9743589743589743
tile:xla,train,xception_imagenet_-8f6ebe554179a8a,xception,1784,64,66,1.03125
tile:xla,train,xception_imagenet_-c8de7308af32b2b,xception,315,84,85,1.0119047619047619
tile:xla,train,xception_imagenet_-d241f24a9a52da5,xception,719,20,23,1.15
tile:xla,train,xception_imagenet_-f086f20227b1d74,xception,648,43,42,0.9767441860465116
tile:xla,train,xception_imagenet_12ea05b6e4758b86,xception,335,42,45,1.0714285714285714
tile:xla,train,xception_imagenet_13c2c47060ed2525,xception,3007,35,41,1.1714285714285715
tile:xla,train,xception_imagenet_15a20b88815a4b89,xception,642,62,63,1.0161290322580645
tile:xla,train,xception_imagenet_17722bc8fdfed6c6,xception,3294,14,13,0.9285714285714286
tile:xla,train,xception_imagenet_18b12d3f2a257b62,xception,255,2,1,0.5
tile:xla,train,xception_imagenet_1cb722963620bed6,xception,792,19,18,0.9473684210526315
tile:xla,train,xception_imagenet_1e3b696f8eeabe9a,xception,6007,39,38,0.9743589743589743
tile:xla,train,xception_imagenet_1ee4537648292f54,xception,2671,42,49,1.1666666666666667
tile:xla,train,xception_imagenet_1f38bcfb9b7c868f,xception,285,53,53,1.0
tile:xla,train,xception_imagenet_23ac50cf785274f2,xception,137,72,74,1.0277777777777777
tile:xla,train,xception_imagenet_2a431e5b733b164b,xception,6007,39,38,0.9743589743589743
tile:xla,train,xception_imagenet_2ac555bba71bb04c,xception,761,19,18,0.9473684210526315
tile:xla,train,xception_imagenet_2afa3af2b679eb44,xception,988,43,42,0.9767441860465116
tile:xla,train,xception_imagenet_2d9c7409d17cd337,xception,1858,43,42,0.9767441860465116
tile:xla,train,xception_imagenet_2efcb96c2c98865e,xception,495,17,19,1.1176470588235294
tile:xla,train,xception_imagenet_34fecdd42432b76b,xception,3211,43,42,0.9767441860465116
tile:xla,train,xception_imagenet_3613d795d5475c41,xception,3284,35,41,1.1714285714285715
tile:xla,train,xception_imagenet_38056b1dc0bf6f39,xception,16,2,1,0.5
tile:xla,train,xception_imagenet_3c737bb684fdd5db,xception,6144,42,49,1.1666666666666667
tile:xla,train,xception_imagenet_41ed026fedb272ec,xception,694,43,42,0.9767441860465116
tile:xla,train,xception_imagenet_439484dbe3515357,xception,1461,62,63,1.0161290322580645
tile:xla,train,xception_imagenet_4a4b15081662a9f3,xception,3434,42,49,1.1666666666666667
tile:xla,train,xception_imagenet_4bb32107e1a0c46b,xception,1405,62,63,1.0161290322580645
tile:xla,train,xception_imagenet_4c03e48eccabc934,xception,401,22,21,0.9545454545454546
tile:xla,train,xception_imagenet_4c0b7c297fabb904,xception,5401,84,85,1.0119047619047619
tile:xla,train,xception_imagenet_4ecce9f367c089fc,xception,3045,20,23,1.15
tile:xla,train,xception_imagenet_4f53c8f4f490d39d,xception,1495,20,23,1.15
tile:xla,train,xception_imagenet_5186e09e72246f0e,xception,719,20,23,1.15
tile:xla,train,xception_imagenet_52fed205c69f93c1,xception,769,20,23,1.15
tile:xla,train,xception_imagenet_53cc535006b8e868,xception,9995,39,38,0.9743589743589743
tile:xla,train,xception_imagenet_54c1b3089262f0a4,xception,1465,20,23,1.15
tile:xla,train,xception_imagenet_55aa90d841df1754,xception,1352,43,42,0.9767441860465116
tile:xla,train,xception_imagenet_564cf2a75401f401,xception,750,20,23,1.15
tile:xla,train,xception_imagenet_56b10ec39f41559e,xception,1199,62,63,1.0161290322580645
tile:xla,train,xception_imagenet_5e0f5a0ec31089d,xception,358,34,40,1.1764705882352942
tile:xla,train,xception_imagenet_5f99d9eb3bb21e56,xception,1725,62,63,1.0161290322580645
tile:xla,train,xception_imagenet_617f53d25170c712,xception,9991,39,38,0.9743589743589743
tile:xla,train,xception_imagenet_624a077b861a120c,xception,3477,14,13,0.9285714285714286
tile:xla,train,xception_imagenet_62ce101f38034aa5,xception,384,20,23,1.15
tile:xla,train,xception_imagenet_64a3e1658bf0a922,xception,5866,42,49,1.1666666666666667
tile:xla,train,xception_imagenet_64d4a0cf653d1650,xception,6391,42,49,1.1666666666666667
tile:xla,train,xception_imagenet_651c0123fd53e52e,xception,6250,34,33,0.9705882352941176
tile:xla,train,xception_imagenet_6668b09258c0e6f4,xception,6135,42,45,1.0714285714285714
tile:xla,train,xception_imagenet_6a217cb8b7e15217,xception,5471,45,52,1.1555555555555554
tile:xla,train,xception_imagenet_6fe26c9bd6387d23,xception,9993,39,38,0.9743589743589743
tile:xla,train,xception_imagenet_72987837736228d6,xception,6011,34,33,0.9705882352941176
tile:xla,train,xception_imagenet_754825b353c7974f,xception,769,19,18,0.9473684210526315
tile:xla,train,xception_imagenet_7560f673e5820c82,xception,3022,62,63,1.0161290322580645
tile:xla,train,xception_imagenet_7720f6dabe293cfe,xception,1378,83,87,1.0481927710843373
tile:xla,train,xception_imagenet_7eaa46ca4812dfb2,xception,364,62,63,1.0161290322580645
tile:xla,train,xception_imagenet_9b1704c883ceb0d,xception,648,43,42,0.9767441860465116
tile:xla,valid,bert_pretraining.4x4.fp16_-18321ad156c55c0b,bert,847,21,21,1.0
tile:xla,valid,bert_pretraining.4x4.fp16_-1972c148bcabec74,bert,384,7,6,0.8571428571428571
tile:xla,valid,bert_pretraining.4x4.fp16_-1a91e1daf560d9c7,bert,135,78,87,1.1153846153846154
tile:xla,valid,bert_pretraining.4x4.fp16_-1c6db741e059e66c,bert,38,13,12,0.9230769230769231
tile:xla,valid,bert_pretraining.4x4.fp16_-2687e894772f7802,bert,1306,52,62,1.1923076923076923
tile:xla,valid,bert_pretraining.4x4.fp16_-2b26f81544af7264,bert,97,19,25,1.3157894736842106
tile:xla,valid,bert_pretraining.4x4.fp16_-2b79ab85842ee518,bert,166,9,8,0.8888888888888888
tile:xla,valid,bert_pretraining.4x4.fp16_-2d2ef95cc2437817,bert,142,27,27,1.0
tile:xla,valid,bert_pretraining.4x4.fp16_-2e2865a7de47f9fd,bert,847,21,21,1.0
tile:xla,valid,bert_pretraining.4x4.fp16_-2e34c328e74763ba,bert,165,23,23,1.0
tile:xla,valid,bert_pretraining.4x4.fp16_-3057736d78cc595d,bert,131,83,92,1.108433734939759
tile:xla,valid,bert_pretraining.4x4.fp16_-30ecc4ab8d2d8038,bert,203,61,65,1.0655737704918034
tile:xla,valid,bert_pretraining.4x4.fp16_-34a5979f3fc5e04d,bert,840,19,18,0.9473684210526315
tile:xla,valid,bert_pretraining.4x4.fp16_-360b1bc951c33786,bert,36,38,38,1.0
tile:xla,valid,bert_pretraining.4x4.fp16_-3928b8ef6ecbecfb,bert,202,32,31,0.96875
tile:xla,valid,bert_pretraining.4x4.fp16_-4dd341a0a2b70619,bert,552,71,80,1.1267605633802817
tile:xla,valid,bert_pretraining.4x4.fp16_-4fe2235cfed02769,bert,845,12,11,0.9166666666666666
tile:xla,valid,bert_pretraining.4x4.fp16_-51f5a40ac06e51cc,bert,388,9,8,0.8888888888888888
tile:xla,valid,bert_pretraining.4x4.fp16_-52ecb13f91bbfee5,bert,30,20,19,0.95
tile:xla,valid,bert_pretraining.4x4.fp16_-530c85921dc07d4,bert,840,16,15,0.9375
tile:xla,valid,bert_pretraining.4x4.fp16_-5ad130fdb2eb43b3,bert,243,19,18,0.9473684210526315
tile:xla,valid,bert_pretraining.4x4.fp16_-5c183441068c1be0,bert,206,35,35,1.0
tile:xla,valid,bert_pretraining.4x4.fp16_-5e681d1d184200f4,bert,1327,38,38,1.0
tile:xla,valid,bert_pretraining.4x4.fp16_-5e7543f765839356,bert,163,70,74,1.0571428571428572
tile:xla,valid,bert_pretraining.4x4.fp16_-67d64e42f8a6e510,bert,206,21,21,1.0
tile:xla,valid,bert_pretraining.4x4.fp16_-70b28a989cae5d16,bert,291,43,43,1.0
tile:xla,valid,bert_pretraining.4x4.fp16_-760506af4da30059,bert,54,14,13,0.9285714285714286
tile:xla,valid,bert_pretraining.4x4.fp16_-77c635139195baa3,bert,164,57,58,1.0175438596491229
tile:xla,valid,bert_pretraining.4x4.fp16_-7965883313d1a195,bert,136,2,1,0.5
tile:xla,valid,bert_pretraining.4x4.fp16_-84a4e8815a59f49,bert,4,17,16,0.9411764705882353
tile:xla,valid,bert_pretraining.4x4.fp16_12715b8846fb1038,bert,62,47,50,1.0638297872340425
tile:xla,valid,bert_pretraining.4x4.fp16_12ab6b03dbb07de7,bert,1333,39,42,1.0769230769230769
tile:xla,valid,bert_pretraining.4x4.fp16_183d41d29e91b036,bert,35,46,54,1.173913043478261
tile:xla,valid,bert_pretraining.4x4.fp16_249a7ea9296bcaac,bert,1031,52,55,1.0576923076923077
tile:xla,valid,bert_pretraining.4x4.fp16_2c0d1aab8a3d822,bert,58,40,43,1.075
tile:xla,valid,bert_pretraining.4x4.fp16_2e734f166c2b5710,bert,845,12,11,0.9166666666666666
tile:xla,valid,bert_pretraining.4x4.fp16_339088db6f19cf75,bert,36,41,41,1.0
tile:xla,valid,bert_pretraining.4x4.fp16_3ce76848de23b5f,bert,181,9,8,0.8888888888888888
tile:xla,valid,bert_pretraining.4x4.fp16_3d8d72ac9e041965,bert,54,38,41,1.0789473684210527
tile:xla,valid,bert_pretraining.4x4.fp16_445ebafb90750ee3,bert,163,57,58,1.0175438596491229
tile:xla,valid,bert_pretraining.4x4.fp16_4ca360dd65278ba5,bert,163,54,56,1.037037037037037
tile:xla,valid,bert_pretraining.4x4.fp16_4e7652f75ff95c52,bert,154,37,38,1.027027027027027
tile:xla,valid,bert_pretraining.4x4.fp16_5258f1fb1315f778,bert,839,30,30,1.0
tile:xla,valid,bert_pretraining.4x4.fp16_56f420e7acc1c4,bert,234,12,11,0.9166666666666666
tile:xla,valid,bert_pretraining.4x4.fp16_5f28f8abc4b48a62,bert,207,68,80,1.1764705882352942
tile:xla,valid,bert_pretraining.4x4.fp16_69e37cd55c7885d6,bert,165,61,63,1.0327868852459017
tile:xla,valid,bert_pretraining.4x4.fp16_6c9ce9ced927fa83,bert,234,20,20,1.0
tile:xla,valid,bert_pretraining.4x4.fp16_6d4dca078e4f052b,bert,4,13,12,0.9230769230769231
tile:xla,valid,bert_pretraining.4x4.fp16_6ed40f8b9d970c45,bert,70,47,50,1.0638297872340425
tile:xla,valid,bert_pretraining.4x4.fp16_704aac9e932a033c,bert,1324,43,44,1.0232558139534884
tile:xla,valid,bert_pretraining.4x4.fp16_70fbda9d27f8a296,bert,546,62,71,1.1451612903225807
tile:xla,valid,bert_pretraining.4x4.fp16_7486e8ce089e8f8c,bert,206,19,18,0.9473684210526315
tile:xla,valid,bert_pretraining.4x4.fp16_7ea64e206b836d1f,bert,49,10,9,0.9
tile:xla,valid,bert_pretraining.4x4.fp16_7fa383735f84a0bb,bert,47,38,38,1.0
tile:xla,valid,bert_pretraining.4x4.fp16_a35ebdeb43b3809,bert,840,21,20,0.9523809523809523
tile:xla,valid,bert_pretraining.4x4.fp16_e0e5819b290ddf3,bert,818,35,35,1.0
tile:xla,valid,inception_v3_batch_128_train_-1098e0f697435732,inception,462,96,104,1.0833333333333333
tile:xla,valid,inception_v3_batch_128_train_-11941d8e31c8f2e6,inception,267,80,88,1.1
tile:xla,valid,inception_v3_batch_128_train_-1229d612662daac3,inception,683,59,61,1.0338983050847457
tile:xla,valid,inception_v3_batch_128_train_-1303b4b4cff88b6d,inception,1255,37,40,1.0810810810810811
tile:xla,valid,inception_v3_batch_128_train_-15278b93cc5d55e7,inception,964,20,23,1.15
tile:xla,valid,inception_v3_batch_128_train_-1575219d04019e41,inception,503,37,40,1.0810810810810811
tile:xla,valid,inception_v3_batch_128_train_-16c4da50610b05f7,inception,725,91,98,1.0769230769230769
tile:xla,valid,inception_v3_batch_128_train_-1755c3a865c70d8f,inception,39,9,8,0.8888888888888888
tile:xla,valid,inception_v3_batch_128_train_-18da29dab786262f,inception,3174,85,95,1.1176470588235294
tile:xla,valid,inception_v3_batch_128_train_-19d2e47cba3ee72d,inception,4622,37,40,1.0810810810810811
tile:xla,valid,inception_v3_batch_128_train_-1b691c5e79dbaf04,inception,126,59,61,1.0338983050847457
tile:xla,valid,inception_v3_batch_128_train_-1b749fc68a85c61,inception,40,18,17,0.9444444444444444
tile:xla,valid,inception_v3_batch_128_train_-1c9e920f04f8cf87,inception,25,31,36,1.1612903225806452
tile:xla,valid,inception_v3_batch_128_train_-1d9113214d4c79e,inception,4862,37,40,1.0810810810810811
tile:xla,valid,inception_v3_batch_128_train_-1f54133572dcffea,inception,9,2,1,0.5
tile:xla,valid,inception_v3_batch_128_train_-211420ad957d841,inception,17,2,1,0.5
tile:xla,valid,inception_v3_batch_128_train_-218d0d094c4769f0,inception,184,36,42,1.1666666666666667
tile:xla,valid,inception_v3_batch_128_train_-22451903f3ba5e36,inception,243,66,71,1.0757575757575757
tile:xla,valid,inception_v3_batch_128_train_-226b67a1c20ac651,inception,195,97,102,1.0515463917525774
tile:xla,valid,inception_v3_batch_128_train_-23e94c034a65a177,inception,195,97,102,1.0515463917525774
tile:xla,valid,inception_v3_batch_128_train_-24d5e54b671faad9,inception,82,18,17,0.9444444444444444
tile:xla,valid,inception_v3_batch_128_train_-25693efa649ca266,inception,44,69,76,1.1014492753623188
tile:xla,valid,inception_v3_batch_128_train_-267bb5240dc1da7a,inception,252,113,121,1.0707964601769913
tile:xla,valid,inception_v3_batch_128_train_-26872c5ece9afe38,inception,212,37,40,1.0810810810810811
tile:xla,valid,inception_v3_batch_128_train_-26ab8cce7822e618,inception,529,78,102,1.3076923076923077
tile:xla,valid,inception_v3_batch_128_train_-2761e1f5fb7a859,inception,679,80,85,1.0625
tile:xla,valid,inception_v3_batch_128_train_-2778c585ba4ebe8d,inception,9,2,1,0.5
tile:xla,valid,inception_v3_batch_128_train_-27f36daac6a59e44,inception,8814,59,61,1.0338983050847457
tile:xla,valid,inception_v3_batch_128_train_-28ee9a1227a57e68,inception,1345,113,121,1.0707964601769913
tile:xla,valid,inception_v3_batch_128_train_-2a9ce27599cead0c,inception,1137,59,61,1.0338983050847457
tile:xla,valid,inception_v3_batch_128_train_-2db806dc7a0737ef,inception,248,38,45,1.1842105263157894
tile:xla,valid,inception_v3_batch_128_train_-2dfac69200b5c10b,inception,11,2,1,0.5
tile:xla,valid,inception_v3_batch_128_train_-2e64c80c06b99d9a,inception,31,88,98,1.1136363636363635
tile:xla,valid,inception_v3_batch_128_train_-32622e96a3aada0b,inception,26,23,22,0.9565217391304348
tile:xla,valid,inception_v3_batch_128_train_-32fc397fd1d53ecd,inception,245,113,121,1.0707964601769913
tile:xla,valid,inception_v3_batch_128_train_-33387ec5662a8673,inception,11,39,39,1.0
tile:xla,valid,inception_v3_batch_128_train_-337c93b8d47936df,inception,276,66,71,1.0757575757575757
tile:xla,valid,inception_v3_batch_128_train_-3492b1fa7fbe344e,inception,803,59,61,1.0338983050847457
tile:xla,valid,inception_v3_batch_128_train_-349e417a5109d3b1,inception,17,9,8,0.8888888888888888
tile:xla,valid,inception_v3_batch_128_train_-35abb85c09e6d973,inception,373,53,52,0.9811320754716981
tile:xla,valid,inception_v3_batch_128_train_-375402075453b0d6,inception,26,20,23,1.15
tile:xla,valid,inception_v3_batch_128_train_-381fee1234761f04,inception,11,9,8,0.8888888888888888
tile:xla,valid,inception_v3_batch_128_train_-384a671b5d1dbc32,inception,624,36,42,1.1666666666666667
tile:xla,valid,inception_v3_batch_128_train_-397596ef86081274,inception,496,37,40,1.0810810810810811
tile:xla,valid,inception_v3_batch_128_train_-39add2ba14a7791d,inception,212,37,40,1.0810810810810811
tile:xla,valid,inception_v3_batch_128_train_-39e85cbddc1ac1fd,inception,622,112,123,1.0982142857142858
tile:xla,valid,inception_v3_batch_128_train_-3abbca53dce8dc5a,inception,252,113,121,1.0707964601769913
tile:xla,valid,inception_v3_batch_128_train_-3b16250eae08268c,inception,32,20,23,1.15
tile:xla,valid,inception_v3_batch_128_train_-3bad41e4ca261028,inception,3833,113,121,1.0707964601769913
tile:xla,valid,inception_v3_batch_128_train_-3c9ebc44405cd5ab,inception,44,37,40,1.0810810810810811
tile:xla,valid,inception_v3_batch_128_train_-3d07f697019e3cd3,inception,628,96,104,1.0833333333333333
tile:xla,valid,inception_v3_batch_128_train_-3da6a5469f4298da,inception,338,96,104,1.0833333333333333
tile:xla,valid,inception_v3_batch_128_train_-3de2f7a15bf1071b,inception,34,20,23,1.15
tile:xla,valid,inception_v3_batch_128_train_-3e90f58db87bc2bc,inception,10,11,11,1.0
tile:xla,valid,inception_v3_batch_128_train_-3edb66ab54d14f1d,inception,460,85,95,1.1176470588235294
tile:xla,valid,inception_v3_batch_128_train_-40c63458659cf395,inception,169,59,61,1.0338983050847457
tile:xla,valid,inception_v3_batch_128_train_-412e76a2100dbdd0,inception,683,59,61,1.0338983050847457
tile:xla,valid,inception_v3_batch_128_train_-42621369eeb4c9c4,inception,162,69,76,1.1014492753623188
tile:xla,valid,inception_v3_batch_128_train_-43a198e28181f1aa,inception,1935,42,44,1.0476190476190477
tile:xla,valid,inception_v3_batch_128_train_-4415e523f41dd990,inception,10,2,1,0.5
tile:xla,valid,inception_v3_batch_128_train_-44c7e2995e19acf0,inception,13,9,8,0.8888888888888888
tile:xla,valid,inception_v3_batch_128_train_-45d3ededd73a814f,inception,40,88,98,1.1136363636363635
tile:xla,valid,inception_v3_batch_128_train_-45e84373dc71f0a,inception,1104,97,102,1.0515463917525774
tile:xla,valid,inception_v3_batch_128_train_-466603da2cd3a2c2,inception,205,43,42,0.9767441860465116
tile:xla,valid,inception_v3_batch_128_train_-477a39e61d08890f,inception,33,80,88,1.1
tile:xla,valid,inception_v3_batch_128_train_-482b4f7ee9f87b27,inception,287,37,40,1.0810810810810811
tile:xla,valid,inception_v3_batch_128_train_-487d795919eeb9cb,inception,33,20,23,1.15
tile:xla,valid,inception_v3_batch_128_train_-4a28ab804997d85a,inception,1137,91,98,1.0769230769230769
tile:xla,valid,inception_v3_batch_128_train_-4ae11232679327bc,inception,16,81,86,1.0617283950617284
tile:xla,valid,inception_v3_batch_128_train_-4b036b903dde5811,inception,46,11,11,1.0
tile:xla,valid,inception_v3_batch_128_train_-4b7f74d60c32d30f,inception,17,2,1,0.5
tile:xla,valid,inception_v3_batch_128_train_-4c1848547e87dc93,inception,2001,29,35,1.206896551724138
tile:xla,valid,inception_v3_batch_128_train_-4e2af352e5f7f943,inception,2361,80,85,1.0625
tile:xla,valid,inception_v3_batch_128_train_-4eed7ed4805f4c4,inception,5,30,36,1.2
tile:xla,valid,inception_v3_batch_128_train_-4f9bfaac07851561,inception,6707,97,102,1.0515463917525774
tile:xla,valid,inception_v3_batch_128_train_-5111ff6edc40b68d,inception,933,43,42,0.9767441860465116
tile:xla,valid,inception_v3_batch_128_train_-520a218a1d76f99c,inception,18,9,8,0.8888888888888888
tile:xla,valid,inception_v3_batch_128_train_-52e7ebbac89642b3,inception,63,20,23,1.15
tile:xla,valid,inception_v3_batch_128_train_-52eb1b446c037fa2,inception,32,80,85,1.0625
tile:xla,valid,inception_v3_batch_128_train_-53b8d6c72dfa2df7,inception,5,78,102,1.3076923076923077
tile:xla,valid,inception_v3_batch_128_train_-5406cbd274546cca,inception,10,2,1,0.5
tile:xla,valid,inception_v3_batch_128_train_-560657b1a7cf0202,inception,10,2,1,0.5
tile:xla,valid,inception_v3_batch_128_train_-57c634e74627990d,inception,11,70,77,1.1
tile:xla,valid,inception_v3_batch_128_train_-58d0b606c13f1802,inception,226,113,121,1.0707964601769913
tile:xla,valid,inception_v3_batch_128_train_-5a146c826dd27946,inception,883,112,123,1.0982142857142858
tile:xla,valid,inception_v3_batch_128_train_-5b9477f47ae48c55,inception,454,37,40,1.0810810810810811
tile:xla,valid,inception_v3_batch_128_train_-5d59c9b90b5c0b2b,inception,272,37,40,1.0810810810810811
tile:xla,valid,inception_v3_batch_128_train_-5dfa2f510cdc4234,inception,502,54,69,1.2777777777777777
tile:xla,valid,inception_v3_batch_128_train_-5f601e950043011c,inception,411,85,95,1.1176470588235294
tile:xla,valid,inception_v3_batch_128_train_-6009f81be2079a0d,inception,246,38,45,1.1842105263157894
tile:xla,valid,inception_v3_batch_128_train_-61f0253e0882afed,inception,9,30,36,1.2
tile:xla,valid,inception_v3_batch_128_train_-640a7aed27f56a8e,inception,18,53,52,0.9811320754716981
tile:xla,valid,inception_v3_batch_128_train_-6418eb327fa0e018,inception,243,80,85,1.0625
tile:xla,valid,inception_v3_batch_128_train_-65ca3c83362817db,inception,46,37,40,1.0810810810810811
tile:xla,valid,inception_v3_batch_128_train_-6780e512efa67915,inception,139,59,61,1.0338983050847457
tile:xla,valid,inception_v3_batch_128_train_-679eb613bc72268c,inception,167,69,76,1.1014492753623188
tile:xla,valid,inception_v3_batch_128_train_-67d1d3c08ff3d702,inception,7011,37,40,1.0810810810810811
tile:xla,valid,inception_v3_batch_128_train_-68ce1a6a7ab363dd,inception,294,12,11,0.9166666666666666
tile:xla,valid,inception_v3_batch_128_train_-6a17640d67cec99c,inception,6,30,36,1.2
tile:xla,valid,inception_v3_batch_128_train_-6a5d4a404fce1d17,inception,1442,85,95,1.1176470588235294
tile:xla,valid,inception_v3_batch_128_train_-6ac7e10c0cd68002,inception,208,30,36,1.2
tile:xla,valid,inception_v3_batch_128_train_-6ad992da2793d6ed,inception,1212,91,98,1.0769230769230769
tile:xla,valid,inception_v3_batch_128_train_-6af1d5ca94586cf3,inception,686,43,42,0.9767441860465116
tile:xla,valid,inception_v3_batch_128_train_-6cc24284c3943008,inception,21,23,22,0.9565217391304348
tile:xla,valid,inception_v3_batch_128_train_-6e26c9ee000bb7aa,inception,889,52,51,0.9807692307692307
tile:xla,valid,inception_v3_batch_128_train_-705cf706cd3e2711,inception,370,36,42,1.1666666666666667
tile:xla,valid,inception_v3_batch_128_train_-70e3f2384c58a6c5,inception,498,53,52,0.9811320754716981
tile:xla,valid,inception_v3_batch_128_train_-717ec25155119027,inception,3833,113,121,1.0707964601769913
tile:xla,valid,inception_v3_batch_128_train_-72b6735937ef7b35,inception,25,31,36,1.1612903225806452
tile:xla,valid,inception_v3_batch_128_train_-72c09439aa6d10aa,inception,441,85,95,1.1176470588235294
tile:xla,valid,inception_v3_batch_128_train_-733c0a957cb8851,inception,194,69,76,1.1014492753623188
tile:xla,valid,inception_v3_batch_128_train_-744232cf7b723125,inception,26,23,22,0.9565217391304348
tile:xla,valid,inception_v3_batch_128_train_-7461d5ca6c732b29,inception,135,85,95,1.1176470588235294
tile:xla,valid,inception_v3_batch_128_train_-775c0ba561175fe7,inception,31,2,1,0.5
tile:xla,valid,inception_v3_batch_128_train_-784667276e17f855,inception,9,11,11,1.0
tile:xla,valid,inception_v3_batch_128_train_-789e88fd071ca97f,inception,954,17,19,1.1176470588235294
tile:xla,valid,inception_v3_batch_128_train_-78ae790b9bf86b10,inception,607,43,42,0.9767441860465116
tile:xla,valid,inception_v3_batch_128_train_-78b6175934510050,inception,31,9,8,0.8888888888888888
tile:xla,valid,inception_v3_batch_128_train_-78cead0034edb750,inception,3468,113,121,1.0707964601769913
tile:xla,valid,inception_v3_batch_128_train_-78fc404bfc2e25fc,inception,3494,97,102,1.0515463917525774
tile:xla,valid,inception_v3_batch_128_train_-7b4776d4c286d566,inception,39,2,1,0.5
tile:xla,valid,inception_v3_batch_128_train_-7d07e5eaee0a193b,inception,517,96,104,1.0833333333333333
tile:xla,valid,inception_v3_batch_128_train_-7d8234c60df398ba,inception,55,20,23,1.15
tile:xla,valid,inception_v3_batch_128_train_-7e0ee2384a891d62,inception,6,30,36,1.2
tile:xla,valid,inception_v3_batch_128_train_-7f137a172d53a9d1,inception,1662,80,85,1.0625
tile:xla,valid,inception_v3_batch_128_train_-7f4b343057929585,inception,109,107,117,1.0934579439252337
tile:xla,valid,inception_v3_batch_128_train_-92c7a413e3dc6d6,inception,470,37,40,1.0810810810810811
tile:xla,valid,inception_v3_batch_128_train_-bbfb5efbb9ad8e6,inception,802,96,104,1.0833333333333333
tile:xla,valid,inception_v3_batch_128_train_-becff2150ef3917,inception,158,29,35,1.206896551724138
tile:xla,valid,inception_v3_batch_128_train_-d4bd793aa84ef2d,inception,18,22,22,1.0
tile:xla,valid,inception_v3_batch_128_train_-f5c37917543814e,inception,455,36,42,1.1666666666666667
tile:xla,valid,inception_v3_batch_128_train_-f8635c51077b61f,inception,11,98,103,1.0510204081632653
tile:xla,valid,inception_v3_batch_128_train_10221d71a28841c,inception,59,43,45,1.0465116279069768
tile:xla,valid,inception_v3_batch_128_train_121cd929204c6740,inception,1137,59,61,1.0338983050847457
tile:xla,valid,inception_v3_batch_128_train_12cd60e09978a9ed,inception,24,18,17,0.9444444444444444
tile:xla,valid,inception_v3_batch_128_train_13b9f5b95a47127a,inception,451,69,76,1.1014492753623188
tile:xla,valid,inception_v3_batch_128_train_154c29a560f2f29d,inception,6701,97,102,1.0515463917525774
tile:xla,valid,inception_v3_batch_128_train_16d41253a4203cf1,inception,850,31,36,1.1612903225806452
tile:xla,valid,inception_v3_batch_128_train_171f4371caf28639,inception,3468,113,121,1.0707964601769913
tile:xla,valid,inception_v3_batch_128_train_17f4f6a7f31caa51,inception,376,96,104,1.0833333333333333
tile:xla,valid,inception_v3_batch_128_train_1855b3d397c14bd1,inception,156,43,42,0.9767441860465116
tile:xla,valid,inception_v3_batch_128_train_1922dba2b0b321ab,inception,9,2,1,0.5
tile:xla,valid,inception_v3_batch_128_train_1cc225fea8f13dc0,inception,10,11,11,1.0
tile:xla,valid,inception_v3_batch_128_train_202094bb0faf6bfc,inception,1024,17,19,1.1176470588235294
tile:xla,valid,inception_v3_batch_128_train_20f0d3c795f61006,inception,262,43,42,0.9767441860465116
tile:xla,valid,inception_v3_batch_128_train_214d2ae3e5aceafb,inception,5700,69,76,1.1014492753623188
tile:xla,valid,inception_v3_batch_128_train_223279aa928f9a03,inception,133,96,104,1.0833333333333333
tile:xla,valid,inception_v3_batch_128_train_228e27d0b137725e,inception,7408,36,42,1.1666666666666667
tile:xla,valid,inception_v3_batch_128_train_24c44f7d608dc03d,inception,889,53,52,0.9811320754716981
tile:xla,valid,inception_v3_batch_128_train_251daf2393effe97,inception,3495,97,102,1.0515463917525774
tile:xla,valid,inception_v3_batch_128_train_253f0638cd2ef3fb,inception,2867,20,23,1.15
tile:xla,valid,inception_v3_batch_128_train_255184d2c690f698,inception,802,53,52,0.9811320754716981
tile:xla,valid,inception_v3_batch_128_train_27963c95e594eff1,inception,85,20,23,1.15
tile:xla,valid,inception_v3_batch_128_train_281e2088649bd771,inception,31,88,98,1.1136363636363635
tile:xla,valid,inception_v3_batch_128_train_281effce6156be2b,inception,10,11,11,1.0
tile:xla,valid,inception_v3_batch_128_train_2922adcf6eafa0d2,inception,26,23,22,0.9565217391304348
tile:xla,valid,inception_v3_batch_128_train_2d49034542288fff,inception,31,2,1,0.5
tile:xla,valid,inception_v3_batch_128_train_2db34bd64fd6140b,inception,13,11,11,1.0
tile:xla,valid,inception_v3_batch_128_train_2e489e78a7fb8695,inception,30,97,102,1.0515463917525774
tile:xla,valid,inception_v3_batch_128_train_2ed68dd0f70c6db8,inception,9,11,11,1.0
tile:xla,valid,inception_v3_batch_128_train_30f32ae432703bef,inception,13,2,1,0.5
tile:xla,valid,inception_v3_batch_128_train_3124d99c226af31,inception,6,30,36,1.2
tile:xla,valid,inception_v3_batch_128_train_31b34c3a43021bc7,inception,39,30,36,1.2
tile:xla,valid,inception_v3_batch_128_train_31dc0d649eff8ffe,inception,468,43,42,0.9767441860465116
tile:xla,valid,inception_v3_batch_128_train_3339b14af005cf17,inception,45,37,40,1.0810810810810811
tile:xla,valid,inception_v3_batch_128_train_33a3e30a7447dc85,inception,8686,37,40,1.0810810810810811
tile:xla,valid,inception_v3_batch_128_train_346e5922bd71d655,inception,58,18,17,0.9444444444444444
tile:xla,valid,inception_v3_batch_128_train_34ad6c80cdca41ad,inception,60,18,17,0.9444444444444444
tile:xla,valid,inception_v3_batch_128_train_34fe89f0310ba5a5,inception,185,43,42,0.9767441860465116
tile:xla,valid,inception_v3_batch_128_train_3577c6f6d38d79f6,inception,158,59,61,1.0338983050847457
tile:xla,valid,inception_v3_batch_128_train_3763dbfe38fb067b,inception,9,11,11,1.0
tile:xla,valid,inception_v3_batch_128_train_3772a3dd37b9622,inception,1054,113,121,1.0707964601769913
tile:xla,valid,inception_v3_batch_128_train_37fddf5f2c7d9932,inception,1588,42,44,1.0476190476190477
tile:xla,valid,inception_v3_batch_128_train_393c22191cfe7da9,inception,226,113,121,1.0707964601769913
tile:xla,valid,inception_v3_batch_128_train_3a870e8b49ff7b60,inception,451,37,40,1.0810810810810811
tile:xla,valid,inception_v3_batch_128_train_3ad147249b0e72d6,inception,506,36,42,1.1666666666666667
tile:xla,valid,inception_v3_batch_128_train_3b49caa56d77ff55,inception,39,11,11,1.0
tile:xla,valid,inception_v3_batch_128_train_3b65e4f623d60b9d,inception,660,80,85,1.0625
tile:xla,valid,inception_v3_batch_128_train_3b6f107f8e961b55,inception,26,23,22,0.9565217391304348
tile:xla,valid,inception_v3_batch_128_train_3d7af95a34149761,inception,2972,97,102,1.0515463917525774
tile:xla,valid,inception_v3_batch_128_train_3df5108b33bc0504,inception,59,43,45,1.0465116279069768
tile:xla,valid,inception_v3_batch_128_train_3fe4d672065c4e98,inception,243,66,71,1.0757575757575757
tile:xla,valid,inception_v3_batch_128_train_406063440cfeec21,inception,5261,85,95,1.1176470588235294
tile:xla,valid,inception_v3_batch_128_train_40d8ecf69700b527,inception,11,11,11,1.0
tile:xla,valid,inception_v3_batch_128_train_40fa8f86f121f00a,inception,286,37,40,1.0810810810810811
tile:xla,valid,inception_v3_batch_128_train_426e203f19335d17,inception,9,2,1,0.5
tile:xla,valid,inception_v3_batch_128_train_42ee47112c512e8c,inception,166,96,104,1.0833333333333333
tile:xla,valid,inception_v3_batch_128_train_42ee7174edd3c102,inception,342,113,121,1.0707964601769913
tile:xla,valid,inception_v3_batch_128_train_439a5d1d23cf0ae8,inception,8623,37,40,1.0810810810810811
tile:xla,valid,inception_v3_batch_128_train_43b13928f504c223,inception,159,31,36,1.1612903225806452
tile:xla,valid,inception_v3_batch_128_train_448f44825e327a65,inception,1497,80,85,1.0625
tile:xla,valid,inception_v3_batch_128_train_45e2dbeaa5c1d894,inception,1011,53,52,0.9811320754716981
tile:xla,valid,inception_v3_batch_128_train_46b3753da2a2e4f2,inception,606,49,48,0.9795918367346939
tile:xla,valid,inception_v3_batch_128_train_46d385eb175b3f71,inception,449,112,123,1.0982142857142858
tile:xla,valid,inception_v3_batch_128_train_4a367180bf348e,inception,24,30,36,1.2
tile:xla,valid,inception_v3_batch_128_train_4bc8573f7ef12539,inception,654,43,42,0.9767441860465116
tile:xla,valid,inception_v3_batch_128_train_4c0e4fcdaa4fa7e6,inception,2734,69,76,1.1014492753623188
tile:xla,valid,inception_v3_batch_128_train_4e8b59bb25b1bf3f,inception,37,30,36,1.2
tile:xla,valid,inception_v3_batch_128_train_4f3924c89690d910,inception,46,9,8,0.8888888888888888
tile:xla,valid,inception_v3_batch_128_train_4f980a4d996262d6,inception,11,9,8,0.8888888888888888
tile:xla,valid,inception_v3_batch_128_train_500a9be1333a2d62,inception,120,20,23,1.15
tile:xla,valid,inception_v3_batch_128_train_53bc76fe7538490b,inception,6329,37,40,1.0810810810810811
tile:xla,valid,inception_v3_batch_128_train_55e3095f05f5cf90,inception,53,96,104,1.0833333333333333
tile:xla,valid,inception_v3_batch_128_train_5608c687d9b82722,inception,17,11,11,1.0
tile:xla,valid,inception_v3_batch_128_train_56ffd5d027789b3c,inception,211,20,23,1.15
tile:xla,valid,inception_v3_batch_128_train_595bb647001c63f4,inception,266,59,61,1.0338983050847457
tile:xla,valid,inception_v3_batch_128_train_59b691e48a6bc50d,inception,448,69,76,1.1014492753623188
tile:xla,valid,inception_v3_batch_128_train_5af376e9824258fb,inception,123,96,104,1.0833333333333333
tile:xla,valid,inception_v3_batch_128_train_5b26afb5b1ed0e3b,inception,87,78,102,1.3076923076923077
tile:xla,valid,inception_v3_batch_128_train_5b4879fecf314171,inception,71,18,17,0.9444444444444444
tile:xla,valid,inception_v3_batch_128_train_5bd7c368e93284ea,inception,9,2,1,0.5
tile:xla,valid,inception_v3_batch_128_train_5be1ec6cbfebef60,inception,10,11,11,1.0
tile:xla,valid,inception_v3_batch_128_train_5c78626e0928cd27,inception,2115,18,17,0.9444444444444444
tile:xla,valid,inception_v3_batch_128_train_5e3faa61ece3d7a2,inception,241,96,104,1.0833333333333333
tile:xla,valid,inception_v3_batch_128_train_5f0daead12d91b7,inception,184,36,42,1.1666666666666667
tile:xla,valid,inception_v3_batch_128_train_5f250f7a69125596,inception,37,18,17,0.9444444444444444
tile:xla,valid,inception_v3_batch_128_train_60e25260b5e95dee,inception,6382,38,45,1.1842105263157894
tile:xla,valid,inception_v3_batch_128_train_61e11e652d0950b9,inception,27,20,23,1.15
tile:xla,valid,inception_v3_batch_128_train_6623bf5ce4735809,inception,209,31,36,1.1612903225806452
tile:xla,valid,inception_v3_batch_128_train_670e6d8ebcc8d3e8,inception,455,96,104,1.0833333333333333
tile:xla,valid,inception_v3_batch_128_train_68084c1e1e3dfb90,inception,410,53,52,0.9811320754716981
tile:xla,valid,inception_v3_batch_128_train_6829ee6654a0bae7,inception,4967,112,123,1.0982142857142858
tile:xla,valid,inception_v3_batch_128_train_68c07f4deb966dd7,inception,13,2,1,0.5
tile:xla,valid,inception_v3_batch_128_train_699d60ea1231c762,inception,189,59,61,1.0338983050847457
tile:xla,valid,inception_v3_batch_128_train_69b8d3667092b46,inception,883,96,104,1.0833333333333333
tile:xla,valid,inception_v3_batch_128_train_6a80d36290c45424,inception,6028,38,45,1.1842105263157894
tile:xla,valid,inception_v3_batch_128_train_6b8315e05523d9a8,inception,1054,113,121,1.0707964601769913
tile:xla,valid,inception_v3_batch_128_train_6bdbc8fe7061b80e,inception,9,2,1,0.5
tile:xla,valid,inception_v3_batch_128_train_6dfdfd23bc71d97,inception,756,69,76,1.1014492753623188
tile:xla,valid,inception_v3_batch_128_train_6e4a91e0f8e91eab,inception,6,30,36,1.2
tile:xla,valid,inception_v3_batch_128_train_6f786aae820b50e6,inception,231,20,23,1.15
tile:xla,valid,inception_v3_batch_128_train_6f797c7e51bce3b5,inception,3174,85,95,1.1176470588235294
tile:xla,valid,inception_v3_batch_128_train_708a3f62219d2c5f,inception,31,11,11,1.0
tile:xla,valid,inception_v3_batch_128_train_70d2b213bc894f42,inception,393,37,40,1.0810810810810811
tile:xla,valid,inception_v3_batch_128_train_7183500eb4a61853,inception,6,30,36,1.2
tile:xla,valid,inception_v3_batch_128_train_723c1573f4ba0a3c,inception,10,2,1,0.5
tile:xla,valid,inception_v3_batch_128_train_726d58a089597460,inception,440,85,95,1.1176470588235294
tile:xla,valid,inception_v3_batch_128_train_7277189ce046e35c,inception,468,37,40,1.0810810810810811
tile:xla,valid,inception_v3_batch_128_train_72a15d2b523e653d,inception,18,11,11,1.0
tile:xla,valid,inception_v3_batch_128_train_735a60396f462b40,inception,8952,66,71,1.0757575757575757
tile:xla,valid,inception_v3_batch_128_train_737c06e3b374f020,inception,6385,66,71,1.0757575757575757
tile:xla,valid,inception_v3_batch_128_train_7390914126c83f34,inception,7334,66,71,1.0757575757575757
tile:xla,valid,inception_v3_batch_128_train_75c767bec83db885,inception,31,18,17,0.9444444444444444
tile:xla,valid,inception_v3_batch_128_train_75f898817023184d,inception,1735,18,17,0.9444444444444444
tile:xla,valid,inception_v3_batch_128_train_76efb3bc58b9a88f,inception,11,2,1,0.5
tile:xla,valid,inception_v3_batch_128_train_798be6b7f64f1dbc,inception,208,30,36,1.2
tile:xla,valid,inception_v3_batch_128_train_7a07de93311430ba,inception,752,59,61,1.0338983050847457
tile:xla,valid,inception_v3_batch_128_train_7b175f609cdd126,inception,684,53,52,0.9811320754716981
tile:xla,valid,inception_v3_batch_128_train_7b5dad4a9ebbb42e,inception,194,69,76,1.1014492753623188
tile:xla,valid,inception_v3_batch_128_train_7b65ad751635331c,inception,1105,97,102,1.0515463917525774
tile:xla,valid,inception_v3_batch_128_train_7c1d1cdcde30d95a,inception,13,9,8,0.8888888888888888
tile:xla,valid,inception_v3_batch_128_train_7c406b36663f0fcd,inception,660,96,104,1.0833333333333333
tile:xla,valid,inception_v3_batch_128_train_7c6b0bc9e1e4bd5b,inception,21,21,20,0.9523809523809523
tile:xla,valid,inception_v3_batch_128_train_7cef1ab1c9ac3077,inception,5,11,11,1.0
tile:xla,valid,inception_v3_batch_128_train_7d021a65d2ac7ea9,inception,33,20,23,1.15
tile:xla,valid,inception_v3_batch_128_train_7e6f7bf664aab8e4,inception,9,9,8,0.8888888888888888
tile:xla,valid,inception_v3_batch_128_train_a27d2ef7cf1c2ac,inception,559,37,40,1.0810810810810811
tile:xla,valid,inception_v3_batch_128_train_a76964c3e3f6b51,inception,1151,53,52,0.9811320754716981
tile:xla,valid,inception_v3_batch_128_train_b964bb8b03d3217,inception,803,59,61,1.0338983050847457
tile:xla,valid,inception_v3_batch_128_train_cec9933d5e809c7,inception,8992,38,45,1.1842105263157894
tile:xla,valid,inception_v3_batch_128_train_e00c619cfd06544,inception,6,30,36,1.2
tile:xla,valid,inception_v3_batch_128_train_e592ab47afe4cc4,inception,6,30,36,1.2
tile:xla,valid,inception_v3_batch_128_train_f18e83cd9e9eddb,inception,32,43,42,0.9767441860465116
tile:xla,valid,inception_v3_batch_128_train_fe1fca33a5554e,inception,1016,107,117,1.0934579439252337
tile:xla,valid,mlperf_bert_batch_24_2x2_-132dd84b121a1252,bert,243,43,43,1.0
tile:xla,valid,mlperf_bert_batch_24_2x2_-147b26f86f0dd6ed,bert,85,49,51,1.0408163265306123
tile:xla,valid,mlperf_bert_batch_24_2x2_-1493d709cc9fc17f,bert,98,13,12,0.9230769230769231
tile:xla,valid,mlperf_bert_batch_24_2x2_-1975dbd98f2e180d,bert,120,19,19,1.0
tile:xla,valid,mlperf_bert_batch_24_2x2_-1a5a4496186ffe2f,bert,880,12,11,0.9166666666666666
tile:xla,valid,mlperf_bert_batch_24_2x2_-21a70cce43698495,bert,5677,37,36,0.972972972972973
tile:xla,valid,mlperf_bert_batch_24_2x2_-25e30862c042a2b8,bert,86,22,21,0.9545454545454546
tile:xla,valid,mlperf_bert_batch_24_2x2_-26f4d408322cb95b,bert,3796,12,11,0.9166666666666666
tile:xla,valid,mlperf_bert_batch_24_2x2_-2d38321f7dca5a1c,bert,109,42,47,1.119047619047619
tile:xla,valid,mlperf_bert_batch_24_2x2_-329de17aadf6f8ac,bert,159,60,73,1.2166666666666666
tile:xla,valid,mlperf_bert_batch_24_2x2_-332fff3b8a2fb3fc,bert,127,19,20,1.0526315789473684
tile:xla,valid,mlperf_bert_batch_24_2x2_-375d66f981540bb9,bert,185,11,10,0.9090909090909091
tile:xla,valid,mlperf_bert_batch_24_2x2_-3aa861d713dd9efd,bert,641,53,57,1.0754716981132075
tile:xla,valid,mlperf_bert_batch_24_2x2_-3b159a3996ec3208,bert,85,9,8,0.8888888888888888
tile:xla,valid,mlperf_bert_batch_24_2x2_-3c38518f75e0e7,bert,3632,43,43,1.0
tile:xla,valid,mlperf_bert_batch_24_2x2_-3ca4790f5ee2cdc9,bert,5391,65,76,1.1692307692307693
tile:xla,valid,mlperf_bert_batch_24_2x2_-45f5fb1a0134c370,bert,2606,14,13,0.9285714285714286
tile:xla,valid,mlperf_bert_batch_24_2x2_-4608729c7de20618,bert,832,36,35,0.9722222222222222
tile:xla,valid,mlperf_bert_batch_24_2x2_-470d20bf89df782d,bert,3632,43,43,1.0
tile:xla,valid,mlperf_bert_batch_24_2x2_-4725e1f98e815896,bert,288,22,22,1.0
tile:xla,valid,mlperf_bert_batch_24_2x2_-48da92f4e89d380c,bert,2089,81,89,1.0987654320987654
tile:xla,valid,mlperf_bert_batch_24_2x2_-49eee36bedc76304,bert,599,9,8,0.8888888888888888
tile:xla,valid,mlperf_bert_batch_24_2x2_-4a65844555696d8d,bert,97,50,59,1.18
tile:xla,valid,mlperf_bert_batch_24_2x2_-4f518235b8ff21a3,bert,131,9,9,1.0
tile:xla,valid,mlperf_bert_batch_24_2x2_-50892adcd89bfb4a,bert,234,9,8,0.8888888888888888
tile:xla,valid,mlperf_bert_batch_24_2x2_-5358ad2538821eb7,bert,606,10,9,0.9
tile:xla,valid,mlperf_bert_batch_24_2x2_-562108cd859db4c4,bert,579,49,55,1.1224489795918366
tile:xla,valid,mlperf_bert_batch_24_2x2_-58bd23f6ffa877b7,bert,96,13,14,1.0769230769230769
tile:xla,valid,mlperf_bert_batch_24_2x2_-6b15cb667cd067d8,bert,2796,73,75,1.0273972602739727
tile:xla,valid,mlperf_bert_batch_24_2x2_-6b9213103f1a39e4,bert,872,19,19,1.0
tile:xla,valid,mlperf_bert_batch_24_2x2_-713344aed5821af3,bert,3554,41,40,0.975609756097561
tile:xla,valid,mlperf_bert_batch_24_2x2_-72cfb1285f161b79,bert,3335,46,46,1.0
tile:xla,valid,mlperf_bert_batch_24_2x2_-7a8f379b3ead7c85,bert,85,17,16,0.9411764705882353
tile:xla,valid,mlperf_bert_batch_24_2x2_-7d5bb40d3a8478d,bert,3221,59,58,0.9830508474576272
tile:xla,valid,mlperf_bert_batch_24_2x2_-7e98bedd3f637990,bert,1092,48,47,0.9791666666666666
tile:xla,valid,mlperf_bert_batch_24_2x2_-d7a87ffbadbad1a,bert,185,10,9,0.9
tile:xla,valid,mlperf_bert_batch_24_2x2_13b4b0175f44c04,bert,638,35,35,1.0
tile:xla,valid,mlperf_bert_batch_24_2x2_1979152c50135d21,bert,3554,38,37,0.9736842105263158
tile:xla,valid,mlperf_bert_batch_24_2x2_19e51b4f2409c21d,bert,129,31,32,1.032258064516129
tile:xla,valid,mlperf_bert_batch_24_2x2_1cb9475b0cfc7341,bert,3583,45,45,1.0
tile:xla,valid,mlperf_bert_batch_24_2x2_1fce505af3c7b580,bert,120,8,7,0.875
tile:xla,valid,mlperf_bert_batch_24_2x2_21f9fb669a606486,bert,596,80,85,1.0625
tile:xla,valid,mlperf_bert_batch_24_2x2_238e85ac62db522a,bert,5610,42,42,1.0
tile:xla,valid,mlperf_bert_batch_24_2x2_2e1adec77790ef7e,bert,55,9,9,1.0
tile:xla,valid,mlperf_bert_batch_24_2x2_2fdfdd8fd3b8fe53,bert,251,9,8,0.8888888888888888
tile:xla,valid,mlperf_bert_batch_24_2x2_321582e503956bf0,bert,457,58,61,1.0517241379310345
tile:xla,valid,mlperf_bert_batch_24_2x2_3243ce69eeb30e25,bert,2496,84,89,1.0595238095238095
tile:xla,valid,mlperf_bert_batch_24_2x2_36a3a08119c715b8,bert,55,31,32,1.032258064516129
tile:xla,valid,mlperf_bert_batch_24_2x2_457273483ca5f930,bert,288,19,19,1.0
tile:xla,valid,mlperf_bert_batch_24_2x2_4583f55299875347,bert,42,32,36,1.125
tile:xla,valid,mlperf_bert_batch_24_2x2_462125cc75873609,bert,185,9,8,0.8888888888888888
tile:xla,valid,mlperf_bert_batch_24_2x2_499c6e8b888ba45b,bert,171,44,49,1.1136363636363635
tile:xla,valid,mlperf_bert_batch_24_2x2_4a19951e720e3ef,bert,185,9,8,0.8888888888888888
tile:xla,valid,mlperf_bert_batch_24_2x2_4b32a718524c4f48,bert,3796,12,11,0.9166666666666666
tile:xla,valid,mlperf_bert_batch_24_2x2_518e6eb9b7727218,bert,2951,81,83,1.0246913580246915
tile:xla,valid,mlperf_bert_batch_24_2x2_5359e164f5326676,bert,5647,52,55,1.0576923076923077
tile:xla,valid,mlperf_bert_batch_24_2x2_53d73b990d5cdc80,bert,2734,15,14,0.9333333333333333
tile:xla,valid,mlperf_bert_batch_24_2x2_54c685adb60e883,bert,684,15,14,0.9333333333333333
tile:xla,valid,mlperf_bert_batch_24_2x2_5b1eaf5e0224f661,bert,234,10,9,0.9
tile:xla,valid,mlperf_bert_batch_24_2x2_5bef0a7866018b3a,bert,599,9,8,0.8888888888888888
tile:xla,valid,mlperf_bert_batch_24_2x2_63f04d4486fe37ed,bert,338,97,108,1.1134020618556701
tile:xla,valid,mlperf_bert_batch_24_2x2_6478bed81c89430f,bert,93,27,27,1.0
tile:xla,valid,mlperf_bert_batch_24_2x2_64dc35b9fbc1e4f6,bert,3302,64,64,1.0
tile:xla,valid,mlperf_bert_batch_24_2x2_67459d89ba2ac2d6,bert,120,9,8,0.8888888888888888
tile:xla,valid,mlperf_bert_batch_24_2x2_6c6e3ce7b90d9033,bert,128,44,46,1.0454545454545454
tile:xla,valid,mlperf_bert_batch_24_2x2_70d7b0d0e58e1b17,bert,654,21,20,0.9523809523809523
tile:xla,valid,mlperf_bert_batch_24_2x2_7398d52e9ecb3b6b,bert,640,49,52,1.0612244897959184
tile:xla,valid,mlperf_bert_batch_24_2x2_74fab9f539a4215b,bert,1495,23,23,1.0
tile:xla,valid,mlperf_bert_batch_24_2x2_77dd05081bb821c8,bert,1544,17,16,0.9411764705882353
tile:xla,valid,mlperf_bert_batch_24_2x2_7eccc601b21569b9,bert,85,36,37,1.0277777777777777
tile:xla,valid,mlperf_bert_batch_24_2x2_7f7f8a13caf05fd,bert,3221,62,61,0.9838709677419355
tile:xla,valid,mlperf_bert_batch_24_2x2_92bc8bb19c9086f,bert,1356,32,31,0.96875
tile:xla,valid,mlperf_bert_batch_24_2x2_b56ff59b3b2906e,bert,1132,43,42,0.9767441860465116
tile:xla,valid,mlperf_bert_batch_24_2x2_eff7cdc303d11b8,bert,2283,58,64,1.103448275862069
tile:xla,valid,mlperf_bert_batch_24_2x2_f86828b5f8ae816,bert,3302,64,64,1.0
tile:xla,valid,resnet50.4x4.fp16_-1481da01546b909a,resnet,1490,21,24,1.1428571428571428
tile:xla,valid,resnet50.4x4.fp16_-17dfd6a3b3171fd1,resnet,7994,21,24,1.1428571428571428
tile:xla,valid,resnet50.4x4.fp16_-199d50caed718086,resnet,14,18,18,1.0
tile:xla,valid,resnet50.4x4.fp16_-19c777dd93a59d95,resnet,1993,45,48,1.0666666666666667
tile:xla,valid,resnet50.4x4.fp16_-1f56247223495e69,resnet,1228,77,76,0.987012987012987
tile:xla,valid,resnet50.4x4.fp16_-22fa82664b280cbe,resnet,1024,45,44,0.9777777777777777
tile:xla,valid,resnet50.4x4.fp16_-25b64e997ec22d6b,resnet,84,9,8,0.8888888888888888
tile:xla,valid,resnet50.4x4.fp16_-26a0ed477ee6bf61,resnet,2171,77,76,0.987012987012987
tile:xla,valid,resnet50.4x4.fp16_-26da96ad06ef9bf,resnet,3793,71,75,1.056338028169014
tile:xla,valid,resnet50.4x4.fp16_-27ec518f844ceea2,resnet,2667,77,76,0.987012987012987
tile:xla,valid,resnet50.4x4.fp16_-296aaaa134f2874,resnet,314,71,75,1.056338028169014
tile:xla,valid,resnet50.4x4.fp16_-2a38ea52e2c467f6,resnet,68,25,25,1.0
tile:xla,valid,resnet50.4x4.fp16_-2ac52ba912153e4c,resnet,2484,21,24,1.1428571428571428
tile:xla,valid,resnet50.4x4.fp16_-2c47cf205a2135df,resnet,2245,45,44,0.9777777777777777
tile:xla,valid,resnet50.4x4.fp16_-2ee97510df92f35e,resnet,68,59,58,0.9830508474576272
tile:xla,valid,resnet50.4x4.fp16_-31548e868937742a,resnet,3615,45,48,1.0666666666666667
tile:xla,valid,resnet50.4x4.fp16_-33becffec0731a9,resnet,858,80,86,1.075
tile:xla,valid,resnet50.4x4.fp16_-39990e7d725e280e,resnet,1999,45,48,1.0666666666666667
tile:xla,valid,resnet50.4x4.fp16_-4433249b3a4cf6f2,resnet,928,45,48,1.0666666666666667
tile:xla,valid,resnet50.4x4.fp16_-460513c97ebfaf85,resnet,1365,27,26,0.9629629629629629
tile:xla,valid,resnet50.4x4.fp16_-47777803ba81fd14,resnet,3994,77,76,0.987012987012987
tile:xla,valid,resnet50.4x4.fp16_-4835518d0315232e,resnet,1698,71,75,1.056338028169014
tile:xla,valid,resnet50.4x4.fp16_-4852824adad0b2a5,resnet,4151,21,24,1.1428571428571428
tile:xla,valid,resnet50.4x4.fp16_-4ac8aa5852d10729,resnet,2196,27,26,0.9629629629629629
tile:xla,valid,resnet50.4x4.fp16_-4c652332130253af,resnet,7986,80,86,1.075
tile:xla,valid,resnet50.4x4.fp16_-4c6ea6478a147d6c,resnet,918,103,105,1.0194174757281553
tile:xla,valid,resnet50.4x4.fp16_-4db27ee2e941c34c,resnet,268,21,24,1.1428571428571428
tile:xla,valid,resnet50.4x4.fp16_-50148942a3968659,resnet,1131,80,86,1.075
tile:xla,valid,resnet50.4x4.fp16_-5200eb1daa4e698c,resnet,856,77,76,0.987012987012987
tile:xla,valid,resnet50.4x4.fp16_-5523ebb73b7a206b,resnet,1999,80,86,1.075
tile:xla,valid,resnet50.4x4.fp16_-560d3e3a3f06edd,resnet,7891,75,77,1.0266666666666666
tile:xla,valid,resnet50.4x4.fp16_-5ebdbc12edbc3fb4,resnet,21,9,8,0.8888888888888888
tile:xla,valid,resnet50.4x4.fp16_-5f4ff45eb2f48f49,resnet,540,21,24,1.1428571428571428
tile:xla,valid,resnet50.4x4.fp16_-628051f428f6005c,resnet,1053,53,52,0.9811320754716981
tile:xla,valid,resnet50.4x4.fp16_-672958d1279c0e78,resnet,7992,46,52,1.1304347826086956
tile:xla,valid,resnet50.4x4.fp16_-6d3d181c959c44b9,resnet,4991,77,76,0.987012987012987
tile:xla,valid,resnet50.4x4.fp16_-6f158342a4496a5b,resnet,1708,45,48,1.0666666666666667
tile:xla,valid,resnet50.4x4.fp16_-6fa7465e1c11fc45,resnet,2658,71,75,1.056338028169014
tile:xla,valid,resnet50.4x4.fp16_-6fe3392bddb4f745,resnet,1250,53,52,0.9811320754716981
tile:xla,valid,resnet50.4x4.fp16_-70639c6d37f7d56c,resnet,707,71,75,1.056338028169014
tile:xla,valid,resnet50.4x4.fp16_-78d505e64d4109a4,resnet,1356,21,24,1.1428571428571428
tile:xla,valid,resnet50.4x4.fp16_-7ae0e378d1ecabe4,resnet,2379,53,52,0.9811320754716981
tile:xla,valid,resnet50.4x4.fp16_-7c9af6263f61a0ce,resnet,932,77,76,0.987012987012987
tile:xla,valid,resnet50.4x4.fp16_-7d1bf437ab3cc27a,resnet,2595,37,42,1.135135135135135
tile:xla,valid,resnet50.4x4.fp16_-7f5e1e1f5ebf73c9,resnet,3454,21,24,1.1428571428571428
tile:xla,valid,resnet50.4x4.fp16_-7f7a6a701b3c59c2,resnet,24,9,8,0.8888888888888888
tile:xla,valid,resnet50.4x4.fp16_-94949b1e43f1644,resnet,2971,24,23,0.9583333333333334
tile:xla,valid,resnet50.4x4.fp16_-a5d83df59b53f1,resnet,3230,71,75,1.056338028169014
tile:xla,valid,resnet50.4x4.fp16_-ab4e7aa63baaa3f,resnet,1270,53,52,0.9811320754716981
tile:xla,valid,resnet50.4x4.fp16_-ca0116fdf1cca56,resnet,2334,80,86,1.075
tile:xla,valid,resnet50.4x4.fp16_-ee455f7a3a7ec94,resnet,950,80,86,1.075
tile:xla,valid,resnet50.4x4.fp16_-f51e75a6a8ac0ba,resnet,1999,45,48,1.0666666666666667
tile:xla,valid,resnet50.4x4.fp16_10aacc3ccca97c02,resnet,7993,45,48,1.0666666666666667
tile:xla,valid,resnet50.4x4.fp16_11cc85949afb30da,resnet,1016,45,48,1.0666666666666667
tile:xla,valid,resnet50.4x4.fp16_1246107735b50a69,resnet,1702,80,86,1.075
tile:xla,valid,resnet50.4x4.fp16_127b95117436ec64,resnet,810,83,89,1.072289156626506
tile:xla,valid,resnet50.4x4.fp16_133520246c8652ae,resnet,1148,21,24,1.1428571428571428
tile:xla,valid,resnet50.4x4.fp16_17d45e1f100dad57,resnet,1260,21,24,1.1428571428571428
tile:xla,valid,resnet50.4x4.fp16_1979bcb18c1c083c,resnet,18,9,8,0.8888888888888888
tile:xla,valid,resnet50.4x4.fp16_1ab43ed9a448889f,resnet,16,9,8,0.8888888888888888
tile:xla,valid,resnet50.4x4.fp16_1d3c5a8eff97451a,resnet,2718,53,52,0.9811320754716981
tile:xla,valid,resnet50.4x4.fp16_20a67f37e306ddc6,resnet,7993,46,52,1.1304347826086956
tile:xla,valid,resnet50.4x4.fp16_22b1cad5b1c6b581,resnet,7934,43,42,0.9767441860465116
tile:xla,valid,resnet50.4x4.fp16_2536c4eb5dc2ab7c,resnet,2900,83,89,1.072289156626506
tile:xla,valid,resnet50.4x4.fp16_289ff3d51ea83cd0,resnet,1047,15,14,0.9333333333333333
tile:xla,valid,resnet50.4x4.fp16_28bf9f5995ae3aa1,resnet,279,19,18,0.9473684210526315
tile:xla,valid,resnet50.4x4.fp16_28de76f1a1e7e97a,resnet,34,9,8,0.8888888888888888
tile:xla,valid,resnet50.4x4.fp16_29a3276bc8768914,resnet,6941,45,48,1.0666666666666667
tile:xla,valid,resnet50.4x4.fp16_2a8b2451e39bed15,resnet,1605,83,89,1.072289156626506
tile:xla,valid,resnet50.4x4.fp16_2a998ba3d48e8720,resnet,1399,21,24,1.1428571428571428
tile:xla,valid,resnet50.4x4.fp16_322867dd73f79fd9,resnet,936,106,115,1.0849056603773586
tile:xla,valid,resnet50.4x4.fp16_32856bbd9b72d344,resnet,5920,46,45,0.9782608695652174
tile:xla,valid,resnet50.4x4.fp16_369c960e7ace3085,resnet,1218,46,45,0.9782608695652174
tile:xla,valid,resnet50.4x4.fp16_36abc6c7b09b66fd,resnet,12,18,18,1.0
tile:xla,valid,resnet50.4x4.fp16_398722b7c97a05ff,resnet,1034,21,24,1.1428571428571428
tile:xla,valid,resnet50.4x4.fp16_3eccdb15404ff43d,resnet,7993,46,45,0.9782608695652174
tile:xla,valid,resnet50.4x4.fp16_4269db5d8b8596b9,resnet,1999,80,86,1.075
tile:xla,valid,resnet50.4x4.fp16_434263caa074c5e1,resnet,68,52,51,0.9807692307692307
tile:xla,valid,resnet50.4x4.fp16_488467c56f0fee35,resnet,7995,46,45,0.9782608695652174
tile:xla,valid,resnet50.4x4.fp16_4dc42c0825d8dacf,resnet,1222,53,52,0.9811320754716981
tile:xla,valid,resnet50.4x4.fp16_4ea373a7f5ff860a,resnet,1857,45,48,1.0666666666666667
tile:xla,valid,resnet50.4x4.fp16_521e9e5417aedcc4,resnet,7951,80,86,1.075
tile:xla,valid,resnet50.4x4.fp16_5655af911e793420,resnet,1233,53,52,0.9811320754716981
tile:xla,valid,resnet50.4x4.fp16_576c670f10f8667,resnet,6994,80,86,1.075
tile:xla,valid,resnet50.4x4.fp16_5a38f716ab505879,resnet,1598,32,31,0.96875
tile:xla,valid,resnet50.4x4.fp16_5b53c7c67bbd54e0,resnet,34,9,8,0.8888888888888888
tile:xla,valid,resnet50.4x4.fp16_5e4f345a0197c30c,resnet,502,53,52,0.9811320754716981
tile:xla,valid,resnet50.4x4.fp16_601700ce11e9fa55,resnet,2245,27,26,0.9629629629629629
tile:xla,valid,resnet50.4x4.fp16_662c9fd7e161c046,resnet,362,27,26,0.9629629629629629
tile:xla,valid,resnet50.4x4.fp16_668ef879a446e288,resnet,836,96,104,1.0833333333333333
tile:xla,valid,resnet50.4x4.fp16_66f3c2e365acf784,resnet,1592,77,76,0.987012987012987
tile:xla,valid,resnet50.4x4.fp16_67ac76cb04dd8335,resnet,1998,77,76,0.987012987012987
tile:xla,valid,resnet50.4x4.fp16_697a57362f24ea3c,resnet,942,21,24,1.1428571428571428
tile:xla,valid,resnet50.4x4.fp16_6db5a630b16ad605,resnet,370,41,46,1.1219512195121952
tile:xla,valid,resnet50.4x4.fp16_6e5516b13c27d600,resnet,2246,53,52,0.9811320754716981
tile:xla,valid,resnet50.4x4.fp16_704d2d9411011aad,resnet,275,83,89,1.072289156626506
tile:xla,valid,resnet50.4x4.fp16_77c1c828b7acec09,resnet,2196,45,44,0.9777777777777777
tile:xla,valid,resnet50.4x4.fp16_7905a87613c8597f,resnet,5989,77,76,0.987012987012987
tile:xla,valid,resnet50.4x4.fp16_7dc18bb6cae5c0ca,resnet,1489,45,48,1.0666666666666667
tile:xla,valid,resnet50.4x4.fp16_7ff6389db2e8eb71,resnet,362,45,44,0.9777777777777777
tile:xla,valid,resnet50.4x4.fp16_88b94c120f93739,resnet,886,53,52,0.9811320754716981
tile:xla,valid,resnet50.4x4.fp16_c37987cf6579ab1,resnet,966,53,52,0.9811320754716981
tile:xla,valid,resnet50.4x4.fp16_f93fbcd2bee89d0,resnet,364,33,32,0.9696969696969697
tile:xla,valid,resnet_v1_50_official_batch_128_bf16_-11eca1b246accbac,resnet,2814,76,79,1.0394736842105263
tile:xla,valid,resnet_v1_50_official_batch_128_bf16_-143b28db3bd425ae,resnet,1738,76,79,1.0394736842105263
tile:xla,valid,resnet_v1_50_official_batch_128_bf16_-144269c3ef5bef72,resnet,6569,45,48,1.0666666666666667
tile:xla,valid,resnet_v1_50_official_batch_128_bf16_-174e34b4e6e0691c,resnet,1700,80,86,1.075
tile:xla,valid,resnet_v1_50_official_batch_128_bf16_-1a2e1ada7d08e481,resnet,1625,45,44,0.9777777777777777
tile:xla,valid,resnet_v1_50_official_batch_128_bf16_-1c133b0faa680ca8,resnet,1193,27,26,0.9629629629629629
tile:xla,valid,resnet_v1_50_official_batch_128_bf16_-1f158e48f4248343,resnet,9991,80,86,1.075
tile:xla,valid,resnet_v1_50_official_batch_128_bf16_-204a30f223406ee8,resnet,3563,21,24,1.1428571428571428
tile:xla,valid,resnet_v1_50_official_batch_128_bf16_-231b9a1ddae09d6f,resnet,9990,46,45,0.9782608695652174
tile:xla,valid,resnet_v1_50_official_batch_128_bf16_-2443b8c668d5432b,resnet,1681,100,103,1.03
tile:xla,valid,resnet_v1_50_official_batch_128_bf16_-24a55bdb3b900991,resnet,1681,100,103,1.03
tile:xla,valid,resnet_v1_50_official_batch_128_bf16_-2552287c0c4a715,resnet,6154,46,52,1.1304347826086956
tile:xla,valid,resnet_v1_50_official_batch_128_bf16_-25b64e997ec22d6b,resnet,415,9,8,0.8888888888888888
tile:xla,valid,resnet_v1_50_official_batch_128_bf16_-2af4d7191f4074b6,resnet,3548,76,79,1.0394736842105263
tile:xla,valid,resnet_v1_50_official_batch_128_bf16_-2bd8035713729cdc,resnet,3070,21,24,1.1428571428571428
tile:xla,valid,resnet_v1_50_official_batch_128_bf16_-2edfb677d00d65a0,resnet,6053,106,112,1.0566037735849056
tile:xla,valid,resnet_v1_50_official_batch_128_bf16_-3b84302f88acfc8,resnet,167,72,75,1.0416666666666667
tile:xla,valid,resnet_v1_50_official_batch_128_bf16_-3c7a6c843539b006,resnet,945,100,103,1.03
tile:xla,valid,resnet_v1_50_official_batch_128_bf16_-3efaae83c640e5d7,resnet,1119,45,48,1.0666666666666667
tile:xla,valid,resnet_v1_50_official_batch_128_bf16_-46a5a08744b1109b,resnet,177,44,43,0.9772727272727273
tile:xla,valid,resnet_v1_50_official_batch_128_bf16_-4795119fa5d708f7,resnet,9934,45,48,1.0666666666666667
tile:xla,valid,resnet_v1_50_official_batch_128_bf16_-51f44e03e1408f7d,resnet,2164,21,24,1.1428571428571428
tile:xla,valid,resnet_v1_50_official_batch_128_bf16_-53d732ba7a3e96aa,resnet,2671,71,75,1.056338028169014
tile:xla,valid,resnet_v1_50_official_batch_128_bf16_-54178fad83fe46f8,resnet,5748,45,48,1.0666666666666667
tile:xla,valid,resnet_v1_50_official_batch_128_bf16_-56670efcbaa402de,resnet,414,2,1,0.5
tile:xla,valid,resnet_v1_50_official_batch_128_bf16_-588a93f6ebc15a9a,resnet,9986,100,103,1.03
tile:xla,valid,resnet_v1_50_official_batch_128_bf16_-5a784a01d2627656,resnet,5406,100,103,1.03
tile:xla,valid,resnet_v1_50_official_batch_128_bf16_-5bd36338f916b198,resnet,1700,80,86,1.075
tile:xla,valid,resnet_v1_50_official_batch_128_bf16_-5d4687dc22a22824,resnet,4606,21,24,1.1428571428571428
tile:xla,valid,resnet_v1_50_official_batch_128_bf16_-5e6b0fb7b30284c,resnet,2936,96,104,1.0833333333333333
tile:xla,valid,resnet_v1_50_official_batch_128_bf16_-5ebdbc12edbc3fb4,resnet,103,9,8,0.8888888888888888
tile:xla,valid,resnet_v1_50_official_batch_128_bf16_-638a3520e1533b98,resnet,9997,80,86,1.075
tile:xla,valid,resnet_v1_50_official_batch_128_bf16_-671367a83940af1,resnet,2722,126,132,1.0476190476190477
tile:xla,valid,resnet_v1_50_official_batch_128_bf16_-69ddf134b10f34e1,resnet,1134,12,11,0.9166666666666666
tile:xla,valid,resnet_v1_50_official_batch_128_bf16_-6be874bfe1e70aa3,resnet,2740,100,103,1.03
tile:xla,valid,resnet_v1_50_official_batch_128_bf16_-6c9ba17f03cc856d,resnet,1204,71,75,1.056338028169014
tile:xla,valid,resnet_v1_50_official_batch_128_bf16_-6ddd06b06478d640,resnet,945,100,103,1.03
tile:xla,valid,resnet_v1_50_official_batch_128_bf16_-70f9bd1f0cab6d56,resnet,1893,45,44,0.9777777777777777
tile:xla,valid,resnet_v1_50_official_batch_128_bf16_-7901da1ae9148761,resnet,6764,66,69,1.0454545454545454
tile:xla,valid,resnet_v1_50_official_batch_128_bf16_-791f0836ba246c26,resnet,1967,37,42,1.135135135135135
tile:xla,valid,resnet_v1_50_official_batch_128_bf16_-7a4d67f4fa95172e,resnet,880,80,86,1.075
tile:xla,valid,resnet_v1_50_official_batch_128_bf16_-7a9122362ff76835,resnet,3163,21,24,1.1428571428571428
tile:xla,valid,resnet_v1_50_official_batch_128_bf16_-7bd4bc65efcdd152,resnet,5383,80,86,1.075
tile:xla,valid,resnet_v1_50_official_batch_128_bf16_-7f6ee18d8d8c3d24,resnet,2968,76,79,1.0394736842105263
tile:xla,valid,resnet_v1_50_official_batch_128_bf16_-7f714760fbb53b9b,resnet,9991,80,86,1.075
tile:xla,valid,resnet_v1_50_official_batch_128_bf16_-7f7a6a701b3c59c2,resnet,115,9,8,0.8888888888888888
tile:xla,valid,resnet_v1_50_official_batch_128_bf16_-ac6c6507e8dde7,resnet,3295,76,79,1.0394736842105263
tile:xla,valid,resnet_v1_50_official_batch_128_bf16_-cc34837bb829f19,resnet,1985,76,79,1.0394736842105263
tile:xla,valid,resnet_v1_50_official_batch_128_bf16_-ccbe1cf11bb9c44,resnet,164,9,8,0.8888888888888888
tile:xla,valid,resnet_v1_50_official_batch_128_bf16_-cd6500b515baf56,resnet,419,83,89,1.072289156626506
tile:xla,valid,resnet_v1_50_official_batch_128_bf16_1a22dd1fe3d0066c,resnet,1206,41,46,1.1219512195121952
tile:xla,valid,resnet_v1_50_official_batch_128_bf16_1bb1962c09897b4c,resnet,474,71,75,1.056338028169014
tile:xla,valid,resnet_v1_50_official_batch_128_bf16_1c31b63c7162132a,resnet,2883,100,103,1.03
tile:xla,valid,resnet_v1_50_official_batch_128_bf16_1fadf33763d78340,resnet,2740,100,103,1.03
tile:xla,valid,resnet_v1_50_official_batch_128_bf16_21e386c761d27190,resnet,9276,100,103,1.03
tile:xla,valid,resnet_v1_50_official_batch_128_bf16_224a1d375d1ce9ed,resnet,1833,21,24,1.1428571428571428
tile:xla,valid,resnet_v1_50_official_batch_128_bf16_25a3dfbede580b91,resnet,177,25,25,1.0
tile:xla,valid,resnet_v1_50_official_batch_128_bf16_2760848cadcbc4c4,resnet,1084,76,79,1.0394736842105263
tile:xla,valid,resnet_v1_50_official_batch_128_bf16_2805f7964c67dd7f,resnet,9991,45,48,1.0666666666666667
tile:xla,valid,resnet_v1_50_official_batch_128_bf16_28de76f1a1e7e97a,resnet,164,9,8,0.8888888888888888
tile:xla,valid,resnet_v1_50_official_batch_128_bf16_29dc0cbe2764af7a,resnet,2962,80,86,1.075
tile:xla,valid,resnet_v1_50_official_batch_128_bf16_2ae0d1e2cde91041,resnet,880,80,86,1.075
tile:xla,valid,resnet_v1_50_official_batch_128_bf16_2bea628b72fd4080,resnet,3246,80,86,1.075
tile:xla,valid,resnet_v1_50_official_batch_128_bf16_2f793f87d3c0200d,resnet,1625,27,26,0.9629629629629629
tile:xla,valid,resnet_v1_50_official_batch_128_bf16_2f8d21121506c5b6,resnet,1893,27,26,0.9629629629629629
tile:xla,valid,resnet_v1_50_official_batch_128_bf16_30dfdc4aa7273c82,resnet,3449,21,24,1.1428571428571428
tile:xla,valid,resnet_v1_50_official_batch_128_bf16_32e0c49e6902c3d,resnet,2906,71,75,1.056338028169014
tile:xla,valid,resnet_v1_50_official_batch_128_bf16_33aacd378e7f46cf,resnet,1522,71,75,1.056338028169014
tile:xla,valid,resnet_v1_50_official_batch_128_bf16_343e268666f1eb4b,resnet,3857,71,75,1.056338028169014
tile:xla,valid,resnet_v1_50_official_batch_128_bf16_348cd19875885d99,resnet,3116,45,48,1.0666666666666667
tile:xla,valid,resnet_v1_50_official_batch_128_bf16_34e7a0c5650bd75d,resnet,1206,33,32,0.9696969696969697
tile:xla,valid,resnet_v1_50_official_batch_128_bf16_38bc5f5bf284720e,resnet,1632,45,44,0.9777777777777777
tile:xla,valid,resnet_v1_50_official_batch_128_bf16_39477d98dfc8da5b,resnet,2587,83,89,1.072289156626506
tile:xla,valid,resnet_v1_50_official_batch_128_bf16_3b25b606dd29bf05,resnet,4131,76,79,1.0394736842105263
tile:xla,valid,resnet_v1_50_official_batch_128_bf16_3c04466f803abb29,resnet,4643,100,103,1.03
tile:xla,valid,resnet_v1_50_official_batch_128_bf16_3d23b0f30a438287,resnet,3599,76,79,1.0394736842105263
tile:xla,valid,resnet_v1_50_official_batch_128_bf16_3ed1154bd88c86c,resnet,1122,21,24,1.1428571428571428
tile:xla,valid,resnet_v1_50_official_batch_128_bf16_40dce780bbcbe44c,resnet,9983,80,86,1.075
tile:xla,valid,resnet_v1_50_official_batch_128_bf16_48223881f17fb965,resnet,3209,106,115,1.0849056603773586
tile:xla,valid,resnet_v1_50_official_batch_128_bf16_48306b6ee9c6d0a9,resnet,1969,24,23,0.9583333333333334
tile:xla,valid,resnet_v1_50_official_batch_128_bf16_4a4221a09ae0ee02,resnet,9991,45,48,1.0666666666666667
tile:xla,valid,resnet_v1_50_official_batch_128_bf16_4f19b89ff555cb05,resnet,5060,45,48,1.0666666666666667
tile:xla,valid,resnet_v1_50_official_batch_128_bf16_50cdb9ca6e665e2d,resnet,2883,100,103,1.03
tile:xla,valid,resnet_v1_50_official_batch_128_bf16_510778211a244d82,resnet,9941,45,48,1.0666666666666667
tile:xla,valid,resnet_v1_50_official_batch_128_bf16_5125b93287b8430a,resnet,929,32,31,0.96875
tile:xla,valid,resnet_v1_50_official_batch_128_bf16_51e256376abfa8e2,resnet,744,15,14,0.9333333333333333
tile:xla,valid,resnet_v1_50_official_batch_128_bf16_57aa47e40cfadd66,resnet,1813,45,48,1.0666666666666667
tile:xla,valid,resnet_v1_50_official_batch_128_bf16_57e4b1f82bdc8273,resnet,6492,30,33,1.1
tile:xla,valid,resnet_v1_50_official_batch_128_bf16_5a7135fa5ff62dbc,resnet,2854,83,89,1.072289156626506
tile:xla,valid,resnet_v1_50_official_batch_128_bf16_618e4d472fb19d1c,resnet,9994,46,45,0.9782608695652174
tile:xla,valid,resnet_v1_50_official_batch_128_bf16_625135c8668ce9e5,resnet,4851,21,24,1.1428571428571428
tile:xla,valid,resnet_v1_50_official_batch_128_bf16_62ae48fcfe6e4027,resnet,8690,100,103,1.03
tile:xla,valid,resnet_v1_50_official_batch_128_bf16_66b19176ce572b27,resnet,2332,27,26,0.9629629629629629
tile:xla,valid,resnet_v1_50_official_batch_128_bf16_6707df6795124429,resnet,781,42,45,1.0714285714285714
tile:xla,valid,resnet_v1_50_official_batch_128_bf16_69177ac434b25e11,resnet,756,21,24,1.1428571428571428
tile:xla,valid,resnet_v1_50_official_batch_128_bf16_6a5752d052f849e,resnet,4037,21,24,1.1428571428571428
tile:xla,valid,resnet_v1_50_official_batch_128_bf16_6b84b2106fce802b,resnet,9939,80,86,1.075
tile:xla,valid,resnet_v1_50_official_batch_128_bf16_6bf0f7ec1986fc70,resnet,1193,45,44,0.9777777777777777
tile:xla,valid,resnet_v1_50_official_batch_128_bf16_70d664675022fc7e,resnet,2763,76,79,1.0394736842105263
tile:xla,valid,resnet_v1_50_official_batch_128_bf16_70ddde5823c80827,resnet,2962,80,86,1.075
tile:xla,valid,resnet_v1_50_official_batch_128_bf16_73ca97fee5618d60,resnet,1086,21,24,1.1428571428571428
tile:xla,valid,resnet_v1_50_official_batch_128_bf16_74639ccad8e64f0a,resnet,2332,32,31,0.96875
tile:xla,valid,resnet_v1_50_official_batch_128_bf16_7b0a4f0cd92eec1e,resnet,3246,80,86,1.075
tile:xla,valid,resnet_v1_50_official_batch_128_bf16_7c28d3a1fd7c5106,resnet,3404,45,48,1.0666666666666667
tile:xla,valid,resnet_v1_50_official_batch_128_bf16_7f2043cee13a172d,resnet,1145,42,45,1.0714285714285714
tile:xla,valid,resnet_v1_50_official_batch_128_bf16_7f59e83cc5f3e787,resnet,6995,46,45,0.9782608695652174
tile:xla,valid,resnet_v1_50_official_batch_128_bf16_7ffe575546b9db75,resnet,9596,100,103,1.03
tile:xla,valid,resnet_v1_50_official_batch_128_bf16_a30d74f0473dc9e,resnet,1449,83,89,1.072289156626506
tile:xla,valid,tf2_bert_pretrain_dynamic_batch_size_-1972c148bcabec74,bert,480,7,6,0.8571428571428571
tile:xla,valid,tf2_bert_pretrain_dynamic_batch_size_-1aea503fcc0481da,bert,1059,40,40,1.0
tile:xla,valid,tf2_bert_pretrain_dynamic_batch_size_-1e07a75697a5f941,bert,107,49,50,1.0204081632653061
tile:xla,valid,tf2_bert_pretrain_dynamic_batch_size_-1fafb2b99650913,bert,408,2,1,0.5
tile:xla,valid,tf2_bert_pretrain_dynamic_batch_size_-20bdcb9bb2cbeff4,bert,1087,12,11,0.9166666666666666
tile:xla,valid,tf2_bert_pretrain_dynamic_batch_size_-2217af8f124dbdb1,bert,189,42,43,1.0238095238095237
tile:xla,valid,tf2_bert_pretrain_dynamic_batch_size_-26b59e2f230a7a63,bert,142,19,18,0.9473684210526315
tile:xla,valid,tf2_bert_pretrain_dynamic_batch_size_-2ab091fb8d7f07d7,bert,972,58,60,1.0344827586206897
tile:xla,valid,tf2_bert_pretrain_dynamic_batch_size_-2e7e1849d90f6cbd,bert,572,107,112,1.0467289719626167
tile:xla,valid,tf2_bert_pretrain_dynamic_batch_size_-3750f9e7f41ddbbf,bert,497,118,133,1.1271186440677967
tile:xla,valid,tf2_bert_pretrain_dynamic_batch_size_-3ba735b7bb5ae86c,bert,106,33,34,1.0303030303030303
tile:xla,valid,tf2_bert_pretrain_dynamic_batch_size_-3e30946e9f3e7381,bert,190,7,6,0.8571428571428571
tile:xla,valid,tf2_bert_pretrain_dynamic_batch_size_-3ed1f1f158df9d73,bert,189,39,40,1.0256410256410255
tile:xla,valid,tf2_bert_pretrain_dynamic_batch_size_-3f8db52059f0a89b,bert,1450,73,84,1.1506849315068493
tile:xla,valid,tf2_bert_pretrain_dynamic_batch_size_-43ee0987c5036b88,bert,70,7,6,0.8571428571428571
tile:xla,valid,tf2_bert_pretrain_dynamic_batch_size_-44fdfa3363091d3a,bert,189,53,55,1.0377358490566038
tile:xla,valid,tf2_bert_pretrain_dynamic_batch_size_-4b19c044fdba962f,bert,180,7,6,0.8571428571428571
tile:xla,valid,tf2_bert_pretrain_dynamic_batch_size_-4f285fe47b834736,bert,129,19,25,1.3157894736842106
tile:xla,valid,tf2_bert_pretrain_dynamic_batch_size_-51f5a40ac06e51cc,bert,484,9,8,0.8888888888888888
tile:xla,valid,tf2_bert_pretrain_dynamic_batch_size_-54acc78cad6bc858,bert,142,39,41,1.0512820512820513
tile:xla,valid,tf2_bert_pretrain_dynamic_batch_size_-5d20f368a51a3b39,bert,1068,56,58,1.0357142857142858
tile:xla,valid,tf2_bert_pretrain_dynamic_batch_size_-5ed510296c2c7f65,bert,1529,55,57,1.0363636363636364
tile:xla,valid,tf2_bert_pretrain_dynamic_batch_size_-5ef9ad36eeed1502,bert,75,47,50,1.0638297872340425
tile:xla,valid,tf2_bert_pretrain_dynamic_batch_size_-5f45d61c389eb5e4,bert,1491,66,71,1.0757575757575757
tile:xla,valid,tf2_bert_pretrain_dynamic_batch_size_-792d1315cf5c0a52,bert,1040,57,57,1.0
tile:xla,valid,tf2_bert_pretrain_dynamic_batch_size_-94527e11dc72399,bert,30,13,12,0.9230769230769231
tile:xla,valid,tf2_bert_pretrain_dynamic_batch_size_-cec451180aa084e,bert,124,54,55,1.0185185185185186
tile:xla,valid,tf2_bert_pretrain_dynamic_batch_size_-ed90cca9d9b8466,bert,769,69,81,1.173913043478261
tile:xla,valid,tf2_bert_pretrain_dynamic_batch_size_116e55ce836660da,bert,1515,36,36,1.0
tile:xla,valid,tf2_bert_pretrain_dynamic_batch_size_14d51737eb95096d,bert,228,60,72,1.2
tile:xla,valid,tf2_bert_pretrain_dynamic_batch_size_171e1d9131764311,bert,130,8,7,0.875
tile:xla,valid,tf2_bert_pretrain_dynamic_batch_size_17a8e902f69e433f,bert,189,52,52,1.0
tile:xla,valid,tf2_bert_pretrain_dynamic_batch_size_17bee19988091169,bert,1047,71,74,1.0422535211267605
tile:xla,valid,tf2_bert_pretrain_dynamic_batch_size_1bbc0ddcbcb064ae,bert,189,57,60,1.0526315789473684
tile:xla,valid,tf2_bert_pretrain_dynamic_batch_size_218b5a9120a4d207,bert,1059,37,37,1.0
tile:xla,valid,tf2_bert_pretrain_dynamic_batch_size_257ca1e9fad024c0,bert,1040,54,54,1.0
tile:xla,valid,tf2_bert_pretrain_dynamic_batch_size_27b2fda7f900d351,bert,691,23,23,1.0
tile:xla,valid,tf2_bert_pretrain_dynamic_batch_size_29da0b1da765f664,bert,46,13,12,0.9230769230769231
tile:xla,valid,tf2_bert_pretrain_dynamic_batch_size_2c92f616911163c3,bert,107,46,47,1.0217391304347827
tile:xla,valid,tf2_bert_pretrain_dynamic_batch_size_2efddc83f942f517,bert,187,38,41,1.0789473684210527
tile:xla,valid,tf2_bert_pretrain_dynamic_batch_size_317378e13c1e16c7,bert,778,22,21,0.9545454545454546
tile:xla,valid,tf2_bert_pretrain_dynamic_batch_size_363f21ccc34713b8,bert,1067,50,52,1.04
tile:xla,valid,tf2_bert_pretrain_dynamic_batch_size_4235885105a43ec2,bert,188,24,23,0.9583333333333334
tile:xla,valid,tf2_bert_pretrain_dynamic_batch_size_4a412ccfebbf4a5c,bert,190,13,12,0.9230769230769231
tile:xla,valid,tf2_bert_pretrain_dynamic_batch_size_4ee658b84988bab4,bert,601,40,39,0.975
tile:xla,valid,tf2_bert_pretrain_dynamic_batch_size_519925e8050989a0,bert,802,13,12,0.9230769230769231
tile:xla,valid,tf2_bert_pretrain_dynamic_batch_size_53d9b7d640a4a443,bert,42,52,64,1.2307692307692308
tile:xla,valid,tf2_bert_pretrain_dynamic_batch_size_5bf5497fca0cced1,bert,764,83,96,1.1566265060240963
tile:xla,valid,tf2_bert_pretrain_dynamic_batch_size_615a98d2ad2aef71,bert,130,8,7,0.875
tile:xla,valid,tf2_bert_pretrain_dynamic_batch_size_6437fdf1764e85bc,bert,204,47,50,1.0638297872340425
tile:xla,valid,tf2_bert_pretrain_dynamic_batch_size_675b27755cb7aa43,bert,190,22,21,0.9545454545454546
tile:xla,valid,tf2_bert_pretrain_dynamic_batch_size_6a78964961a92e4e,bert,165,7,6,0.8571428571428571
tile:xla,valid,tf2_bert_pretrain_dynamic_batch_size_6cf1cfa7ba1ef3c8,bert,957,66,71,1.0757575757575757
tile:xla,valid,tf2_bert_pretrain_dynamic_batch_size_6ed40f8b9d970c45,bert,70,47,50,1.0638297872340425
tile:xla,valid,tf2_bert_pretrain_dynamic_batch_size_7133cced6d6c1615,bert,27,27,27,1.0
tile:xla,valid,tf2_bert_pretrain_dynamic_batch_size_74ada888cf0d2139,bert,26,33,34,1.0303030303030303
tile:xla,valid,tf2_bert_pretrain_dynamic_batch_size_76d4e9478127c0be,bert,511,59,63,1.0677966101694916
tile:xla,valid,tf2_bert_pretrain_dynamic_batch_size_7e4be9699b0bb213,bert,554,45,46,1.0222222222222221
tile:xla,valid,tf2_bert_pretrain_dynamic_batch_size_ac4129910261669,bert,1067,29,28,0.9655172413793104
tile:xla,valid,tf2_bert_pretrain_dynamic_batch_size_ca8a089e06ae04,bert,232,73,78,1.0684931506849316
tile:xla,valid,unet_3d.4x4.bf16_-18d13e5b20bf0cba,unet,4000,53,62,1.169811320754717
tile:xla,valid,unet_3d.4x4.bf16_-21e75615e98a9f7b,unet,8880,40,39,0.975
tile:xla,valid,unet_3d.4x4.bf16_-2d3143167678ebc2,unet,1000,56,62,1.1071428571428572
tile:xla,valid,unet_3d.4x4.bf16_-2f79a19fe4d4a3d2,unet,4000,54,63,1.1666666666666667
tile:xla,valid,unet_3d.4x4.bf16_-32e6d2ab63637dd7,unet,408,19,19,1.0
tile:xla,valid,unet_3d.4x4.bf16_-563d7c5458dedfa9,unet,1000,12,11,0.9166666666666666
tile:xla,valid,unet_3d.4x4.bf16_-66d55ea6ab9f0635,unet,481,49,58,1.183673469387755
tile:xla,valid,unet_3d.4x4.bf16_128e1e63e17596dc,unet,9000,34,35,1.0294117647058822
tile:xla,valid,unet_3d.4x4.bf16_2c26a09dea860431,unet,6000,39,46,1.1794871794871795
tile:xla,valid,unet_3d.4x4.bf16_ffc12c104f9925,unet,994,40,39,0.975
tile:xla,test,0023795810403f8b0b244d88c901322f,hashed_graph_id,5448,42,45,1.0714285714285714
tile:xla,test,005c91ca7a50fffc663678fd44316f04,hashed_graph_id,689,43,49,1.1395348837209303
tile:xla,test,0070642211d5a98a16b94f4d7df229fe,hashed_graph_id,1096,32,33,1.03125
tile:xla,test,008191e0c67a6e7a62cde1a3e1d66795,hashed_graph_id,1445,59,61,1.0338983050847457
tile:xla,test,008730b43f100be7c2800d7cb89578a4,hashed_graph_id,1065,41,40,0.975609756097561
tile:xla,test,009040dea1165803d6af5279ee67e941,hashed_graph_id,73,43,49,1.1395348837209303
tile:xla,test,009743ae0b7421c0ba735134e658d70e,hashed_graph_id,8993,32,33,1.03125
tile:xla,test,015cd725adcf2df7ec863bd1d9abf058,hashed_graph_id,3356,73,80,1.095890410958904
tile:xla,test,0290924419976cd8cdcddd0b5288e9d7,hashed_graph_id,1365,19,19,1.0
tile:xla,test,029880c396f26948e1afbeed8cef9359,hashed_graph_id,419,35,34,0.9714285714285714
tile:xla,test,02c3fb6c0fe263318106bd86942c9ba7,hashed_graph_id,8995,57,57,1.0
tile:xla,test,02df75f5a82412dcfd3989a5a12ee279,hashed_graph_id,1506,21,21,1.0
tile:xla,test,038af90a3a43967d62556ed734835c8a,hashed_graph_id,9776,70,76,1.0857142857142856
tile:xla,test,045ce8fc9aee4ddf82c54c0067c8af5e,hashed_graph_id,8994,32,33,1.03125
tile:xla,test,049295205e7eba22599751ad598cfa41,hashed_graph_id,137,62,64,1.032258064516129
tile:xla,test,04ae9238c653f8ae08f60f2c03615f0b,hashed_graph_id,816,20,23,1.15
tile:xla,test,04f395ae8566cd29ae6eb122b6480ba3,hashed_graph_id,415,9,8,0.8888888888888888
tile:xla,test,05a0405379b68cb5bb54680646eb97c6,hashed_graph_id,2660,73,80,1.095890410958904
tile:xla,test,05c0abccd28e57709cb7398bb0b70bf9,hashed_graph_id,7909,12,11,0.9166666666666666
tile:xla,test,061c41ae2ccda6b7e1fcecaafd5e2008,hashed_graph_id,1284,62,64,1.032258064516129
tile:xla,test,06b6b24f68232a7d19187a4ee3a2b9b1,hashed_graph_id,1027,20,23,1.15
tile:xla,test,0711c0f29bac9c9b912fe57d4a31be88,hashed_graph_id,52,14,13,0.9285714285714286
tile:xla,test,073c015cf2ebf91d3b4d94893da31a33,hashed_graph_id,1150,25,24,0.96
tile:xla,test,074af5318871232370543bf5bf2e991b,hashed_graph_id,704,20,20,1.0
tile:xla,test,076ff2d5d77f006c96b171cc1962fe48,hashed_graph_id,834,66,67,1.0151515151515151
tile:xla,test,07d2051941691e3b36a0d58232d9c34f,hashed_graph_id,162,23,23,1.0
tile:xla,test,07d922af667a7a4399fa80edd648ae7f,hashed_graph_id,9783,42,45,1.0714285714285714
tile:xla,test,0803ae2b827a5a92e8b2b80312e2350a,hashed_graph_id,8,11,11,1.0
tile:xla,test,08bb62307395882da4a489ec932e1a4f,hashed_graph_id,8788,23,22,0.9565217391304348
tile:xla,test,08bf844bda28efb17644fe3fb7fcc082,hashed_graph_id,1702,65,64,0.9846153846153847
tile:xla,test,08cdfab1c86ecfe243bc7ed2065ca7b0,hashed_graph_id,1360,38,38,1.0
tile:xla,test,08dc5f54478cabe5b1a2b08883da60e4,hashed_graph_id,8788,12,11,0.9166666666666666
tile:xla,test,0913ee063d72cf059912035e08a86862,hashed_graph_id,709,12,11,0.9166666666666666
tile:xla,test,09df213cc5f3be5e3922190736afae9b,hashed_graph_id,4464,52,62,1.1923076923076923
tile:xla,test,0a1c5dcfa9f1f4ebcc1282a1d1ca8ecb,hashed_graph_id,32,2,1,0.5
tile:xla,test,0a3585c3e686065389227fa374175e48,hashed_graph_id,1282,52,55,1.0576923076923077
tile:xla,test,0a8a2b247d7a20b9dcab1daf50066a4d,hashed_graph_id,807,15,15,1.0
tile:xla,test,0abaea94d7b0a1c1f1b0bd23b73ce38c,hashed_graph_id,52,21,21,1.0
tile:xla,test,0ac539372cc77cc6791794b369b984e1,hashed_graph_id,2951,65,70,1.0769230769230769
tile:xla,test,0afa527a7022415fda1dd69d11e908a4,hashed_graph_id,235,12,11,0.9166666666666666
tile:xla,test,0b1983055544b0277319cb706f11bf56,hashed_graph_id,8,46,51,1.108695652173913
tile:xla,test,0d23832b4d6670db056226014176e4af,hashed_graph_id,5329,70,76,1.0857142857142856
tile:xla,test,0dda1d26ec2609bec11ef9661f529bfb,hashed_graph_id,189,7,6,0.8571428571428571
tile:xla,test,0de02b077422c57c3282f04bdcae1fdf,hashed_graph_id,126,24,27,1.125
tile:xla,test,0e1d33b1970552b377d424b806132711,hashed_graph_id,4355,32,33,1.03125
tile:xla,test,0e666fc96496dd3049f4a3ce9b3bf4dc,hashed_graph_id,2979,21,20,0.9523809523809523
tile:xla,test,0e6e4837cc6125e58e2afcf7e9804584,hashed_graph_id,1582,42,42,1.0
tile:xla,test,0e7d77d9118d564df7ebd3bc61086e2b,hashed_graph_id,908,35,40,1.1428571428571428
tile:xla,test,0ec5369adfde7c2b8e52d97990becee8,hashed_graph_id,5729,42,45,1.0714285714285714
tile:xla,test,0ed6f75b75ba97c4a9dee913e3690f2a,hashed_graph_id,9994,32,33,1.03125
tile:xla,test,0f49adf7da68c0f9b69405d6d863816b,hashed_graph_id,966,20,19,0.95
tile:xla,test,0f4f897211283a93ca279575ac231d5a,hashed_graph_id,4844,73,80,1.095890410958904
tile:xla,test,0f8b6139f6d128f1fc0482a35050448d,hashed_graph_id,8825,70,76,1.0857142857142856
tile:xla,test,0f9fde2acd8eea35157488571e1bc1ae,hashed_graph_id,334,70,74,1.0571428571428572
tile:xla,test,0fd5945bea27dee5d3e4ea7ccf012e06,hashed_graph_id,5608,42,45,1.0714285714285714
tile:xla,test,1000f473d6c618219fdfb6c4eeb9f03f,hashed_graph_id,570,28,27,0.9642857142857143
tile:xla,test,104b674432f698be9d1164c5abd6db75,hashed_graph_id,1516,29,29,1.0
tile:xla,test,106cefc4a7230c15586f1ed457232c6d,hashed_graph_id,9885,12,11,0.9166666666666666
tile:xla,test,10a02953356f912fd0a6f4be23b9dd9e,hashed_graph_id,612,6,6,1.0
tile:xla,test,10b37e0464c9dc1c70ac26626e5beb70,hashed_graph_id,925,94,97,1.0319148936170213
tile:xla,test,10e126d03e8451966ec3082875cdce02,hashed_graph_id,227,55,57,1.0363636363636364
tile:xla,test,11569b31e163289279988ae47bf50177,hashed_graph_id,14,9,8,0.8888888888888888
tile:xla,test,1179db33653909e17eddceb731a5d92a,hashed_graph_id,481,57,58,1.0175438596491229
tile:xla,test,119a97d54473021402f5f1d362d1a129,hashed_graph_id,23,2,1,0.5
tile:xla,test,120d4e4b6ec49cb6ab32f527704e4610,hashed_graph_id,9992,32,33,1.03125
tile:xla,test,1262c284f35d8c83f6e6aa2f19faf889,hashed_graph_id,5339,22,21,0.9545454545454546
tile:xla,test,12a232c7bb624792e902c3dfcd42b706,hashed_graph_id,110,14,13,0.9285714285714286
tile:xla,test,136b5499a5411037285d59e0b2b21ca1,hashed_graph_id,733,66,67,1.0151515151515151
tile:xla,test,13bf46020490a2a812528dabd5a47823,hashed_graph_id,908,15,15,1.0
tile:xla,test,14847f95e52bfa2da0565e4f05eadd0e,hashed_graph_id,30,35,34,0.9714285714285714
tile:xla,test,148fe6237924d9a64faf8289115d6050,hashed_graph_id,137,59,61,1.0338983050847457
tile:xla,test,14faba54480440b977ab29f97770ad28,hashed_graph_id,58,2,1,0.5
tile:xla,test,150b0b4d911eb9c0923c34f80af22be4,hashed_graph_id,828,29,29,1.0
tile:xla,test,1544612e369833deae23e81cd90cc5bf,hashed_graph_id,102,18,18,1.0
tile:xla,test,155a7cf472204eb76b052c496536c0a8,hashed_graph_id,528,37,44,1.1891891891891893
tile:xla,test,158d794a0870c5166bf7900622032d95,hashed_graph_id,1752,12,11,0.9166666666666666
tile:xla,test,159061a0da97566cd04d0c51ee0efbbf,hashed_graph_id,7555,32,33,1.03125
tile:xla,test,159d90cce2f0df252cc0f6f21728e6b8,hashed_graph_id,4869,94,97,1.0319148936170213
tile:xla,test,15b5fa7228c41027de7ff2b131827982,hashed_graph_id,120,8,7,0.875
tile:xla,test,15f6904c770c8dc50d4359c664d95531,hashed_graph_id,1134,21,21,1.0
tile:xla,test,162728365ee29c87c0c949d8d835736a,hashed_graph_id,268,35,34,0.9714285714285714
tile:xla,test,16b302030606136527dc215d11aa3ef0,hashed_graph_id,402,31,31,1.0
tile:xla,test,16c4e5535f133899e026d1b219af8574,hashed_graph_id,741,38,38,1.0
tile:xla,test,171416b221d3a5043bb01cea0d75da5e,hashed_graph_id,39,21,21,1.0
tile:xla,test,17680ef6b07a04d302bfc3c71c4dc68d,hashed_graph_id,166,19,19,1.0
tile:xla,test,17a4adc3a7ab057b1b18c938da37f8a8,hashed_graph_id,1053,49,48,0.9795918367346939
tile:xla,test,1801aa06ea4a78e54823fdb1a2d33a59,hashed_graph_id,3,36,40,1.1111111111111112
tile:xla,test,181083d8d0f89d13dd24cd26daaf7d0f,hashed_graph_id,26,19,19,1.0
tile:xla,test,182d6b42dfdedbb2ba7d0f20e39e1827,hashed_graph_id,4937,43,42,0.9767441860465116
tile:xla,test,18799e8fd250d912738b05d04fe3512c,hashed_graph_id,434,14,13,0.9285714285714286
tile:xla,test,18df50b542340951a728e52690eade41,hashed_graph_id,532,7,8,1.1428571428571428
tile:xla,test,1957d4e65406d44b9d8c9cb9a4d05183,hashed_graph_id,7,11,11,1.0
tile:xla,test,1a852010b8bf8e6d6cd7fd865a5df1a1,hashed_graph_id,81,64,63,0.984375
tile:xla,test,1af25bf59b2d76999372b9962efe5a65,hashed_graph_id,8255,29,28,0.9655172413793104
tile:xla,test,1b852ae6416fca717ef720c3bca35296,hashed_graph_id,1454,43,49,1.1395348837209303
tile:xla,test,1b89e86624bb8db043adc8e3418d85bc,hashed_graph_id,544,33,39,1.1818181818181819
tile:xla,test,1bb6b54121813753b66aa895680b5ba0,hashed_graph_id,807,19,19,1.0
tile:xla,test,1bfe6f8cf7ccca23509cac8c4f05dabf,hashed_graph_id,2647,71,70,0.9859154929577465
tile:xla,test,1c63a1f85ddf97b1a930e59131d16268,hashed_graph_id,6068,70,76,1.0857142857142856
tile:xla,test,1c7513cc82b31f114c944a323d3cbf1a,hashed_graph_id,1506,14,13,0.9285714285714286
tile:xla,test,1d0cab7aafc06d8b6df5defad492b4a3,hashed_graph_id,707,65,70,1.0769230769230769
tile:xla,test,1d49813c79679565b6dacf353eb674b0,hashed_graph_id,925,94,97,1.0319148936170213
tile:xla,test,1dbf453483e2d832bc935cc6a048d1cf,hashed_graph_id,1150,41,40,0.975609756097561
tile:xla,test,1dc086e3dbb9e7b666abdc7ef6908f0f,hashed_graph_id,161,18,18,1.0
tile:xla,test,1e13513abb9d004724c907d93c838938,hashed_graph_id,5461,70,76,1.0857142857142856
tile:xla,test,1e92109f07a62f0c454ec4b2947fa57b,hashed_graph_id,509,9,8,0.8888888888888888
tile:xla,test,1eab795ad5e7be839141208606810e42,hashed_graph_id,270,22,21,0.9545454545454546
tile:xla,test,1ed546f63d1d57d9d8ded12d52413b2d,hashed_graph_id,9999,57,57,1.0
tile:xla,test,1f570416496f01801e0b6ff3be652f33,hashed_graph_id,60,36,37,1.0277777777777777
tile:xla,test,1f91d93655c0d754e398b7403cb878cc,hashed_graph_id,8740,70,76,1.0857142857142856
tile:xla,test,201491ec525e69265b5c35b8ea663b14,hashed_graph_id,1471,73,80,1.095890410958904
tile:xla,test,2016aa7a199dcd51c50c51eb5dcad732,hashed_graph_id,1065,25,24,0.96
tile:xla,test,20977d06119e3681836217845e87bdbc,hashed_graph_id,424,23,22,0.9565217391304348
tile:xla,test,209eb548aa33e5e3376785ae8bd262b8,hashed_graph_id,404,59,61,1.0338983050847457
tile:xla,test,21360a2946aaf30ad0bec612bf397425,hashed_graph_id,79,9,8,0.8888888888888888
tile:xla,test,2141d6ff34b7cd9537ec49e666a60d46,hashed_graph_id,1770,42,45,1.0714285714285714
tile:xla,test,215d0ceb8cd572eda0939f909256fef9,hashed_graph_id,1243,25,24,0.96
tile:xla,test,21b3cd54f9e6cb509ec54a559e06a049,hashed_graph_id,1587,49,48,0.9795918367346939
tile:xla,test,21c9cd174bcc6b619c3ba81c06d40df1,hashed_graph_id,216,45,44,0.9777777777777777
tile:xla,test,21f4411bf1b9265bc851b7a0a59eed58,hashed_graph_id,532,13,12,0.9230769230769231
tile:xla,test,220b9496b2b359951702aa1a061b9c1c,hashed_graph_id,1351,73,80,1.095890410958904
tile:xla,test,2267075245e1e4484232542c85c1509f,hashed_graph_id,1445,37,38,1.027027027027027
tile:xla,test,2277cf38e3d9f3a39a6f3f1b64a66a66,hashed_graph_id,995,43,49,1.1395348837209303
tile:xla,test,22a10fd1d8658e4948b2cd139ab7cceb,hashed_graph_id,9990,70,76,1.0857142857142856
tile:xla,test,22cfd3bbcc292b0b285731af630f74b7,hashed_graph_id,511,35,35,1.0
tile:xla,test,22f14ee781021d94bd748415f5101db0,hashed_graph_id,164,9,8,0.8888888888888888
tile:xla,test,23079d46528043e1427cc315a76f20e2,hashed_graph_id,4584,20,23,1.15
tile:xla,test,2332bcb3cc58e090c42c110d0ac74f91,hashed_graph_id,3087,19,18,0.9473684210526315
tile:xla,test,23ae65ba7fa1aded3115510359cffe05,hashed_graph_id,531,13,12,0.9230769230769231
tile:xla,test,23b0858fd6f1d189ddf05507a2760d41,hashed_graph_id,4378,94,97,1.0319148936170213
tile:xla,test,23fae06fe752ab205e86e93eb001b410,hashed_graph_id,185,80,84,1.05
tile:xla,test,24108bb65cb4809b06d48fe3bff74834,hashed_graph_id,1245,32,33,1.03125
tile:xla,test,243e74e5a4e7fd7da9384c4636ed925e,hashed_graph_id,3357,20,23,1.15
tile:xla,test,245b60fd8dd9bff1dc33eaa9cb7014b9,hashed_graph_id,190,73,80,1.095890410958904
tile:xla,test,2508761d8c05f18e28fe00f9a84f6430,hashed_graph_id,130,8,7,0.875
tile:xla,test,2537b2a53878890151a5fa7799d3f68a,hashed_graph_id,531,13,12,0.9230769230769231
tile:xla,test,255e0fbf6dbb62d1a164f20a92fcdb6b,hashed_graph_id,4,7,6,0.8571428571428571
tile:xla,test,25e50768df16d7c711a7bd7769b3f72e,hashed_graph_id,692,14,13,0.9285714285714286
tile:xla,test,26c8bd665ec4ac25f8ece754e2992109,hashed_graph_id,99,9,8,0.8888888888888888
tile:xla,test,26f4205167717014b98b1f535649b412,hashed_graph_id,2997,42,41,0.9761904761904762
tile:xla,test,273cdd7363d77839712948b6ae8d19d2,hashed_graph_id,1443,64,63,0.984375
tile:xla,test,27e1a9c6fda09e05b9a9b121c4546276,hashed_graph_id,1366,71,76,1.0704225352112675
tile:xla,test,2831da08124756eeeb7a5c0f5f755fea,hashed_graph_id,787,73,80,1.095890410958904
tile:xla,test,2832df399c259d98f4946e83c56f94c8,hashed_graph_id,138,61,61,1.0
tile:xla,test,287224a3ce2d583db79e6e956c8fcb77,hashed_graph_id,478,46,45,0.9782608695652174
tile:xla,test,28a5375741493e3ee264bba835c5a099,hashed_graph_id,3425,43,42,0.9767441860465116
tile:xla,test,28d9c8dc3c2980a1297ca08bac7e7278,hashed_graph_id,191,61,61,1.0
tile:xla,test,2922e4cf939d053b4d1c2fa459628e83,hashed_graph_id,8994,32,33,1.03125
tile:xla,test,2929ae3ce1a85b76c4188a50f10a6dca,hashed_graph_id,1195,19,18,0.9473684210526315
tile:xla,test,299089b6aea7cc09b4936caec68c885c,hashed_graph_id,7482,37,39,1.054054054054054
tile:xla,test,29e065cb06be8f1523cd6301fbb6dc32,hashed_graph_id,352,57,68,1.1929824561403508
tile:xla,test,2ab7cca8ffaa3ecd27e7a8d644d6f416,hashed_graph_id,115,9,8,0.8888888888888888
tile:xla,test,2b5e539272adc4c910c8f285b6bc6896,hashed_graph_id,220,9,9,1.0
tile:xla,test,2b948525e1cdc87575c24f81882a72b0,hashed_graph_id,974,42,45,1.0714285714285714
tile:xla,test,2b9da949ecbbf9431ac72a16c9b003e8,hashed_graph_id,1249,94,97,1.0319148936170213
tile:xla,test,2bc89e7959bb44833b5f0d50753c99f7,hashed_graph_id,448,66,67,1.0151515151515151
tile:xla,test,2bc8bbd63d63560807f354df9436e567,hashed_graph_id,1208,96,107,1.1145833333333333
tile:xla,test,2be265628b95cad802e8aed4e44cd6dd,hashed_graph_id,62,14,13,0.9285714285714286
tile:xla,test,2bfdd5dc49dc4c742a841135d737f818,hashed_graph_id,87,14,13,0.9285714285714286
tile:xla,test,2c7065047d5eaa8630b03ada2f3d2385,hashed_graph_id,1673,21,21,1.0
tile:xla,test,2ca047faf024cd52890090b35061c630,hashed_graph_id,915,57,58,1.0175438596491229
tile:xla,test,2d09e3ab92e184c561abaf8d9efe7b87,hashed_graph_id,270,10,9,0.9
tile:xla,test,2d260c22c3ff1d067341be8172c6c3c6,hashed_graph_id,1325,72,75,1.0416666666666667
tile:xla,test,2d6cb01126240319a3d4a5e0a5c1e058,hashed_graph_id,198,75,82,1.0933333333333333
tile:xla,test,2d8bb967a9788d9974f99f4ad76d31f4,hashed_graph_id,1323,70,72,1.0285714285714285
tile:xla,test,2e3825b097f2ad56f55ff538b12f31f2,hashed_graph_id,8994,73,80,1.095890410958904
tile:xla,test,2ebe56a1ddb8772e3ca3d5fcd53c5e2f,hashed_graph_id,7909,23,22,0.9565217391304348
tile:xla,test,2ed25b05a071f287f9f1a04e2324e1b9,hashed_graph_id,1043,42,45,1.0714285714285714
tile:xla,test,2f79219d7054b4d8a7f071cf36ac4d7c,hashed_graph_id,23,2,1,0.5
tile:xla,test,2fe1177b4fdf6407758dd635fa90345e,hashed_graph_id,8999,57,57,1.0
tile:xla,test,3001fa1de02dc4c132ec994af6178408,hashed_graph_id,845,20,23,1.15
tile:xla,test,3054e2e8c42344027b5027b5dd6ee4cc,hashed_graph_id,185,9,8,0.8888888888888888
tile:xla,test,30cbe83eeb542134d64e1b0ac1e566d8,hashed_graph_id,523,16,15,0.9375
tile:xla,test,30d3f9906adbec55c446b6df344e4684,hashed_graph_id,6,7,6,0.8571428571428571
tile:xla,test,31509abc20054f2608a099f62f126e3b,hashed_graph_id,52,43,49,1.1395348837209303
tile:xla,test,3183f2c7b43ab61b05d1f6f0beb68438,hashed_graph_id,775,43,49,1.1395348837209303
tile:xla,test,31b4052a89507138fc06d82688461e00,hashed_graph_id,259,31,31,1.0
tile:xla,test,31cec14c5c237f400d4dc4846446eeaf,hashed_graph_id,3149,21,21,1.0
tile:xla,test,32ee2f0afdc0a20b1952512cf9a9e37e,hashed_graph_id,1549,58,59,1.0172413793103448
tile:xla,test,3390c748f3374c80153ad47b983faea2,hashed_graph_id,139,15,15,1.0
tile:xla,test,339fe05532b959b6b33856aede53e3ab,hashed_graph_id,5932,22,21,0.9545454545454546
tile:xla,test,33eda9cb7d5c9cb6ed81fb2fc84f382f,hashed_graph_id,5538,42,45,1.0714285714285714
tile:xla,test,34105d7d4e01122157c0eec8e6851b22,hashed_graph_id,3055,42,45,1.0714285714285714
tile:xla,test,34a21cf24fd3872e9b5d382a3b19c99e,hashed_graph_id,81,37,38,1.027027027027027
tile:xla,test,34a2312250b792c67d220000e948c2c7,hashed_graph_id,660,19,19,1.0
tile:xla,test,3505c76a2f1cad781f2a1597e3ea6e25,hashed_graph_id,8801,71,70,0.9859154929577465
tile:xla,test,3523b75f05aaecb8e8b7bdafea07103a,hashed_graph_id,2,23,22,0.9565217391304348
tile:xla,test,35be22544522b94def2a2ce1d17cab98,hashed_graph_id,85,18,18,1.0
tile:xla,test,3610d7e16d0928ea031df76fc178ce2d,hashed_graph_id,28,2,1,0.5
tile:xla,test,3638f6c2031d4f3a3ee0a8699d911998,hashed_graph_id,632,2,1,0.5
tile:xla,test,369be89f87214cc9963f0940593d336d,hashed_graph_id,1021,14,13,0.9285714285714286
tile:xla,test,37003c6a5d82817cd9eeabe654f4184b,hashed_graph_id,18,9,8,0.8888888888888888
tile:xla,test,370873e0e7529704147e3552dd97d7aa,hashed_graph_id,937,72,75,1.0416666666666667
tile:xla,test,37365d504334335d27589029e5dba2ea,hashed_graph_id,9992,42,45,1.0714285714285714
tile:xla,test,37702040de6a1ba79e30e327fda32ff0,hashed_graph_id,9999,57,57,1.0
tile:xla,test,37823950c3cc2fa78a1d415dcde302f7,hashed_graph_id,252,12,11,0.9166666666666666
tile:xla,test,379cc1bdac69ab3483cdc891938f65ec,hashed_graph_id,11,9,8,0.8888888888888888
tile:xla,test,37a9a3cd5049632b6c38dd8e3f296a70,hashed_graph_id,521,13,12,0.9230769230769231
tile:xla,test,37b382fb5e57a2f41a4674fe8ba5941f,hashed_graph_id,523,16,15,0.9375
tile:xla,test,37b7d74cb126b977f23e3f9453c76ad0,hashed_graph_id,9997,12,11,0.9166666666666666
tile:xla,test,385de53086be47f29260a91fc1dd5a26,hashed_graph_id,4135,71,70,0.9859154929577465
tile:xla,test,38e3f75abe1afdb180d31b35af3aa9a8,hashed_graph_id,100,5,4,0.8
tile:xla,test,38e8d58bf3373385748726cc77524d11,hashed_graph_id,30,28,27,0.9642857142857143
tile:xla,test,390fc89ad36bc81be52da85d29d2f84d,hashed_graph_id,149,66,67,1.0151515151515151
tile:xla,test,3a925546ff94d8052242692d4412c807,hashed_graph_id,3786,20,23,1.15
tile:xla,test,3ace3f1ec8c0887d9f732e56d8e20d39,hashed_graph_id,81,45,44,0.9777777777777777
tile:xla,test,3ad7a21fdfc9fce79d2b9c3f83397989,hashed_graph_id,1469,70,70,1.0
tile:xla,test,3adf87c46a1ebabd78d94fd6210b0bc0,hashed_graph_id,522,21,21,1.0
tile:xla,test,3ba313ae4e95243c9a2a7a5fb5a4f096,hashed_graph_id,1017,57,58,1.0175438596491229
tile:xla,test,3bbd8b9ede8311e8e3b434ea4fc7048f,hashed_graph_id,1567,66,67,1.0151515151515151
tile:xla,test,3bf9e6f70261f41a6df5eaa3939608d2,hashed_graph_id,1000,57,57,1.0
tile:xla,test,3c2b65a74ad712740c167a90c512d133,hashed_graph_id,102,14,13,0.9285714285714286
tile:xla,test,3c85c4e165540138fbbb362de6ce40d1,hashed_graph_id,138,45,44,0.9777777777777777
tile:xla,test,3c885673e325cec6d51a33c558b5047e,hashed_graph_id,100,26,26,1.0
tile:xla,test,3cebc9308d0e1085777e5aaf2cf5ca88,hashed_graph_id,25,2,1,0.5
tile:xla,test,3cf4f8126788a988bb9447bdfffbdfa3,hashed_graph_id,3882,49,48,0.9795918367346939
tile:xla,test,3d44ff028a1d503dfd9b4fa85b101cf8,hashed_graph_id,1003,14,13,0.9285714285714286
tile:xla,test,3d8a7cb3c1fec9dd8174e57bcdeb9fda,hashed_graph_id,939,12,11,0.9166666666666666
tile:xla,test,3e35461fd558ca6eb8822ee9d9dda24b,hashed_graph_id,8,11,11,1.0
tile:xla,test,3e4fb155386cc9cca05a08972634dff3,hashed_graph_id,114,18,18,1.0
tile:xla,test,3e6331b6420164c84b606b3dee4c3123,hashed_graph_id,903,46,45,0.9782608695652174
tile:xla,test,3f23db7272243cb90ae5da2e5b52a999,hashed_graph_id,44,14,13,0.9285714285714286
tile:xla,test,3f399b5c73d14f1655d2a6e0423f5c05,hashed_graph_id,5513,73,80,1.095890410958904
tile:xla,test,3f5877aa3729668ff8138c1762f5f07a,hashed_graph_id,28,2,1,0.5
tile:xla,test,3f8bf25118c9ceab69e74e0f2f0dec72,hashed_graph_id,442,70,76,1.0857142857142856
tile:xla,test,3f8fb71e1de25d5d709c1a540a2505bc,hashed_graph_id,823,38,38,1.0
tile:xla,test,3faf3dcc898db6dcb16a491dd354e87f,hashed_graph_id,3302,20,23,1.15
tile:xla,test,3fd09bd896675dea1c4ef445dd6c032a,hashed_graph_id,9988,71,70,0.9859154929577465
tile:xla,test,3fe6a5ce0abbfa76178a482990816c25,hashed_graph_id,2937,73,80,1.095890410958904
tile:xla,test,402afcc7b0e8c3377fa21ec61b5d3514,hashed_graph_id,115,76,83,1.0921052631578947
tile:xla,test,403b920fef3cc6021cffe9960fdafce1,hashed_graph_id,725,25,24,0.96
tile:xla,test,4046fb97b72bea6304469200b6cca977,hashed_graph_id,272,61,65,1.0655737704918034
tile:xla,test,40c6586114c95bf25d4aed4fe33fc291,hashed_graph_id,9982,70,76,1.0857142857142856
tile:xla,test,410664beae0112bfbba658fa130d4f17,hashed_graph_id,125,21,21,1.0
tile:xla,test,417d30b0f01e1b0e3b9c3300fd3dd7d0,hashed_graph_id,523,49,48,0.9795918367346939
tile:xla,test,4184b887f2a686c9a91887945c51acfb,hashed_graph_id,115,9,8,0.8888888888888888
tile:xla,test,41adfd6f3552a132299ad355e89c18ad,hashed_graph_id,140,29,29,1.0
tile:xla,test,41cdd9ef056d0cb31bd4edafc9616de3,hashed_graph_id,4378,94,97,1.0319148936170213
tile:xla,test,41e0ad0236cee53ef6d0e237d185c643,hashed_graph_id,2213,94,97,1.0319148936170213
tile:xla,test,41eb55c0421f885199800092c533eac4,hashed_graph_id,787,73,80,1.095890410958904
tile:xla,test,420730b7437fde812543d5e2c8ebef70,hashed_graph_id,55,2,1,0.5
tile:xla,test,430a05305209f9f8800c38f3169c15c4,hashed_graph_id,1471,73,80,1.095890410958904
tile:xla,test,43f3ceea305a29037c3c3d0afe605dc3,hashed_graph_id,165,8,7,0.875
tile:xla,test,443fff7e8e9e731ba17bcff0fc57d04b,hashed_graph_id,26,19,18,0.9473684210526315
tile:xla,test,444c7fe5f48574e5ab1b16b16f1852de,hashed_graph_id,64,21,21,1.0
tile:xla,test,44b328ddba14dc9c63794a8e111f0117,hashed_graph_id,742,57,58,1.0175438596491229
tile:xla,test,44e66cef0f7628c9ef61bfb4319a6861,hashed_graph_id,61,25,24,0.96
tile:xla,test,45325c485e11c6cadc4df8236141af74,hashed_graph_id,966,30,29,0.9666666666666667
tile:xla,test,457bb743842c5b401babaeee78282418,hashed_graph_id,4,11,11,1.0
tile:xla,test,45a9d8170b391eb6e711d1862215785d,hashed_graph_id,610,49,48,0.9795918367346939
tile:xla,test,4605a1d6581d313d5d6ab0a5ac5093a2,hashed_graph_id,2297,20,23,1.15
tile:xla,test,463612ff30619335fe0af213c53b262d,hashed_graph_id,64,14,13,0.9285714285714286
tile:xla,test,46768e3945d6234b7a7ec55fad96a5b3,hashed_graph_id,190,8,8,1.0
tile:xla,test,47037df67e24913fc54f25f01a8e2df6,hashed_graph_id,9991,32,33,1.03125
tile:xla,test,47709b8a5ad520489eaa5a8e3c900ea0,hashed_graph_id,4,36,40,1.1111111111111112
tile:xla,test,477d751f4b3b5aa1c0b3d18a57b10347,hashed_graph_id,1323,76,83,1.0921052631578947
tile:xla,test,478b65b493a916d0157c2a803aa92e31,hashed_graph_id,2625,42,45,1.0714285714285714
tile:xla,test,4793b9fc31d53950997b1669067f8658,hashed_graph_id,897,37,38,1.027027027027027
tile:xla,test,47f8c860047bbb7a3f7f1ce7c503c7b2,hashed_graph_id,51,9,8,0.8888888888888888
tile:xla,test,483c2db1d9cabed6420f5a16168a54ba,hashed_graph_id,9887,42,41,0.9761904761904762
tile:xla,test,4862551bf0c916c347380b4b187a6d00,hashed_graph_id,207,43,42,0.9767441860465116
tile:xla,test,48729b1dbf5ba6831f9e3dc526a254ec,hashed_graph_id,859,42,45,1.0714285714285714
tile:xla,test,488bf17e123df3e4231b1d1ed95552f5,hashed_graph_id,7909,12,11,0.9166666666666666
tile:xla,test,48ae3aa2b55fbc4fdc99e1825d5ee207,hashed_graph_id,3348,42,45,1.0714285714285714
tile:xla,test,48e5c6e8c63cb16061fc6425790992a6,hashed_graph_id,8394,32,33,1.03125
tile:xla,test,49892caa0f3ab3e3f0e2133111450e05,hashed_graph_id,743,29,29,1.0
tile:xla,test,49c948f61e7a37b392b14235eeeb1d17,hashed_graph_id,55,2,1,0.5
tile:xla,test,4a1d9f054c89c29b6ec14101ec66336c,hashed_graph_id,130,8,7,0.875
tile:xla,test,4a38e5e683f2ded9a2a5d2f0e6a3f724,hashed_graph_id,8991,70,76,1.0857142857142856
tile:xla,test,4a83877309d26f07bb672721dd2bd77c,hashed_graph_id,1802,65,70,1.0769230769230769
tile:xla,test,4aa7bd94d7cc5c14c4c5caf6081a3f33,hashed_graph_id,454,62,64,1.032258064516129
tile:xla,test,4bd05535dddd6a7ed2ca31dd93ba6c28,hashed_graph_id,856,18,17,0.9444444444444444
tile:xla,test,4be82c4b56564148a941257c30389406,hashed_graph_id,190,14,13,0.9285714285714286
tile:xla,test,4c900b8b85348c80fde7f52d2d6f8f64,hashed_graph_id,996,25,24,0.96
tile:xla,test,4c96820970c77c4b5cd84c1faf3bc170,hashed_graph_id,139,12,11,0.9166666666666666
tile:xla,test,4ca356313864c2ffacb75be858c0d077,hashed_graph_id,9971,70,76,1.0857142857142856
tile:xla,test,4cab633972ffc909f7f0a9cefc36acae,hashed_graph_id,1168,29,29,1.0
tile:xla,test,4d1aaf660cf1e107f11e76da66b4671a,hashed_graph_id,415,9,8,0.8888888888888888
tile:xla,test,4d3ffc822a0ad2f55a4a3c16b45ca037,hashed_graph_id,138,37,38,1.027027027027027
tile:xla,test,4d5b434090ed1b3ff552d02c62b1a96c,hashed_graph_id,1511,38,38,1.0
tile:xla,test,4d7086952c254ba4a1bcb2706b9b1552,hashed_graph_id,4,36,40,1.1111111111111112
tile:xla,test,4da35e3375be94038ec650417e3863e5,hashed_graph_id,483,61,63,1.0327868852459017
tile:xla,test,4dd1716853ed46ee4e7d09ede1732de8,hashed_graph_id,9964,42,45,1.0714285714285714
tile:xla,test,4dd6c6c39c99ba7570570a3871ca7fde,hashed_graph_id,259,31,31,1.0
tile:xla,test,4e34582339f65c5a3d2f80fa65059ff5,hashed_graph_id,528,41,40,0.975609756097561
tile:xla,test,4ed38e9ba18d48c50f4bc9b515e479bf,hashed_graph_id,5,11,11,1.0
tile:xla,test,4ee70376fe5cf2d9cdcb6a1586ff81b6,hashed_graph_id,803,26,28,1.0769230769230769
tile:xla,test,4f222cd58108493ac2db9cc0fdd3bc62,hashed_graph_id,161,59,61,1.0338983050847457
tile:xla,test,4fd0d8b264c6c65a4247cb0a0b93b1c2,hashed_graph_id,856,25,24,0.96
tile:xla,test,50233c4ad6ebb1ee296cb6258d2240fb,hashed_graph_id,4703,42,45,1.0714285714285714
tile:xla,test,5026dd538c67cc120dd1903e1d444016,hashed_graph_id,429,28,27,0.9642857142857143
tile:xla,test,5099fc8482a1b436873cf68191ca61d5,hashed_graph_id,5239,42,45,1.0714285714285714
tile:xla,test,51e65607ac91748562d4c1498e72d5ef,hashed_graph_id,7344,43,42,0.9767441860465116
tile:xla,test,51f288be843f15e7d2f2e7b40182da9b,hashed_graph_id,1292,23,23,1.0
tile:xla,test,5201beb9ca1b4e99bfe7ec6dd6f0721c,hashed_graph_id,72,21,21,1.0
tile:xla,test,522293fbd9014c112eea803bd8c01da3,hashed_graph_id,1150,19,19,1.0
tile:xla,test,522ccab615d5de8f414bd5925197567b,hashed_graph_id,9984,73,80,1.095890410958904
tile:xla,test,530173f4d306349c2aec5e70a9b966bf,hashed_graph_id,908,19,19,1.0
tile:xla,test,53121d52cc29e554cbe1382200f3f914,hashed_graph_id,357,76,83,1.0921052631578947
tile:xla,test,533486e6fecebb7df906d153b9355df7,hashed_graph_id,1158,38,38,1.0
tile:xla,test,5335b1489ad111732b7460fb4afd45ed,hashed_graph_id,1058,13,14,1.0769230769230769
tile:xla,test,534ee5f13eab0f69bdcc4873f5088eb0,hashed_graph_id,11,9,8,0.8888888888888888
tile:xla,test,539e3e818bfdfe7bfe3823ad7bc1e5e0,hashed_graph_id,138,70,70,1.0
tile:xla,test,53b5e34ab8d8237f014b323c963c97d8,hashed_graph_id,1326,94,97,1.0319148936170213
tile:xla,test,53cd09d56985c136df1aebfa2b7d150d,hashed_graph_id,558,55,57,1.0363636363636364
tile:xla,test,54388445f50bf76e64193a67147efdea,hashed_graph_id,5057,71,70,0.9859154929577465
tile:xla,test,5469275134b357895c1dd3e2f98022f7,hashed_graph_id,9990,73,80,1.095890410958904
tile:xla,test,554f974f026f3645d7e301479f0ed9e6,hashed_graph_id,26,13,12,0.9230769230769231
tile:xla,test,55cebbadd2b1e32f6c06779449bd5f9e,hashed_graph_id,6995,36,35,0.9722222222222222
tile:xla,test,565d336fa1d2611f2930d883b29799b6,hashed_graph_id,112,40,39,0.975
tile:xla,test,567d18d07af7c35eadd3e79ddaa9de65,hashed_graph_id,487,2,1,0.5
tile:xla,test,56b8dcf9b28ddd88f5fb359186c4f215,hashed_graph_id,1301,59,61,1.0338983050847457
tile:xla,test,56dc01c1f720c42a53ae87e025c1592f,hashed_graph_id,813,19,19,1.0
tile:xla,test,573ea091267ae13f76a14d7bd0a4c2c2,hashed_graph_id,210,38,38,1.0
tile:xla,test,576120dace5c538dba923e430f6933e1,hashed_graph_id,367,49,49,1.0
tile:xla,test,57612df6091fe11c498a48fc069186dc,hashed_graph_id,242,2,1,0.5
tile:xla,test,57aad5ff6faddea74fe8f2b9f926fd2a,hashed_graph_id,165,2,1,0.5
tile:xla,test,5821c1951326d22848e783d19df77fec,hashed_graph_id,997,37,38,1.027027027027027
tile:xla,test,5856748c8f1c66efdb6a6c45f98e1859,hashed_graph_id,773,43,49,1.1395348837209303
tile:xla,test,58a5385978d6d4e12f14b4329de36548,hashed_graph_id,1545,41,40,0.975609756097561
tile:xla,test,58dd679c6ff5cc227d913a3fc16fce06,hashed_graph_id,55,2,1,0.5
tile:xla,test,592804fb43b170db0dc9a5434f6d97d3,hashed_graph_id,49,47,50,1.0638297872340425
tile:xla,test,59309b036da76705d1fc14d5f3dc90c6,hashed_graph_id,114,57,58,1.0175438596491229
tile:xla,test,5963426e950e9885f1c162016794eefe,hashed_graph_id,102,9,8,0.8888888888888888
tile:xla,test,59e544739136d3ce84bac0b42bd3a1c5,hashed_graph_id,897,43,49,1.1395348837209303
tile:xla,test,5a734700b4dca3027b56011b01fd4f03,hashed_graph_id,1021,21,21,1.0
tile:xla,test,5af063306312b5164db775c82b5df9af,hashed_graph_id,7,11,11,1.0
tile:xla,test,5b2ee86012f40413ab109039bc98b877,hashed_graph_id,114,61,61,1.0
tile:xla,test,5b84fc48a14f131f0bce503e401d7a81,hashed_graph_id,3087,12,11,0.9166666666666666
tile:xla,test,5b9f8ba192f9fb8ae999524fce376ec7,hashed_graph_id,806,72,75,1.0416666666666667
tile:xla,test,5c02e62c10e5b419257d5e197b86892a,hashed_graph_id,81,37,38,1.027027027027027
tile:xla,test,5c2478b5096ccfad72986eb07515676f,hashed_graph_id,85,57,58,1.0175438596491229
tile:xla,test,5c92563197727ecc80032a2c393b9c29,hashed_graph_id,93,26,26,1.0
tile:xla,test,5cd5140c3122cc64010552a22a2ac701,hashed_graph_id,592,7,6,0.8571428571428571
tile:xla,test,5d01c8e61fe29ba7b911dc3e4e69fbef,hashed_graph_id,201,37,38,1.027027027027027
tile:xla,test,5d6f4f51dcf257f2f9093b9e16e999e1,hashed_graph_id,996,39,43,1.1025641025641026
tile:xla,test,5e3817a82790a84b6956dbb853e8b3c8,hashed_graph_id,153,37,38,1.027027027027027
tile:xla,test,5feea5f6e47fcc9c5ccf7587c16ebe1f,hashed_graph_id,8788,12,11,0.9166666666666666
tile:xla,test,5ff19f141bbd009a1ea0514bb7983e7b,hashed_graph_id,10000,57,57,1.0
tile:xla,test,6000f82146e4a847c0616961c33ecdbf,hashed_graph_id,138,37,38,1.027027027027027
tile:xla,test,601666f1122b36dee0d070f703b0de1d,hashed_graph_id,30,31,33,1.064516129032258
tile:xla,test,60c042ec6c3beb60211c176dcae34141,hashed_graph_id,1443,49,48,0.9795918367346939
tile:xla,test,6144042c911d82466c3b688074e185f0,hashed_graph_id,9997,12,11,0.9166666666666666
tile:xla,test,61a447595f405949b1ee02b98727158f,hashed_graph_id,1279,72,75,1.0416666666666667
tile:xla,test,61d0da767f037a0caead3fda27ff6324,hashed_graph_id,190,5,4,0.8
tile:xla,test,61dd0e5cb964bf0652acd33ad198f807,hashed_graph_id,805,65,70,1.0769230769230769
tile:xla,test,6237836dc4672810d36a6679ebd67b99,hashed_graph_id,996,43,49,1.1395348837209303
tile:xla,test,6297c4d979e7969b46e887521f5912c3,hashed_graph_id,85,8,7,0.875
tile:xla,test,6302d2e2390c51d0dc34cc06861cd178,hashed_graph_id,8976,70,76,1.0857142857142856
tile:xla,test,634f6cf6b88b10b12100a4671ca6c759,hashed_graph_id,116,37,38,1.027027027027027
tile:xla,test,645688bc03db7769df973368bce110f8,hashed_graph_id,30,2,1,0.5
tile:xla,test,64c8d7af6be1888595f9dbf55e612f04,hashed_graph_id,16,2,1,0.5
tile:xla,test,652aadb0614f2a8867c3aadcddd820e3,hashed_graph_id,532,10,11,1.1
tile:xla,test,65754efd3f004920a0ec779fe543ef4b,hashed_graph_id,1276,101,104,1.0297029702970297
tile:xla,test,65dc82b7231c5b4d0a651ddbfcb19613,hashed_graph_id,521,7,8,1.1428571428571428
tile:xla,test,6647c87535c9d64a15a0da3c6319c517,hashed_graph_id,528,25,24,0.96
tile:xla,test,6692f7a6518c17063aa533b496043c73,hashed_graph_id,6,11,11,1.0
tile:xla,test,66a267cac5cf4becd1fc0df3f8785c70,hashed_graph_id,164,9,8,0.8888888888888888
tile:xla,test,675a12ea0315ded4fe1b6e607d5eec65,hashed_graph_id,6,11,11,1.0
tile:xla,test,67d829be0df6a19794899990485f3ff1,hashed_graph_id,85,9,8,0.8888888888888888
tile:xla,test,6803f415ab1f7cb03f94f04756ba3828,hashed_graph_id,185,9,8,0.8888888888888888
tile:xla,test,68c5989e333c40d46ccbe8ab8e08ed2d,hashed_graph_id,30,13,12,0.9230769230769231
tile:xla,test,68ca2cb8b22ea275e28bc9e3cb9820c8,hashed_graph_id,419,35,34,0.9714285714285714
tile:xla,test,6971d171d410d5ef96e7ea1edfa07210,hashed_graph_id,917,73,80,1.095890410958904
tile:xla,test,6a871664913c444531f15191336f42fb,hashed_graph_id,55,2,1,0.5
tile:xla,test,6ade7005f43477b524f408869c7a23be,hashed_graph_id,856,41,40,0.975609756097561
tile:xla,test,6b3be2600927a0e1659c70478ac30265,hashed_graph_id,180,8,7,0.875
tile:xla,test,6ba9ef6d9007dd30f738cd0fa4eabcbc,hashed_graph_id,331,38,38,1.0
tile:xla,test,6c18c36456ce2a174edd44fdda67c8f9,hashed_graph_id,833,57,58,1.0175438596491229
tile:xla,test,6c9569b6cc9662696a9fef67adb6117b,hashed_graph_id,903,19,19,1.0
tile:xla,test,6c9bd8fb6b9cb4d37202927553c95a33,hashed_graph_id,21,23,23,1.0
tile:xla,test,6ca696e19657efcd1b434b29473172fa,hashed_graph_id,499,54,56,1.037037037037037
tile:xla,test,6cc921dcaee6fb44ddfd22c127a2bf62,hashed_graph_id,643,25,24,0.96
tile:xla,test,6cf339737c41cb124660b9d5d74a09ae,hashed_graph_id,1593,41,42,1.024390243902439
tile:xla,test,6d54cfa452720a1802eb9516679dae66,hashed_graph_id,30,28,27,0.9642857142857143
tile:xla,test,6d623120471a6053403133d841230306,hashed_graph_id,1673,14,13,0.9285714285714286
tile:xla,test,6dc2d8b49f54274c8e7dc9c2f58149c0,hashed_graph_id,643,41,40,0.975609756097561
tile:xla,test,6defd507783d75ffdecc3a04975f7d99,hashed_graph_id,18,9,8,0.8888888888888888
tile:xla,test,6e0358199489ac4133c75c661376660c,hashed_graph_id,46,68,89,1.3088235294117647
tile:xla,test,6e3d8e1b96f9953cc19ccbdfd912de1a,hashed_graph_id,434,21,21,1.0
tile:xla,test,6ec96ca52640832842b7bf32dfb43b5d,hashed_graph_id,3,18,18,1.0
tile:xla,test,6ed25f3ba90cf246ab3b9d637c70e61b,hashed_graph_id,8034,18,17,0.9444444444444444
tile:xla,test,6edf8355964cd3b493cabe7e9caa5201,hashed_graph_id,161,64,63,0.984375
tile:xla,test,6ee4b1e0585d266efb2dde1fac8cdfb4,hashed_graph_id,779,14,13,0.9285714285714286
tile:xla,test,6f80ef454744ebc2641433206f2c61fc,hashed_graph_id,2109,20,23,1.15
tile:xla,test,6f95ec3b0dd64b70b056449a4002411f,hashed_graph_id,9993,32,33,1.03125
tile:xla,test,6fc911aa09880b7cc2d04dc6c4f22dd0,hashed_graph_id,1162,37,44,1.1891891891891893
tile:xla,test,6fce8edb767fe07b2d3f1521d1d5dfc4,hashed_graph_id,72,14,13,0.9285714285714286
tile:xla,test,6fe0eaca0f87dc848b8d32cfd850fa24,hashed_graph_id,2700,69,75,1.0869565217391304
tile:xla,test,6ff2fe0ad9f8d3dcad421d0aabc68cb3,hashed_graph_id,140,19,19,1.0
tile:xla,test,703d190d3e84c55690b8a4526bad1447,hashed_graph_id,163,70,70,1.0
tile:xla,test,7061e6843205019f4f92813eea0198b5,hashed_graph_id,39,14,13,0.9285714285714286
tile:xla,test,712775a7172527588e3c77af15c10591,hashed_graph_id,9973,73,80,1.095890410958904
tile:xla,test,714add24f07c21c1f687a4d096917b4a,hashed_graph_id,23,2,1,0.5
tile:xla,test,71dc638d63946151862fab0c521d6087,hashed_graph_id,34,2,1,0.5
tile:xla,test,71dfaa04cb384fc35c15b7fbb5ff3b28,hashed_graph_id,970,38,37,0.9736842105263158
tile:xla,test,724dbd338923da4d9fa688d5b19a66fc,hashed_graph_id,2157,14,13,0.9285714285714286
tile:xla,test,726bbecbfd4ec63024bd8f4989d61837,hashed_graph_id,30,13,12,0.9230769230769231
tile:xla,test,726dc7966182c071b0dd3744c9d1ef1c,hashed_graph_id,4560,43,44,1.0232558139534884
tile:xla,test,72ba9ab76269be7c8e49a5fbb11ef698,hashed_graph_id,1516,19,19,1.0
tile:xla,test,72e8d1d84ad96f46d74c802a75496f92,hashed_graph_id,1836,39,39,1.0
tile:xla,test,72e9fc567e22796ad3c058d93c056dbc,hashed_graph_id,1543,20,23,1.15
tile:xla,test,737ac072c8a66751753c055f359b651b,hashed_graph_id,251,18,19,1.0555555555555556
tile:xla,test,746d001b150bede99731e62a85b7157e,hashed_graph_id,1509,80,87,1.0875
tile:xla,test,74d72cc0bdeeb5ca10c963120733b6af,hashed_graph_id,770,43,49,1.1395348837209303
tile:xla,test,750b2acb1e9e7e6884ff6de304c3aba0,hashed_graph_id,8317,37,39,1.054054054054054
tile:xla,test,75121ad778d92722504f620c4c108f45,hashed_graph_id,1065,41,40,0.975609756097561
tile:xla,test,75de5e5d350e56a396ffdd6d9af6a688,hashed_graph_id,21,21,21,1.0
tile:xla,test,75ffaca23fca7022ff0b2be0837bb969,hashed_graph_id,273,61,70,1.1475409836065573
tile:xla,test,76236899a823991aa538186a4319ae0e,hashed_graph_id,1545,25,24,0.96
tile:xla,test,76c81b6d5a1ae14c470ce1a3aa75885a,hashed_graph_id,3017,20,23,1.15
tile:xla,test,76ef2fcd3969ac4f706875e6793f1832,hashed_graph_id,1134,14,13,0.9285714285714286
tile:xla,test,77aa6b91b187e45382c23a019a0e4edf,hashed_graph_id,4131,73,80,1.095890410958904
tile:xla,test,77be4d38c417d776603d0b291b1fb2ad,hashed_graph_id,1324,36,36,1.0
tile:xla,test,7800d40d6660fd702f5c3aa4d10efe3c,hashed_graph_id,1829,62,71,1.1451612903225807
tile:xla,test,7881dbb80fbbd668709a881a859d84bc,hashed_graph_id,2672,35,35,1.0
tile:xla,test,78c9fe9ec99292e30ca5b702246cb3dc,hashed_graph_id,2089,65,70,1.0769230769230769
tile:xla,test,7919bdd46ca6fb290d95262e5995c887,hashed_graph_id,513,2,1,0.5
tile:xla,test,7976a71aa88a7a5632c5ba63615732a7,hashed_graph_id,814,66,67,1.0151515151515151
tile:xla,test,7a2fa6ef1adec39589646ff6e1f2c09c,hashed_graph_id,939,33,39,1.1818181818181819
tile:xla,test,7a748d670363d92bacd4759eee9f8474,hashed_graph_id,161,62,64,1.032258064516129
tile:xla,test,7ad4e49c7175cae43697ffa30eaae412,hashed_graph_id,543,2,1,0.5
tile:xla,test,7b20b824ff462d9e252f98549f2edec8,hashed_graph_id,5,23,22,0.9565217391304348
tile:xla,test,7b8915f20079a496c241f7cb2ffad218,hashed_graph_id,1365,29,29,1.0
tile:xla,test,7bcc671c118440d770f79e4d2760e34a,hashed_graph_id,6,36,40,1.1111111111111112
tile:xla,test,7c143a542021d00b377b764bace2720a,hashed_graph_id,29,35,34,0.9714285714285714
tile:xla,test,7ca269cda140e3704fbbf60cdd029779,hashed_graph_id,140,66,67,1.0151515151515151
tile:xla,test,7cd13f187af8bded9afd6cd64d8ff3c5,hashed_graph_id,1038,20,23,1.15
tile:xla,test,7d314295403544719fc8fb837cd3a953,hashed_graph_id,1488,20,23,1.15
tile:xla,test,7d42e6878f8bd7c860bfc0d6bec40849,hashed_graph_id,1532,65,64,0.9846153846153847
tile:xla,test,7eaa86c92baa7e112c6dba9215b4e9b0,hashed_graph_id,779,94,97,1.0319148936170213
tile:xla,test,7f5a8268291cbac1c91ad412d8d92335,hashed_graph_id,554,20,23,1.15
tile:xla,test,803315aa27503621c169691edc15f3bd,hashed_graph_id,54,18,18,1.0
tile:xla,test,80752138b09d7b37f2a194323e45cfa6,hashed_graph_id,1723,12,11,0.9166666666666666
tile:xla,test,80bdae9e920fff6014e319388dd1c0a7,hashed_graph_id,1073,20,23,1.15
tile:xla,test,80e5fa5a237a05bcfe4bebd0a2859772,hashed_graph_id,730,65,70,1.0769230769230769
tile:xla,test,80f0af315263383b7218281c2bc4ca80,hashed_graph_id,8994,57,57,1.0
tile:xla,test,8113ae7d2894dba021c2a4b2dfe3cf8f,hashed_graph_id,6999,57,57,1.0
tile:xla,test,81397caff421b20a6fc1ed117911d78d,hashed_graph_id,1999,57,57,1.0
tile:xla,test,81a65b7017decc0354a9b50059f7adc7,hashed_graph_id,186,73,78,1.0684931506849316
tile:xla,test,81b4c6d73839899566bb9f93fc341202,hashed_graph_id,215,55,54,0.9818181818181818
tile:xla,test,82316a5d47cba9d4afa18175cca65721,hashed_graph_id,76,9,8,0.8888888888888888
tile:xla,test,8239a48be3ab50ef3b192dcb32c7d95c,hashed_graph_id,112,24,24,1.0
tile:xla,test,82dc7e30761044b1b81065bc2f87de2d,hashed_graph_id,449,32,33,1.03125
tile:xla,test,835261328abad8b95b573234d74288ef,hashed_graph_id,82,61,61,1.0
tile:xla,test,83a54b8a7ad6d129d69376159805511c,hashed_graph_id,6,36,40,1.1111111111111112
tile:xla,test,844ad8a308c7d96b66b4da3b7f807feb,hashed_graph_id,1009,20,23,1.15
tile:xla,test,8565a3bce440f4feb1d59357b5f172ca,hashed_graph_id,100,12,14,1.1666666666666667
tile:xla,test,85d157d3b1848c6b6fff0c633876e2e6,hashed_graph_id,8317,30,32,1.0666666666666667
tile:xla,test,8601bdb4ef02109048214e58a9b57ca1,hashed_graph_id,1114,14,13,0.9285714285714286
tile:xla,test,860eb5b703b4df458fb33124d396c8d8,hashed_graph_id,355,18,18,1.0
tile:xla,test,86135e0bab6f882e0b9883e912ab442c,hashed_graph_id,947,72,75,1.0416666666666667
tile:xla,test,86182417f48077cf33c15ba9ea74ab45,hashed_graph_id,158,40,43,1.075
tile:xla,test,862900d42397d03be2762e1bf7518bea,hashed_graph_id,1652,52,55,1.0576923076923077
tile:xla,test,869688872e9d89187310045c67179092,hashed_graph_id,8999,57,57,1.0
tile:xla,test,86ac77f23900b55fd677fbec0d587bcc,hashed_graph_id,1947,20,23,1.15
tile:xla,test,86bfc63a0b729035c831e8f570179b00,hashed_graph_id,321,43,49,1.1395348837209303
tile:xla,test,86e260dc400108cdfeea7e97452f253b,hashed_graph_id,1067,2,1,0.5
tile:xla,test,870c76b8ff5fd535fb2f57b90c29a490,hashed_graph_id,1413,69,75,1.0869565217391304
tile:xla,test,8742b8851f04772a4e62f240a6e8479f,hashed_graph_id,813,46,45,0.9782608695652174
tile:xla,test,877c424ecbb40842625e8c1a2ca681f8,hashed_graph_id,108,13,12,0.9230769230769231
tile:xla,test,879a423d6077d92a49dc4cdd44be5a97,hashed_graph_id,8,9,8,0.8888888888888888
tile:xla,test,87b16d293340f40b777d57189bed44d5,hashed_graph_id,1236,13,14,1.0769230769230769
tile:xla,test,87ff523321ed668623ea825ea6572064,hashed_graph_id,5034,73,80,1.095890410958904
tile:xla,test,883ae7235453f0334b3e7840fe6ea8de,hashed_graph_id,7,36,40,1.1111111111111112
tile:xla,test,88c00cb7ff57b0bb40ff7822edb1a1ae,hashed_graph_id,8997,57,57,1.0
tile:xla,test,893690634601b5ce7e5d5208479ea65d,hashed_graph_id,165,29,29,1.0
tile:xla,test,89aff1321716e87d345630dd6a311e44,hashed_graph_id,3087,16,15,0.9375
tile:xla,test,89f5c24cf4c3c6d65ffff9c207adc20d,hashed_graph_id,1727,20,23,1.15
tile:xla,test,8a12acaee378ef7c31fd4bf3e1035ec6,hashed_graph_id,151,59,61,1.0338983050847457
tile:xla,test,8a9d73933bc5848476811a48783638e3,hashed_graph_id,64,13,12,0.9230769230769231
tile:xla,test,8aba2fb1fe72f8966d52c3eb7d4ae409,hashed_graph_id,824,26,25,0.9615384615384616
tile:xla,test,8ae3bb439bc38a8297255ec37150bfe3,hashed_graph_id,9993,57,57,1.0
tile:xla,test,8b7bd68b5416e1883feef95516347726,hashed_graph_id,55,2,1,0.5
tile:xla,test,8bb3f60c934a9ab116fcc3b078b136b6,hashed_graph_id,270,23,22,0.9565217391304348
tile:xla,test,8c7780be3785ce4e4ebcb7c29cadefa5,hashed_graph_id,599,9,8,0.8888888888888888
tile:xla,test,8cf99ce519d3c8b4caf7f4193c8274eb,hashed_graph_id,4,36,40,1.1111111111111112
tile:xla,test,8d9ba474b677ef84eee09878e3155226,hashed_graph_id,60,20,20,1.0
tile:xla,test,8dafb2e8adce1d0ce8366daf52def9e9,hashed_graph_id,4604,38,38,1.0
tile:xla,test,8de95aee9d9ac349c898999c6504fb00,hashed_graph_id,642,65,70,1.0769230769230769
tile:xla,test,8ea39f55cabc476a27e1e30ab390a525,hashed_graph_id,21,21,21,1.0
tile:xla,test,8ed2d58bfa93e8e89028647ea7e477a1,hashed_graph_id,739,32,33,1.03125
tile:xla,test,8fdfa4e9964fd267d5864d0de8400c62,hashed_graph_id,273,28,27,0.9642857142857143
tile:xla,test,900b68aa1a7a1352d09d0cd64b4f9a39,hashed_graph_id,79,37,37,1.0
tile:xla,test,9055b70355bc18f07e0594828c1d39e8,hashed_graph_id,1207,20,23,1.15
tile:xla,test,906f61c6ad3258e3f658150c98eaec94,hashed_graph_id,103,9,8,0.8888888888888888
tile:xla,test,907ee1ff31d24deb77fc84fbfd1bf63e,hashed_graph_id,25,2,1,0.5
tile:xla,test,90a41de3216240f4320e842543305f33,hashed_graph_id,939,12,11,0.9166666666666666
tile:xla,test,91074eefd687a46b687fd56c7d10c0c3,hashed_graph_id,9,9,8,0.8888888888888888
tile:xla,test,922907c62f0d68f0da5ed5406543440c,hashed_graph_id,150,38,38,1.0
tile:xla,test,93050017eafe63d8b11641eb99fcbec2,hashed_graph_id,1253,82,86,1.048780487804878
tile:xla,test,934a554ba61f1414c5de6fc0a8d11807,hashed_graph_id,528,19,18,0.9473684210526315
tile:xla,test,93e2a0c7215723f0e009b40498d82b3a,hashed_graph_id,897,25,24,0.96
tile:xla,test,942b89596c2757054f782393dbb56518,hashed_graph_id,52,36,41,1.1388888888888888
tile:xla,test,94e2e55ed352cf35e8a0ef24d873f238,hashed_graph_id,9990,42,45,1.0714285714285714
tile:xla,test,955af1868ce979a2bd525d93cf14c6ba,hashed_graph_id,779,21,21,1.0
tile:xla,test,95b2e58419b293908165333a66e34fdd,hashed_graph_id,6,36,40,1.1111111111111112
tile:xla,test,95c97d735de61a22ee477155ed93e3c6,hashed_graph_id,6,7,6,0.8571428571428571
tile:xla,test,967b49200d7a075ff3e250d4d9e11928,hashed_graph_id,3019,78,77,0.9871794871794872
tile:xla,test,967f7a5825dc70155c665e60c593a993,hashed_graph_id,3027,49,48,0.9795918367346939
tile:xla,test,97b65df736418c04a83a476e392c8140,hashed_graph_id,161,18,18,1.0
tile:xla,test,97fa518eac5aa56d856a44b79d5f3b29,hashed_graph_id,7231,18,17,0.9444444444444444
tile:xla,test,98059b6e824f9022bed9dac12ecd0a08,hashed_graph_id,268,35,34,0.9714285714285714
tile:xla,test,980d8931930aec54a406a9baaf858849,hashed_graph_id,234,37,38,1.027027027027027
tile:xla,test,9846acac50adb73e14290c9a37a5e1d7,hashed_graph_id,873,38,37,0.9736842105263158
tile:xla,test,98c7dea3cd583b24eed321d1c02f7739,hashed_graph_id,402,31,31,1.0
tile:xla,test,996ef17ef372d90df0d8ae78a8f77410,hashed_graph_id,8,9,8,0.8888888888888888
tile:xla,test,99bc31d868c8b3382840042d7b1c5f8c,hashed_graph_id,1426,62,64,1.032258064516129
tile:xla,test,99d149bb28782835548a62b2a86b17e9,hashed_graph_id,1371,65,70,1.0769230769230769
tile:xla,test,99ed6eb16a64c1d145c339968e47d0bb,hashed_graph_id,566,35,34,0.9714285714285714
tile:xla,test,9a9bf922b7be5e80717ce19167207638,hashed_graph_id,184,52,61,1.1730769230769231
tile:xla,test,9b7b974f6dc09c4457068c900e2fa3a0,hashed_graph_id,52,21,21,1.0
tile:xla,test,9c769884777d040bcbcf40f73f78c774,hashed_graph_id,687,43,49,1.1395348837209303
tile:xla,test,9d52b2ca6de28f497f6a630e01b4d116,hashed_graph_id,174,43,42,0.9767441860465116
tile:xla,test,9dafb4a352a430a02926dd7c9fe0b6cd,hashed_graph_id,1240,66,76,1.1515151515151516
tile:xla,test,9e415e5c28d02523eff60d25ed59ce3c,hashed_graph_id,912,61,61,1.0
tile:xla,test,9e70856e418eebb3e94aeff0804e911e,hashed_graph_id,85,37,38,1.027027027027027
tile:xla,test,9eb3d4f48e2eefc2d39d0abaaff46c49,hashed_graph_id,4,36,40,1.1111111111111112
tile:xla,test,9ebffcaed2795295fd669970f0bc648c,hashed_graph_id,142,65,70,1.0769230769230769
tile:xla,test,9ef6a7735eae7a5396773f0044bf1c62,hashed_graph_id,2453,76,83,1.0921052631578947
tile:xla,test,9f1bf5d6db6cf725b7ffe5c2ea18fa3a,hashed_graph_id,234,9,8,0.8888888888888888
tile:xla,test,9f52d6e5542686eb2a3df970aea81da0,hashed_graph_id,166,19,25,1.3157894736842106
tile:xla,test,9f559c21d3f2905ca17296b973614532,hashed_graph_id,1554,42,45,1.0714285714285714
tile:xla,test,9f7552f1856132b6fdb9675910825d31,hashed_graph_id,5,34,33,0.9705882352941176
tile:xla,test,9f96ec16f6a1e1ab92f7fc38e4e59b39,hashed_graph_id,434,43,49,1.1395348837209303
tile:xla,test,9faa8485d155ec0565f779f0e3df95c2,hashed_graph_id,171,76,86,1.131578947368421
tile:xla,test,9ff11062d34fc188ea87b7085a3dc99d,hashed_graph_id,138,15,14,0.9333333333333333
tile:xla,test,9fff30d7a7f5c57c7014d78e9c9bb3b8,hashed_graph_id,224,83,92,1.108433734939759
tile:xla,test,a070f890943003949c3d8797aa65a2ee,hashed_graph_id,521,14,13,0.9285714285714286
tile:xla,test,a08bad466e7b6dfe935e9ca736edd5a9,hashed_graph_id,92,26,26,1.0
tile:xla,test,a1f78a087fa7c4a110d9cb96f3a7272a,hashed_graph_id,100,25,26,1.04
tile:xla,test,a2020b67702fea7fa42a26539196cc72,hashed_graph_id,30,28,27,0.9642857142857143
tile:xla,test,a2441be1d862f18080942919de566bc7,hashed_graph_id,531,13,12,0.9230769230769231
tile:xla,test,a2abe17f7a71157034308d7802792cba,hashed_graph_id,79,9,8,0.8888888888888888
tile:xla,test,a339a67fb37faed0626a6e92c906ccc7,hashed_graph_id,139,57,58,1.0175438596491229
tile:xla,test,a38c32da3dc28def07be07e7a66c9d4f,hashed_graph_id,1451,45,44,0.9777777777777777
tile:xla,test,a3a3eb00797bf84b8deb3f89e21dd028,hashed_graph_id,26,28,27,0.9642857142857143
tile:xla,test,a3b204197115e9f824acb95a43d9a882,hashed_graph_id,743,19,19,1.0
tile:xla,test,a3b933c13198ac7aa69c06c39d2441bb,hashed_graph_id,159,55,57,1.0363636363636364
tile:xla,test,a4a9959060067a0fc35588940915f610,hashed_graph_id,22,2,1,0.5
tile:xla,test,a58c3daa252459bbd7ce93bc8d626612,hashed_graph_id,71,47,50,1.0638297872340425
tile:xla,test,a60824d7bc2507d903f1bd11c1f61dbe,hashed_graph_id,130,65,77,1.1846153846153846
tile:xla,test,a65e9dec44492a7099775bcd53e27792,hashed_graph_id,1615,43,49,1.1395348837209303
tile:xla,test,a68d1cd7d56443303a1038aeb0d842b2,hashed_graph_id,122,43,49,1.1395348837209303
tile:xla,test,a694aaa6e3feb7fd7ed86d93f0960827,hashed_graph_id,55,2,1,0.5
tile:xla,test,a6ebbfabb83ec9ccf64c632884545dc0,hashed_graph_id,4051,94,97,1.0319148936170213
tile:xla,test,a72b5eb39ca70e33ff4d77e2d0c51fa3,hashed_graph_id,9639,71,70,0.9859154929577465
tile:xla,test,a74b3f7309f2f480711d94204d5cf9be,hashed_graph_id,2803,20,23,1.15
tile:xla,test,a7f86c796a54a827bdb393b0149f4a87,hashed_graph_id,382,65,70,1.0769230769230769
tile:xla,test,a80fee40068602fce8f0edf6f1c1e4db,hashed_graph_id,148,45,44,0.9777777777777777
tile:xla,test,a856e8559a0f3f1e920c4841a36aab0c,hashed_graph_id,87,21,21,1.0
tile:xla,test,a89510ad2f084c85f0976a8801c9fa8e,hashed_graph_id,486,2,1,0.5
tile:xla,test,a9ab1ac30e2be1ed9a69c3ff00e79a32,hashed_graph_id,1000,57,57,1.0
tile:xla,test,aa2ab2ba25c2fca961dd190168b425bc,hashed_graph_id,9993,32,33,1.03125
tile:xla,test,aaafec35b0250e74b8400eb471d07161,hashed_graph_id,251,56,57,1.0178571428571428
tile:xla,test,ab22752fd02dd600c4dc75b263420b01,hashed_graph_id,194,57,58,1.0175438596491229
tile:xla,test,ac2bdcac6082ed41c1a5ece30358de2c,hashed_graph_id,512,72,75,1.0416666666666667
tile:xla,test,ac33f086b29e0026af2a63efc3c703d1,hashed_graph_id,8,36,40,1.1111111111111112
tile:xla,test,ac34c84493ed8473ec872f70d611bcf7,hashed_graph_id,2975,30,30,1.0
tile:xla,test,ac3e48c340756d24d8881e1688f1160c,hashed_graph_id,57,13,12,0.9230769230769231
tile:xla,test,acf2a9dd57dcf87bc7c219c016cdc476,hashed_graph_id,1000,57,57,1.0
tile:xla,test,ad0aa866d2490b504afdcc09b9020ff4,hashed_graph_id,1702,60,62,1.0333333333333334
tile:xla,test,ad5cc33e98e8da70c6a1f4bdb21a9106,hashed_graph_id,676,76,83,1.0921052631578947
tile:xla,test,adec0b0972a34faf87d0976694b24fec,hashed_graph_id,113,14,13,0.9285714285714286
tile:xla,test,ae7763d5cea2fb9abb3f648f86389a6a,hashed_graph_id,9705,70,76,1.0857142857142856
tile:xla,test,af07cb670053b70eeceb38332264e164,hashed_graph_id,30,35,34,0.9714285714285714
tile:xla,test,af07e4d2bae8a0f60b49bcedba9037f7,hashed_graph_id,408,18,18,1.0
tile:xla,test,af3301c408c3796f396d36ed9fc479f4,hashed_graph_id,9997,42,41,0.9761904761904762
tile:xla,test,af936049d568cbb7490a750b0c070bc8,hashed_graph_id,100,26,26,1.0
tile:xla,test,afb7c615db1c81f7095dc59b73a74ca4,hashed_graph_id,190,10,10,1.0
tile:xla,test,b0086206e751b97cb30f917dbba2b290,hashed_graph_id,1349,73,80,1.095890410958904
tile:xla,test,b023afa24f99d7b0f98bec000d507d01,hashed_graph_id,182,23,23,1.0
tile:xla,test,b02682dd87ef664e340e7809e7c7f93a,hashed_graph_id,2970,49,48,0.9795918367346939
tile:xla,test,b08cfe185bae21b59638bdf9079ebf7a,hashed_graph_id,1249,94,97,1.0319148936170213
tile:xla,test,b095cbf276fea5b19b40f6fa80f2fc11,hashed_graph_id,1563,55,55,1.0
tile:xla,test,b09ca10a12dd0e864a63f3ebba4d60b0,hashed_graph_id,999,57,57,1.0
tile:xla,test,b0a807279b5af4edefd0fd3cbf485239,hashed_graph_id,151,19,19,1.0
tile:xla,test,b101ad1302f3650f58e7344a420274cb,hashed_graph_id,5,7,6,0.8571428571428571
tile:xla,test,b142ffd634610ac01d92a047cf50fa65,hashed_graph_id,138,55,54,0.9818181818181818
tile:xla,test,b1666c3dc6fb81b84c92b980347ee66c,hashed_graph_id,210,41,41,1.0
tile:xla,test,b16cf8eb7fcabdece2eca493eb3625f1,hashed_graph_id,6,11,11,1.0
tile:xla,test,b1fe4b41e447a71c0d2bfcb4fbae2fc4,hashed_graph_id,190,9,8,0.8888888888888888
tile:xla,test,b21898236867eece409f10ad0f3f18b4,hashed_graph_id,9992,73,80,1.095890410958904
tile:xla,test,b24907bb44edf57384548d9059c8d82a,hashed_graph_id,3,28,29,1.0357142857142858
tile:xla,test,b276fe6d8f8810e920a9b039698ce748,hashed_graph_id,5,36,40,1.1111111111111112
tile:xla,test,b2f4973ab72d2b15cefd50009a0b692f,hashed_graph_id,521,21,21,1.0
tile:xla,test,b33abc6bdac6068f71711aa602e2e67e,hashed_graph_id,1365,72,75,1.0416666666666667
tile:xla,test,b4303546f0cfa498ba93029bd9b235b9,hashed_graph_id,60,36,37,1.0277777777777777
tile:xla,test,b44fad89ffe878b16a8b6f27e1c3ea1f,hashed_graph_id,530,29,29,1.0
tile:xla,test,b4a2f8653d184c1f918e3be701e8021d,hashed_graph_id,85,61,61,1.0
tile:xla,test,b5101376526cb241adfaba41f4063be9,hashed_graph_id,632,2,1,0.5
tile:xla,test,b52fa4fa11d4f675d8c3f44fe582f7a5,hashed_graph_id,7430,29,28,0.9655172413793104
tile:xla,test,b56b06085f6052f818d704d1eaa1684b,hashed_graph_id,156,31,31,1.0
tile:xla,test,b5ec50fb45dc65312dfdcc50784198b8,hashed_graph_id,162,45,44,0.9777777777777777
tile:xla,test,b61b50a643904f4fd8186bdff541e3cf,hashed_graph_id,3,16,15,0.9375
tile:xla,test,b66dc61854e690e7904616ef0e85d383,hashed_graph_id,779,94,97,1.0319148936170213
tile:xla,test,b6c31deaf5153f25a6a3143f12f165cb,hashed_graph_id,558,62,64,1.032258064516129
tile:xla,test,b6cff31be02038b09c26e792bb42f156,hashed_graph_id,25,2,1,0.5
tile:xla,test,b752e1283debc25ab668bd5b7646d304,hashed_graph_id,161,55,57,1.0363636363636364
tile:xla,test,b802a117bd5df5a7825e5c6775c48846,hashed_graph_id,1331,40,41,1.025
tile:xla,test,b85fb3fc0b72d8c4b22df53babbebe29,hashed_graph_id,352,56,67,1.1964285714285714
tile:xla,test,b8dddaff79ecc1c67165ca66153d885d,hashed_graph_id,129,27,29,1.0740740740740742
tile:xla,test,b908ca9df7ef7ceacdf3ddb444e93d47,hashed_graph_id,929,53,52,0.9811320754716981
tile:xla,test,b925fc933ca916eafc9070efffea8cba,hashed_graph_id,52,14,13,0.9285714285714286
tile:xla,test,b9294496e0c00ae8fd31b349ed7de19e,hashed_graph_id,960,43,42,0.9767441860465116
tile:xla,test,b986bc6f7ce4a519c6b0dbc722525308,hashed_graph_id,385,12,11,0.9166666666666666
tile:xla,test,b9eb5e508e84886eb22e8f0426983889,hashed_graph_id,3,36,40,1.1111111111111112
tile:xla,test,b9f728775791fb7e622a847ef6c121c3,hashed_graph_id,1694,72,75,1.0416666666666667
tile:xla,test,ba5c3c76a227dd7a5e5e409455f104ff,hashed_graph_id,2647,70,76,1.0857142857142856
tile:xla,test,bacd93421df104c12a24ea7d4468a114,hashed_graph_id,1206,32,31,0.96875
tile:xla,test,bb2ae684154d4c02b00b7e61393381b6,hashed_graph_id,3,20,19,0.95
tile:xla,test,bc195557ccffd5150772444ba58eebdd,hashed_graph_id,103,2,1,0.5
tile:xla,test,bc525ead0923ddec0b3bedf0ff43f670,hashed_graph_id,235,25,26,1.04
tile:xla,test,bc9114e341a14fd8ac6518d0075a7258,hashed_graph_id,1138,22,21,0.9545454545454546
tile:xla,test,bcdf668600d72fca99a9140e6d0eea14,hashed_graph_id,268,68,80,1.1764705882352942
tile:xla,test,bcecd96dc41e46e3e81fb183f33b1a20,hashed_graph_id,1581,58,59,1.0172413793103448
tile:xla,test,bcfc1356eb457cba02bda1a29684fbf3,hashed_graph_id,8,7,6,0.8571428571428571
tile:xla,test,be956238ab0410a8e0445090a88c2170,hashed_graph_id,30,19,18,0.9473684210526315
tile:xla,test,bf70385fa2180ae3bdcb1bf7fb6d660e,hashed_graph_id,9,9,8,0.8888888888888888
tile:xla,test,bfb7199f117122f75fbb1c31d2dd5741,hashed_graph_id,177,24,24,1.0
tile:xla,test,c014170031fd72d4c5f15bc3e9207770,hashed_graph_id,177,38,37,0.9736842105263158
tile:xla,test,c045d006aacbc85138e062a6c42ce6e5,hashed_graph_id,523,13,12,0.9230769230769231
tile:xla,test,c04e5ac7da7903fb5719e11b07ddbddc,hashed_graph_id,2774,49,48,0.9795918367346939
tile:xla,test,c07bdc0db6fab4f2daafe95f39153f77,hashed_graph_id,692,21,21,1.0
tile:xla,test,c166245d156bde1c8d06c0d45f697166,hashed_graph_id,62,2,1,0.5
tile:xla,test,c184ffde718be11af1ee1a2c412402f2,hashed_graph_id,1405,63,65,1.0317460317460319
tile:xla,test,c1c6537c52c72f6fc0b3f1bf736d6e50,hashed_graph_id,20,28,27,0.9642857142857143
tile:xla,test,c3888e2e4e233a220b5826748e9f2779,hashed_graph_id,385,25,26,1.04
tile:xla,test,c3aa9b342a39adf1575eb196f63f344a,hashed_graph_id,8992,32,33,1.03125
tile:xla,test,c3f8390f45fc6825b1ac5a203638f765,hashed_graph_id,55,7,6,0.8571428571428571
tile:xla,test,c4456828c54d4a318fa5b94ea5b3b305,hashed_graph_id,100,19,18,0.9473684210526315
tile:xla,test,c4ad8860490786bb585d04e4dc37778d,hashed_graph_id,557,46,45,0.9782608695652174
tile:xla,test,c518d0dd8a323ba7feb6868bce3b657c,hashed_graph_id,46,12,11,0.9166666666666666
tile:xla,test,c56ccd6b3d06b2eac20c2c3c40922ac1,hashed_graph_id,1941,14,13,0.9285714285714286
tile:xla,test,c5a94893723e87e0810192aebbfd0101,hashed_graph_id,521,7,8,1.1428571428571428
tile:xla,test,c63223de16ff2c8a19868b127c73ea40,hashed_graph_id,269,47,48,1.0212765957446808
tile:xla,test,c6552722f364b08cf897534e4328de5e,hashed_graph_id,1351,73,80,1.095890410958904
tile:xla,test,c65647c4099f73119530bbb0dc75be0a,hashed_graph_id,986,19,19,1.0
tile:xla,test,c66bd990791f6ba6515fbc517a061726,hashed_graph_id,871,12,11,0.9166666666666666
tile:xla,test,c68309d96f81132a1f139bf8e5594146,hashed_graph_id,532,6,6,1.0
tile:xla,test,c69e8677470ed90393dd00cb5a409863,hashed_graph_id,8,11,11,1.0
tile:xla,test,c6f441991594e52cbc8c8bd43d599945,hashed_graph_id,6,11,11,1.0
tile:xla,test,c7271b95855d13f6c769257eea20ee99,hashed_graph_id,1615,41,42,1.024390243902439
tile:xla,test,c7e7e9d17a000e73a1814f6408ba034b,hashed_graph_id,67,32,32,1.0
tile:xla,test,c82d6bc7a3ad0478831629eba3c72fda,hashed_graph_id,18,9,8,0.8888888888888888
tile:xla,test,c857310ce70be940aec46dc2e64f7e0c,hashed_graph_id,513,28,27,0.9642857142857143
tile:xla,test,c8610f74e80e03de57a8f0dbd0ee1bbb,hashed_graph_id,3082,80,87,1.0875
tile:xla,test,c884d2e82eb54a11b3307bc86b935b28,hashed_graph_id,241,78,87,1.1153846153846154
tile:xla,test,c8f9d0e212f3a4dd88a117ea15ebb0dd,hashed_graph_id,1341,71,70,0.9859154929577465
tile:xla,test,c9ba6a78caad380bf5a39eaf301c3b07,hashed_graph_id,487,2,1,0.5
tile:xla,test,c9cfe8c2d565c22b54476e118263db60,hashed_graph_id,807,35,40,1.1428571428571428
tile:xla,test,ca1ebd1f9c32e17f643bc1969b64150f,hashed_graph_id,836,53,52,0.9811320754716981
tile:xla,test,ca7d53ef4fe48767c43440b030983536,hashed_graph_id,2589,32,33,1.03125
tile:xla,test,ca9db0281e9eab6b6312ff550434b199,hashed_graph_id,44,43,49,1.1395348837209303
tile:xla,test,cae21bd1b9577d9036ccbf71763e9a6b,hashed_graph_id,8034,29,28,0.9655172413793104
tile:xla,test,cae813078db0ec3d1e670dfd79461978,hashed_graph_id,405,13,12,0.9230769230769231
tile:xla,test,cb581f3c58aaed7a0202b93452649da7,hashed_graph_id,87,21,21,1.0
tile:xla,test,cb6fcb7e4d191997196e1fed5bda237f,hashed_graph_id,1105,43,49,1.1395348837209303
tile:xla,test,cb7db25dc0d28d7cb6e87bfcfb70ea4b,hashed_graph_id,159,62,64,1.032258064516129
tile:xla,test,cb9637ff9dacbd50ffac1efb6f6dbf2e,hashed_graph_id,355,12,11,0.9166666666666666
tile:xla,test,cba478ffcacf650b0efd981ef5231f4a,hashed_graph_id,228,38,38,1.0
tile:xla,test,cbb8850daa464f4cf8c283ae19852527,hashed_graph_id,162,25,25,1.0
tile:xla,test,cc5e781ed2aac1fe0c5dc33cf0150088,hashed_graph_id,5,37,37,1.0
tile:xla,test,ccb67f40decf5925c6aeb4b618fbe5f6,hashed_graph_id,81,59,61,1.0338983050847457
tile:xla,test,ccd24fe8669e435d9ec62b0e0c880e4d,hashed_graph_id,140,47,50,1.0638297872340425
tile:xla,test,cd26724451b9683f844d26eec16be93f,hashed_graph_id,91,68,71,1.0441176470588236
tile:xla,test,cd27888d0f3364546bf6341d20ba47ac,hashed_graph_id,162,55,54,0.9818181818181818
tile:xla,test,cd4844bf58a646532713937879b42859,hashed_graph_id,39,43,49,1.1395348837209303
tile:xla,test,cd5641b29354d90e106823b25db6dcef,hashed_graph_id,672,43,43,1.0
tile:xla,test,cd62bd589ea44f61b6f96edfa58feeb5,hashed_graph_id,1426,55,57,1.0363636363636364
tile:xla,test,cdd94c01b4dbb987f4ba6d670bd3c821,hashed_graph_id,1013,61,61,1.0
tile:xla,test,ce4b0c7efded102c8c9ba54ebd21d36a,hashed_graph_id,32,2,1,0.5
tile:xla,test,ced7300f8e92b02e455adcdd6a05e02e,hashed_graph_id,99,13,12,0.9230769230769231
tile:xla,test,cf4e8d1395820ad462a2688bf55ce519,hashed_graph_id,274,8,7,0.875
tile:xla,test,cf687a3e89fbed2e50f862089481d322,hashed_graph_id,2,28,29,1.0357142857142858
tile:xla,test,cf6ece46750de6d8a4b4b40f27126117,hashed_graph_id,6,11,11,1.0
tile:xla,test,cf9cbefd4b92d81944f16d29b5c64f49,hashed_graph_id,939,12,11,0.9166666666666666
tile:xla,test,cfb953e49f6a3b8f0e407b6a5583e0db,hashed_graph_id,1047,76,86,1.131578947368421
tile:xla,test,cfb9e98222495f86bb1ca7ce72c9188b,hashed_graph_id,5150,73,80,1.095890410958904
tile:xla,test,cff1f1edf3d1cef28fae6479907b6b68,hashed_graph_id,1073,30,29,0.9666666666666667
tile:xla,test,d0658f5d4ffe63d75b9974f1e407cc72,hashed_graph_id,9691,43,42,0.9767441860465116
tile:xla,test,d0a69155b6340748c36724e4bfc34be3,hashed_graph_id,1085,70,70,1.0
tile:xla,test,d100408031d0037a6e4c4332983a82e5,hashed_graph_id,82,31,31,1.0
tile:xla,test,d16f006bee2cfda57b60072e08322c59,hashed_graph_id,76,18,18,1.0
tile:xla,test,d29208d29e13f0e16104486a9dbc71f9,hashed_graph_id,4915,42,45,1.0714285714285714
tile:xla,test,d2e4b7f548f5000adabc414e8e5ede80,hashed_graph_id,910,12,11,0.9166666666666666
tile:xla,test,d2eaf8a46bd1cee5196a3bceb87750de,hashed_graph_id,151,62,64,1.032258064516129
tile:xla,test,d2ee32465df7d5c0574d62707400e291,hashed_graph_id,23,2,1,0.5
tile:xla,test,d35abe5d56de34855605109e27dac0b0,hashed_graph_id,917,73,80,1.095890410958904
tile:xla,test,d3641f84acf005e7ac6e76237b78962d,hashed_graph_id,3996,57,57,1.0
tile:xla,test,d3b0dd7eff2e9807e3584deb1a20763b,hashed_graph_id,929,45,44,0.9777777777777777
tile:xla,test,d3cfca733784b40206264090c1163c0d,hashed_graph_id,4378,20,23,1.15
tile:xla,test,d45a74a4bed2974edcec64568d02c1b8,hashed_graph_id,1301,37,38,1.027027027027027
tile:xla,test,d4e5815854c11719ea914bf791c94fea,hashed_graph_id,2378,42,45,1.0714285714285714
tile:xla,test,d537f7f6ba665b594a45737bdb5f2935,hashed_graph_id,1945,76,83,1.0921052631578947
tile:xla,test,d53fab84029143a8030db66f8a611aaf,hashed_graph_id,1599,38,38,1.0
tile:xla,test,d57c64790b1aa665dacb85b5c661844e,hashed_graph_id,24,2,1,0.5
tile:xla,test,d58ebbf05cbe69c64da650ad3f59ca33,hashed_graph_id,1661,20,23,1.15
tile:xla,test,d61af94f6eb9700f222b47405afa372c,hashed_graph_id,2489,94,97,1.0319148936170213
tile:xla,test,d674484b07dd75b9fb7cec69ffcb83c3,hashed_graph_id,440,2,1,0.5
tile:xla,test,d694a9546041911e7011bdf984dee3e8,hashed_graph_id,268,35,34,0.9714285714285714
tile:xla,test,d6f5f54247bd1e58a10b9e7062c636ab,hashed_graph_id,25,2,1,0.5
tile:xla,test,d700a8ca28a5904ea8649116e7e6df12,hashed_graph_id,945,72,75,1.0416666666666667
tile:xla,test,d704598eb9101cd14d352b4edd462155,hashed_graph_id,41,7,6,0.8571428571428571
tile:xla,test,d71d8c64fcf607c8350ec20199cd42a3,hashed_graph_id,4594,42,45,1.0714285714285714
tile:xla,test,d7319340546a2feb855eb43a5eca512c,hashed_graph_id,8991,32,33,1.03125
tile:xla,test,d808bfc70bbedc6be8ceaa95ff340003,hashed_graph_id,1150,29,29,1.0
tile:xla,test,d80e888a384ce369b4f69f5d10e100f1,hashed_graph_id,7231,29,28,0.9655172413793104
tile:xla,test,d83c54f1ddce07a9e62eca02272cf729,hashed_graph_id,1193,76,83,1.0921052631578947
tile:xla,test,d947947a1d917b9f8e413c7bbaee70d5,hashed_graph_id,54,32,36,1.125
tile:xla,test,da30568fca09011c82b8e27afa0fab17,hashed_graph_id,608,76,83,1.0921052631578947
tile:xla,test,da4ed05f76130320d8fbf648eb00a4a7,hashed_graph_id,2775,39,42,1.0769230769230769
tile:xla,test,da98893151bc1b4537de652cff81e34b,hashed_graph_id,855,43,49,1.1395348837209303
tile:xla,test,dad59ea6c5963340aa6f1c9a66a6fe16,hashed_graph_id,20,35,34,0.9714285714285714
tile:xla,test,daf825f7ad5126a9e17b80c78d824ddb,hashed_graph_id,1244,65,70,1.0769230769230769
tile:xla,test,db5191a9c6293f03921ddcee4011727f,hashed_graph_id,100,12,14,1.1666666666666667
tile:xla,test,db5d2a60c4333366ba138d063db62f99,hashed_graph_id,417,65,70,1.0769230769230769
tile:xla,test,dc00f764d094bd1bd0311882c2d7a06e,hashed_graph_id,30,13,12,0.9230769230769231
tile:xla,test,dc225ff8bdc136704fa674082fe72739,hashed_graph_id,385,19,18,0.9473684210526315
tile:xla,test,dc466422d51f4fe6c42d12c50d8dae25,hashed_graph_id,80,46,54,1.173913043478261
tile:xla,test,dc5a6fa7e56de7efa5a682d05f32b31c,hashed_graph_id,32,2,1,0.5
tile:xla,test,dc5a8dd0bb014e55006998fe0f59ffa4,hashed_graph_id,87,14,13,0.9285714285714286
tile:xla,test,dd532db07b77799c73fb16492296cd11,hashed_graph_id,1541,72,75,1.0416666666666667
tile:xla,test,dd9f44b4701d0b1474cd0b557bb44e7b,hashed_graph_id,1435,20,23,1.15
tile:xla,test,ddc1aaf828be051f5bc8dc263c74e793,hashed_graph_id,531,13,12,0.9230769230769231
tile:xla,test,de39ff36de57134c47734b558555ec3f,hashed_graph_id,195,38,38,1.0
tile:xla,test,de5c1892cac311e2bc844c130b700fd0,hashed_graph_id,112,38,41,1.0789473684210527
tile:xla,test,df49d98b451e1cb395d3ce4dbd9ed896,hashed_graph_id,1306,45,44,0.9777777777777777
tile:xla,test,df5c839218f280f2c600276141e5ef4a,hashed_graph_id,5,36,40,1.1111111111111112
tile:xla,test,dfbb3d29f1f25805acfcfd3517fd1b01,hashed_graph_id,4991,71,70,0.9859154929577465
tile:xla,test,e050eca4ac71d31970d687daa906972a,hashed_graph_id,2477,73,80,1.095890410958904
tile:xla,test,e0a7a62a1ed97c49ec2279b17b44b382,hashed_graph_id,1327,66,67,1.0151515151515151
tile:xla,test,e13cf33f418ca78bae11fb69888894b7,hashed_graph_id,164,9,8,0.8888888888888888
tile:xla,test,e17ee291af2a690e8d91733213873970,hashed_graph_id,1471,66,67,1.0151515151515151
tile:xla,test,e1ac69bf052406387963d7d6cdc7e25c,hashed_graph_id,1299,64,63,0.984375
tile:xla,test,e1f8d7a86294d6d30cefd92d89e059b4,hashed_graph_id,5160,102,108,1.0588235294117647
tile:xla,test,e26a3f14db8654f8cc88ed40fa9ae9f0,hashed_graph_id,9976,71,70,0.9859154929577465
tile:xla,test,e27be1eb9a7a95271d8b1f57b40d7f57,hashed_graph_id,756,20,23,1.15
tile:xla,test,e282f82561fbae8f7e12cdd4bb5f6295,hashed_graph_id,7488,30,32,1.0666666666666667
tile:xla,test,e2aee5fea14fab7c69555fefc339f0ee,hashed_graph_id,22,2,1,0.5
tile:xla,test,e2b3c904deebf04573bd85ddfe7e9d30,hashed_graph_id,164,9,8,0.8888888888888888
tile:xla,test,e2c32ee7272e8d3a73a9188d73303b57,hashed_graph_id,162,37,38,1.027027027027027
tile:xla,test,e2edc5d52b48b62fe81a5e8f3c54b7e3,hashed_graph_id,355,25,25,1.0
tile:xla,test,e3117179f15a429d88cbaf543b59bfca,hashed_graph_id,1609,34,33,0.9705882352941176
tile:xla,test,e36cacfb34bf1cce56654c8ee9b26d21,hashed_graph_id,827,19,19,1.0
tile:xla,test,e3a655daa38e34ec240df959b650ac16,hashed_graph_id,1306,55,54,0.9818181818181818
tile:xla,test,e3b94a3e5b091cf8c6a54563005d2791,hashed_graph_id,103,9,8,0.8888888888888888
tile:xla,test,e40851753deff6fae17ab961fc548750,hashed_graph_id,1322,70,70,1.0
tile:xla,test,e4240cf4a9725a8e5961af18fad91613,hashed_graph_id,3243,49,48,0.9795918367346939
tile:xla,test,e447940be23e00e40fe51936f5f43bca,hashed_graph_id,30,19,18,0.9473684210526315
tile:xla,test,e4e564e496dd16ca0403a399f061d789,hashed_graph_id,38,20,19,0.95
tile:xla,test,e5436068a3dde90c06a776f079cabbb3,hashed_graph_id,9998,52,51,0.9807692307692307
tile:xla,test,e57ea8e3b2e3a809b55703b719d28703,hashed_graph_id,3269,43,42,0.9767441860465116
tile:xla,test,e5ad8683c4ab005b199acbcd999f6ade,hashed_graph_id,9990,73,80,1.095890410958904
tile:xla,test,e66e236ccfa70ffe8c9f1d90f5663f97,hashed_graph_id,8999,57,57,1.0
tile:xla,test,e67ae08f0e8d54d1a32ec54228d75607,hashed_graph_id,3,23,22,0.9565217391304348
tile:xla,test,e6b01e72a731dc85c54460fa4ac2e275,hashed_graph_id,1532,60,62,1.0333333333333334
tile:xla,test,e6d20793c14c87535c897bc1cf016ec1,hashed_graph_id,25,2,1,0.5
tile:xla,test,e6da51470c9da95b3792a2cb9026dd68,hashed_graph_id,62,19,19,1.0
tile:xla,test,e747a8cea136feb3af97b9c14cb91ade,hashed_graph_id,139,38,38,1.0
tile:xla,test,e751a80a29b63b06c0752c02e3d044d4,hashed_graph_id,897,39,43,1.1025641025641026
tile:xla,test,e7889a813951ddd55314d62b4fcb410a,hashed_graph_id,910,15,14,0.9333333333333333
tile:xla,test,e78946980cbec5197d73457106391614,hashed_graph_id,8034,18,17,0.9444444444444444
tile:xla,test,e7b61b14387252e36dd3e7ac209b96b0,hashed_graph_id,523,65,75,1.1538461538461537
tile:xla,test,e7cb2308ebda53a05beade19d82d21fa,hashed_graph_id,510,35,34,0.9714285714285714
tile:xla,test,e82c46ac21a9c8210bd36c3ee920583a,hashed_graph_id,5,11,11,1.0
tile:xla,test,e879270aa942769b17c0a9c903e540ca,hashed_graph_id,660,29,29,1.0
tile:xla,test,e8c9ecaa6a2fa7146102ac35eb1e39ce,hashed_graph_id,55,2,1,0.5
tile:xla,test,e8f82a9e2a1c0586cf3e9b919bec7df2,hashed_graph_id,7231,18,17,0.9444444444444444
tile:xla,test,e92690fccc3e5f494d8188182254221e,hashed_graph_id,2887,71,70,0.9859154929577465
tile:xla,test,e9c514d8ef4d0820ee3b22e218cd0cb4,hashed_graph_id,1890,71,80,1.1267605633802817
tile:xla,test,e9c880dbd01a67cc44ffb249bdf056a6,hashed_graph_id,7909,12,11,0.9166666666666666
tile:xla,test,e9dd8660b77d05e83592654fe8e6ce3d,hashed_graph_id,1917,72,75,1.0416666666666667
tile:xla,test,ea535c45858fc6a6d144c7aee1286764,hashed_graph_id,151,55,57,1.0363636363636364
tile:xla,test,eb3e9ebf19409c5a229a279855e53710,hashed_graph_id,278,49,48,0.9795918367346939
tile:xla,test,ebd5d766ac8f299ba747f6e902467c99,hashed_graph_id,6,36,40,1.1111111111111112
tile:xla,test,ec600a2dfd408b7f367c14162eac289b,hashed_graph_id,602,37,38,1.027027027027027
tile:xla,test,ec71383eb5a7236c74c76082e023648b,hashed_graph_id,9994,57,57,1.0
tile:xla,test,ed01d84d08ec1bb875d17790eadb3d41,hashed_graph_id,7528,30,33,1.1
tile:xla,test,ed419099218a75da4326930bb8f51bf8,hashed_graph_id,520,13,12,0.9230769230769231
tile:xla,test,ed9eb04a4b0dfa5e698aa948a2ebc6d2,hashed_graph_id,273,28,27,0.9642857142857143
tile:xla,test,ede59ec3e9623ae136bd398f2ff60873,hashed_graph_id,3794,49,48,0.9795918367346939
tile:xla,test,ee34e5913deecf4f545d7022c549ca1e,hashed_graph_id,7,36,40,1.1111111111111112
tile:xla,test,ee69241cd985c70b9f501b52f2faa93b,hashed_graph_id,631,21,24,1.1428571428571428
tile:xla,test,eef6e42d97e96e5bb44f88f7a1e69e7f,hashed_graph_id,148,55,54,0.9818181818181818
tile:xla,test,eefda5999f3cb151023fd6e3ca579f5b,hashed_graph_id,1653,39,39,1.0
tile:xla,test,ef01e84c1e6b45721e76607762d89e35,hashed_graph_id,81,55,54,0.9818181818181818
tile:xla,test,ef2e1646f7820ad91ce9159310ad225d,hashed_graph_id,8,36,40,1.1111111111111112
tile:xla,test,ef63277646f945ea7d6f31cc7993ee9a,hashed_graph_id,491,66,67,1.0151515151515151
tile:xla,test,efff7ba8f177c2d82fb3829b3733af04,hashed_graph_id,5838,73,80,1.095890410958904
tile:xla,test,f0b21c8c29521840da93925abafe4c70,hashed_graph_id,492,57,58,1.0175438596491229
tile:xla,test,f0cc34eae7ef21b29e393706f512379b,hashed_graph_id,14,9,8,0.8888888888888888
tile:xla,test,f190e0477ae8b5885ba30e57f50dc317,hashed_graph_id,660,57,58,1.0175438596491229
tile:xla,test,f27400c02e0813fcdcf82ca170ad6c7c,hashed_graph_id,821,24,26,1.0833333333333333
tile:xla,test,f30b753157e7f35f0d1a0bc218d2b7a1,hashed_graph_id,100,12,14,1.1666666666666667
tile:xla,test,f386a5d9e744e78717c551428c3c6d8e,hashed_graph_id,8788,12,11,0.9166666666666666
tile:xla,test,f3a965b3486369fe88ea9f352bcba692,hashed_graph_id,3,36,40,1.1111111111111112
tile:xla,test,f3bd68fc91cc5c0ed308a65bf34e0678,hashed_graph_id,1073,20,19,0.95
tile:xla,test,f42d6f5c66c860dd848846508965b9f4,hashed_graph_id,1326,94,97,1.0319148936170213
tile:xla,test,f4878c5c3cdb023f7209753b87c976e0,hashed_graph_id,1284,55,57,1.0363636363636364
tile:xla,test,f5674ac59bc9bca0c0e6146dfd7005fc,hashed_graph_id,836,45,44,0.9777777777777777
tile:xla,test,f5bb75aa262b9d9de17f9d33de9ea34a,hashed_graph_id,1061,7,6,0.8571428571428571
tile:xla,test,f5ed9fd96eac718bc142da897691adc5,hashed_graph_id,503,14,13,0.9285714285714286
tile:xla,test,f6b3d1d3f219706a5aa8beec2226029e,hashed_graph_id,251,8,7,0.875
tile:xla,test,f6df03bc54472cd0e1b085a71e7896d4,hashed_graph_id,65,18,18,1.0
tile:xla,test,f712e0a643b98b990ffa4e9e08af0613,hashed_graph_id,81,70,70,1.0
tile:xla,test,f78dcc4d307c8cf3ec70bd638e3e7080,hashed_graph_id,30,19,18,0.9473684210526315
tile:xla,test,f79d9c33309586c090cff52528e2031b,hashed_graph_id,6,36,40,1.1111111111111112
tile:xla,test,f7df3bba3ef1fd06956de310cb82a4f3,hashed_graph_id,1451,55,54,0.9818181818181818
tile:xla,test,f7fee369f128c1b8c2e799f4302b7392,hashed_graph_id,543,6,6,1.0
tile:xla,test,f877751a3d3fdb4290523d317e3eae49,hashed_graph_id,137,55,57,1.0363636363636364
tile:xla,test,f8aeae02d3ad3910e4d31879e1790470,hashed_graph_id,1074,61,70,1.1475409836065573
tile:xla,test,f8c2c1a1098b2a361c26df668b286c87,hashed_graph_id,208,18,18,1.0
tile:xla,test,f8df57754d21a17ab0a17657ad2d34ae,hashed_graph_id,433,26,25,0.9615384615384616
tile:xla,test,f8f064ce8a887082ee1f4e23e3a99279,hashed_graph_id,9986,36,35,0.9722222222222222
tile:xla,test,f90c162932deaeb3350fbaedbef3ad9c,hashed_graph_id,93,26,26,1.0
tile:xla,test,f998bc97fda70a6649e8b287df06291a,hashed_graph_id,8994,43,42,0.9767441860465116
tile:xla,test,f9ab41405f357803c8a8b86f9c425824,hashed_graph_id,48,2,1,0.5
tile:xla,test,fa22caf7b94c2c10a419f99cdd516bcd,hashed_graph_id,235,19,18,0.9473684210526315
tile:xla,test,fa2924f2808becc73fd27d298d16fb18,hashed_graph_id,725,41,40,0.975609756097561
tile:xla,test,fa5a5cc362e9ef8ae3c799ac79fa4724,hashed_graph_id,4796,70,76,1.0857142857142856
tile:xla,test,fa61d920365de863e30b90083b675743,hashed_graph_id,1207,22,21,0.9545454545454546
tile:xla,test,fb1999ed1b88508a4070870724294641,hashed_graph_id,1146,66,67,1.0151515151515151
tile:xla,test,fb2c93a249ffc91d721d4b00812b75ae,hashed_graph_id,149,70,70,1.0
tile:xla,test,fb407e4bee655ea59579d0cdc6a895c8,hashed_graph_id,77,27,27,1.0
tile:xla,test,fb949dc9d38f1b0d84581bb5112c5275,hashed_graph_id,147,64,63,0.984375
tile:xla,test,fb9d14bee5689193f0cb6055e01a5027,hashed_graph_id,44,21,21,1.0
tile:xla,test,fbd38110f8322addc8d639fd00c127c6,hashed_graph_id,3705,20,23,1.15
tile:xla,test,fbdd5a475b7a9e89dcd0dd0e0b6b3828,hashed_graph_id,856,21,20,0.9523809523809523
tile:xla,test,fbe543c9c2deba7b9ebd562ad3f12612,hashed_graph_id,203,71,70,0.9859154929577465
tile:xla,test,fc44be181e5c25d49f57de9f153e96b4,hashed_graph_id,2074,13,12,0.9230769230769231
tile:xla,test,fcc32743d600c2d1a5df0f3a7ec3a525,hashed_graph_id,1436,42,45,1.0714285714285714
tile:xla,test,fd142eb08dabf7da11f10d20919afbc0,hashed_graph_id,888,19,19,1.0
tile:xla,test,fd35ba82b26744c09b699fa80514beb6,hashed_graph_id,3835,32,33,1.03125
tile:xla,test,fd3fa3d0a39c05343eeb8403562f20cc,hashed_graph_id,9995,12,11,0.9166666666666666
tile:xla,test,fd55c0e1e4e7167cffaed2937f702df0,hashed_graph_id,5,11,11,1.0
tile:xla,test,fd6d4b9c79726bb394fc034a59c9087d,hashed_graph_id,62,9,8,0.8888888888888888
tile:xla,test,fde21118fd818323d81084becd905dce,hashed_graph_id,270,23,22,0.9565217391304348
tile:xla,test,fe1bc3c46ff722bde686c64a9da82afd,hashed_graph_id,4265,94,97,1.0319148936170213
tile:xla,test,fe52756188d770ee661f69dcd2688142,hashed_graph_id,8986,70,76,1.0857142857142856
tile:xla,test,fe91ecfc5176e4dea4cec619beb19aeb,hashed_graph_id,263,37,39,1.054054054054054
tile:xla,test,ff9a30ba54b97a48b9f5370a9b1e8cb6,hashed_graph_id,137,64,63,0.984375
tile:xla,test,ffa452493cbec7e4d2fee040879f98ae,hashed_graph_id,1686,72,75,1.0416666666666667
tile:xla,test,ffbfd532de0a28c79f4740753fd78006,hashed_graph_id,151,29,29,1.0
layout:xla:default,train,alexnet_train_batch_32,alexnet,47712,372,597,1.6048387096774193
layout:xla:default,train,bert_classifier.2x2.fp32,bert,11152,40332,71912,1.7830010909451552
layout:xla:default,train,bert_classifier.2x2.fp32.performance,bert,22496,20665,36659,1.7739656423905155
layout:xla:default,train,bert_pretraining.2x2.fp16,bert,19096,21338,37243,1.7453838222888742
layout:xla:default,train,bert_pretraining.8x16.fp16,bert,19224,21335,37236,1.7453011483477854
layout:xla:default,train,bert_pretraining.8x8.fp32.performance,bert,18528,21126,37368,1.768815677364385
layout:xla:default,train,bert_squad.2x2.fp32,bert,9816,39452,70171,1.7786424008922235
layout:xla:default,train,brax_es,brax,100040,4185,7209,1.7225806451612904
layout:xla:default,train,efficientnet_b7_eval_batch_1,efficientnet,1960,43615,73881,1.6939355726240972
layout:xla:default,train,inception_v2_batch_128_train,inception,7592,8836,15567,1.761770031688547
layout:xla:default,train,inception_v2_batch_8_train,inception,13320,8836,15567,1.761770031688547
layout:xla:default,train,inception_v3_batch_8_train,inception,10016,12069,21320,1.7665092385450327
layout:xla:default,train,inference_mlperf_resnet_batch_16,resnet,48288,1111,1557,1.4014401440144015
layout:xla:default,train,inference_mlperf_resnet_batch_256,resnet,34200,1111,1557,1.4014401440144015
layout:xla:default,train,inference_mlperf_ssd_1200_batch_1,mlperf,11560,25544,33522,1.312323833385531
layout:xla:default,train,inference_mlperf_ssd_1200_batch_128,mlperf,6228,24790,32709,1.3194433239209358
layout:xla:default,train,inference_mlperf_ssd_1200_batch_2,mlperf,13216,24793,32713,1.319445004638406
layout:xla:default,train,magenta,magenta,40024,12062,21268,1.7632233460454318
layout:xla:default,train,magenta_dynamic,magenta,100040,650,1100,1.6923076923076923
layout:xla:default,train,mask_rcnn_batch_16_bf16_img1024,mask_rcnn,4999,13342,21709,1.6271173737070903
layout:xla:default,train,mask_rcnn_batch_4_bf16_img1408,mask_rcnn,5820,12565,20569,1.637007560684441
layout:xla:default,train,mask_rcnn_resnet50.4x4.bf16.performance,resnet,4692,15748,23128,1.4686309372618744
layout:xla:default,train,mlperf_nmt_batch_64,mlperf,10776,15809,25564,1.617053577076349
layout:xla:default,train,mlperf_resnet,resnet,11104,9257,15281,1.6507507831910986
layout:xla:default,train,mlperf_resnet_batch_128_1_shard,resnet,12048,8636,14661,1.6976609541454377
layout:xla:default,train,mlperf_ssd_1_shard_batch_8_fast_epoch,mlperf,7584,5358,9631,1.797499066815976
layout:xla:default,train,mlperf_ssd_2_shard_batch_8_fast_epoch,mlperf,6797,5670,10166,1.7929453262786597
layout:xla:default,train,mlperf_transformer,mlperf,5192,13502,22209,1.6448674270478447
layout:xla:default,train,mnasnet_a1_batch_128,mnasnet,5408,8847,14797,1.672544365321578
layout:xla:default,train,mnasnet_b1_batch_128,mnasnet,6344,7768,13121,1.689109165808445
layout:xla:default,train,ncf.2x2.fp32,ncf,100040,490,729,1.4877551020408164
layout:xla:default,train,resnet50.2x2.fp16,resnet,8632,5673,9099,1.6039132734003172
layout:xla:default,train,resnet50.2x2.fp32,resnet,9912,5279,8694,1.6469028225042621
layout:xla:default,train,resnet50.4x4.bf16,resnet,8552,5605,9018,1.608920606601249
layout:xla:default,train,resnet50.4x4.bf16.performance,resnet,8560,5689,9131,1.6050272455616101
layout:xla:default,train,resnet50.8x16.fp16,resnet,12912,5673,9099,1.6039132734003172
layout:xla:default,train,resnet50.8x8.fp16,resnet,10528,5605,9018,1.608920606601249
layout:xla:default,train,resnet50.8x8.fp32,resnet,11400,5345,8775,1.6417212347988774
layout:xla:default,train,resnet50_3d.2x2.bf16,resnet,5304,6656,10799,1.6224459134615385
layout:xla:default,train,resnet_v1_50_official_batch_128_f32,resnet,9224,5809,10345,1.7808572904114306
layout:xla:default,train,resnet_v1_50_official_batch_32_bf16,resnet,12984,6136,10670,1.7389178617992178
layout:xla:default,train,resnet_v2_101_batch_128,resnet,7688,10092,18102,1.7936979785969085
layout:xla:default,train,resnet_v2_152_batch_128,resnet,6488,15022,27044,1.8002929037411797
layout:xla:default,train,resnet_v2_152_batch_64,resnet,7576,15022,27044,1.8002929037411797
layout:xla:default,train,resnet_v2_200_batch_32,resnet,7768,19662,35460,1.8034787915776624
layout:xla:default,train,resnet_v2_200_batch_64,resnet,6288,19662,35460,1.8034787915776624
layout:xla:default,train,resnet_v2_50_batch_128,resnet,9176,5162,9160,1.774506005424254
layout:xla:default,train,resnet_v2_50_batch_16,resnet,17632,5162,9160,1.774506005424254
layout:xla:default,train,retinanet.2x2.fp32,retinanet,6558,13867,22162,1.5981827359919232
layout:xla:default,train,retinanet.4x4.bf16.performance,retinanet,5688,10449,16824,1.610106230261269
layout:xla:default,train,retinanet.4x4.fp32,retinanet,6623,13867,22162,1.5981827359919232
layout:xla:default,train,shapemask.4x4.fp32,shapemask,5471,19348,30351,1.568689270208807
layout:xla:default,train,tf2_bert_pretrain_dynamic_sequence_length,bert,18200,22385,39976,1.7858387312932766
layout:xla:default,train,tf2_bert_squad_dynamic,bert,18992,21196,37779,1.7823645970937914
layout:xla:default,train,transformer.2x2.fp32,transformer,27024,7324,12087,1.6503276897870016
layout:xla:default,train,transformer.4x4.bf16,transformer,12920,26906,48823,1.8145766743477292
layout:xla:default,train,transformer.4x4.fp16,transformer,25240,7324,12087,1.6503276897870016
layout:xla:default,train,transformer.4x4.fp32.performance,transformer,15256,26234,48094,1.8332698025463139
layout:xla:default,train,transformer_tf2_dynamic_shape,transformer,11960,14680,23604,1.6079019073569483
layout:xla:default,train,unet3d,unet,1159,2774,4730,1.7051189617880318
layout:xla:default,train,xception_imagenet,xception,15656,4748,8547,1.8001263689974727
layout:xla:default,valid,bert_pretraining.4x4.fp16,bert,19232,21335,37236,1.7453011483477854
layout:xla:default,valid,inception_v3_batch_128_train,inception,5984,12067,21319,1.7667191514046574
layout:xla:default,valid,mlperf_bert_batch_24_2x2,bert,6048,19541,30520,1.561844327311806
layout:xla:default,valid,resnet50.4x4.fp16,resnet,6120,5673,9099,1.6039132734003172
layout:xla:default,valid,resnet_v1_50_official_batch_128_bf16,resnet,8512,6135,10670,1.73920130399348
layout:xla:default,valid,tf2_bert_pretrain_dynamic_batch_size,bert,18160,21664,38485,1.7764494091580503
layout:xla:default,valid,unet_3d.4x4.bf16,unet,1965,3163,5112,1.6161871640847296
layout:xla:default,test,05ae41e26dd3c4c06390371a0423233c,hashed_graph_id,1000,43615,73881,1.6939355726240972
layout:xla:default,test,3e7156ac468dfb75cf5c9615e1e5887d,hashed_graph_id,1000,41522,72902,1.755743942969992
layout:xla:default,test,5335ed13823b0a518ee3c79ba4425f34,hashed_graph_id,1000,43615,73881,1.6939355726240972
layout:xla:default,test,937ee0eb0d5d6151b7b8252933b5c1c9,hashed_graph_id,1000,5279,8694,1.6469028225042621
layout:xla:default,test,cd708819d3f5103afd6460b15e74eaf3,hashed_graph_id,1000,490,749,1.5285714285714285
layout:xla:default,test,db59a991b7c607634f13570d52ce885f,hashed_graph_id,1000,5810,10345,1.7805507745266782
layout:xla:default,test,e8a3a1401b5e79f66d7037e424f3b6df,hashed_graph_id,1000,23363,38984,1.6686213243162265
layout:xla:default,test,fbaa8bb6a1aed9988281085c91065c05,hashed_graph_id,1000,24790,32709,1.3194433239209358
layout:xla:random,train,alexnet_train_batch_32,alexnet,29144,372,597,1.6048387096774193
layout:xla:random,train,bert_classifier.2x2.fp32,bert,10760,40332,71912,1.7830010909451552
layout:xla:random,train,bert_classifier.2x2.fp32.performance,bert,22944,20665,36659,1.7739656423905155
layout:xla:random,train,bert_pretraining.2x2.fp16,bert,18776,21338,37243,1.7453838222888742
layout:xla:random,train,bert_pretraining.8x16.fp16,bert,19128,21335,37236,1.7453011483477854
layout:xla:random,train,bert_pretraining.8x8.fp32.performance,bert,18368,21126,37368,1.768815677364385
layout:xla:random,train,bert_squad.2x2.fp32,bert,9760,39452,70171,1.7786424008922235
layout:xla:random,train,brax_es,brax,100040,4185,7209,1.7225806451612904
layout:xla:random,train,efficientnet_b7_eval_batch_1,efficientnet,1871,43615,73881,1.6939355726240972
layout:xla:random,train,inception_v2_batch_128_train,inception,5744,8836,15567,1.761770031688547
layout:xla:random,train,inception_v2_batch_8_train,inception,7584,8836,15567,1.761770031688547
layout:xla:random,train,inception_v3_batch_8_train,inception,7088,12069,21320,1.7665092385450327
layout:xla:random,train,inference_mlperf_resnet_batch_16,resnet,31584,1111,1557,1.4014401440144015
layout:xla:random,train,inference_mlperf_resnet_batch_256,resnet,21736,1111,1557,1.4014401440144015
layout:xla:random,train,inference_mlperf_ssd_1200_batch_1,mlperf,10480,25544,33522,1.312323833385531
layout:xla:random,train,inference_mlperf_ssd_1200_batch_128,mlperf,3718,24790,32709,1.3194433239209358
layout:xla:random,train,inference_mlperf_ssd_1200_batch_2,mlperf,11240,24793,32713,1.319445004638406
layout:xla:random,train,magenta,magenta,36920,12062,21268,1.7632233460454318
layout:xla:random,train,magenta_dynamic,magenta,100040,650,1100,1.6923076923076923
layout:xla:random,train,mask_rcnn_batch_16_bf16_img1024,mask_rcnn,1152,13342,21709,1.6271173737070903
layout:xla:random,train,mask_rcnn_batch_4_bf16_img1408,mask_rcnn,1140,12565,20569,1.637007560684441
layout:xla:random,train,mask_rcnn_resnet50.4x4.bf16.performance,resnet,2239,15748,23128,1.4686309372618744
layout:xla:random,train,mlperf_maskrcnn_1_shard_batch_4,mlperf,148,17135,26568,1.550510650714911
layout:xla:random,train,mlperf_maskrcnn_batch_2,mlperf,20,16818,26250,1.5608276846236175
layout:xla:random,train,mlperf_maskrcnn_batch_4,mlperf,156,17472,27130,1.5527701465201464
layout:xla:random,train,mlperf_nmt_1_shard_batch_8,mlperf,20,15642,25387,1.623002173635085
layout:xla:random,train,mlperf_nmt_batch_64,mlperf,9744,15809,25564,1.617053577076349
layout:xla:random,train,mlperf_nmt_batch_8,mlperf,20,15809,25564,1.617053577076349
layout:xla:random,train,mlperf_resnet,resnet,11296,9257,15281,1.6507507831910986
layout:xla:random,train,mlperf_resnet_batch_128_1_shard,resnet,11880,8636,14661,1.6976609541454377
layout:xla:random,train,mlperf_ssd_1_shard_batch_8_fast_epoch,mlperf,2994,5358,9631,1.797499066815976
layout:xla:random,train,mlperf_ssd_2_shard_batch_8_fast_epoch,mlperf,2887,5670,10166,1.7929453262786597
layout:xla:random,train,mlperf_transformer,mlperf,1632,13502,22209,1.6448674270478447
layout:xla:random,train,mnasnet_a1_batch_128,mnasnet,7440,8847,14797,1.672544365321578
layout:xla:random,train,mnasnet_b1_batch_128,mnasnet,8376,7768,13121,1.689109165808445
layout:xla:random,train,ncf.2x2.fp32,ncf,100040,490,729,1.4877551020408164
layout:xla:random,train,openai_v0_rnn_natural,openai,20,1383,2167,1.566883586406363
layout:xla:random,train,openai_v0_rnn_optimized,openai,20,1277,2063,1.615505090054816
layout:xla:random,train,resnet50.2x2.fp16,resnet,7384,5673,9099,1.6039132734003172
layout:xla:random,train,resnet50.2x2.fp32,resnet,9600,5279,8694,1.6469028225042621
layout:xla:random,train,resnet50.4x4.bf16,resnet,7560,5605,9018,1.608920606601249
layout:xla:random,train,resnet50.4x4.bf16.performance,resnet,7464,5689,9131,1.6050272455616101
layout:xla:random,train,resnet50.8x16.fp16,resnet,10224,5673,9099,1.6039132734003172
layout:xla:random,train,resnet50.8x8.fp16,resnet,9536,5605,9018,1.608920606601249
layout:xla:random,train,resnet50.8x8.fp32,resnet,10664,5345,8775,1.6417212347988774
layout:xla:random,train,resnet50_3d.2x2.bf16,resnet,3736,6656,10799,1.6224459134615385
layout:xla:random,train,resnet_v1_50_official_batch_128_f32,resnet,7208,5809,10345,1.7808572904114306
layout:xla:random,train,resnet_v1_50_official_batch_32_bf16,resnet,9552,6136,10670,1.7389178617992178
layout:xla:random,train,resnet_v2_101_batch_128,resnet,7040,10092,18102,1.7936979785969085
layout:xla:random,train,resnet_v2_152_batch_128,resnet,6080,15022,27044,1.8002929037411797
layout:xla:random,train,resnet_v2_152_batch_64,resnet,6792,15022,27044,1.8002929037411797
layout:xla:random,train,resnet_v2_200_batch_32,resnet,6015,19662,35460,1.8034787915776624
layout:xla:random,train,resnet_v2_200_batch_64,resnet,5502,19662,35460,1.8034787915776624
layout:xla:random,train,resnet_v2_50_batch_128,resnet,8368,5162,9160,1.774506005424254
layout:xla:random,train,resnet_v2_50_batch_16,resnet,11336,5162,9160,1.774506005424254
layout:xla:random,train,retinanet.2x2.fp32,retinanet,1155,13867,22162,1.5981827359919232
layout:xla:random,train,retinanet.4x4.bf16.performance,retinanet,2118,10449,16824,1.610106230261269
layout:xla:random,train,retinanet.4x4.fp32,retinanet,1489,13867,22162,1.5981827359919232
layout:xla:random,train,shapemask.4x4.fp32,shapemask,2374,19348,30351,1.568689270208807
layout:xla:random,train,tf2_bert_pretrain_dynamic_sequence_length,bert,17088,22385,39976,1.7858387312932766
layout:xla:random,train,tf2_bert_squad_dynamic,bert,17592,21196,37779,1.7823645970937914
layout:xla:random,train,transformer.2x2.fp32,transformer,22992,7324,12087,1.6503276897870016
layout:xla:random,train,transformer.4x4.bf16,transformer,12720,26906,48823,1.8145766743477292
layout:xla:random,train,transformer.4x4.fp16,transformer,22632,7324,12087,1.6503276897870016
layout:xla:random,train,transformer.4x4.fp32.performance,transformer,15704,26234,48094,1.8332698025463139
layout:xla:random,train,transformer_tf2_dynamic_shape,transformer,12320,14680,23604,1.6079019073569483
layout:xla:random,train,trax_lsh_attention,trax,100040,6328,12014,1.8985461441213654
layout:xla:random,train,unet3d,unet,380,2774,4730,1.7051189617880318
layout:xla:random,train,xception_imagenet,xception,15112,4748,8547,1.8001263689974727
layout:xla:random,valid,bert_pretraining.4x4.fp16,bert,19040,21335,37236,1.7453011483477854
layout:xla:random,valid,inception_v3_batch_128_train,inception,4688,12067,21319,1.7667191514046574
layout:xla:random,valid,mlperf_bert_batch_24_2x2,bert,5288,19541,30520,1.561844327311806
layout:xla:random,valid,resnet50.4x4.fp16,resnet,5704,5673,9099,1.6039132734003172
layout:xla:random,valid,resnet_v1_50_official_batch_128_bf16,resnet,7248,6135,10670,1.73920130399348
layout:xla:random,valid,tf2_bert_pretrain_dynamic_batch_size,bert,17360,21664,38485,1.7764494091580503
layout:xla:random,valid,unet_3d.4x4.bf16,unet,481,3163,5112,1.6161871640847296
layout:xla:random,test,05ae41e26dd3c4c06390371a0423233c,hashed_graph_id,1000,43615,73881,1.6939355726240972
layout:xla:random,test,3e7156ac468dfb75cf5c9615e1e5887d,hashed_graph_id,1000,41522,72902,1.755743942969992
layout:xla:random,test,5335ed13823b0a518ee3c79ba4425f34,hashed_graph_id,1000,43615,73881,1.6939355726240972
layout:xla:random,test,937ee0eb0d5d6151b7b8252933b5c1c9,hashed_graph_id,1001,5279,8694,1.6469028225042621
layout:xla:random,test,cd708819d3f5103afd6460b15e74eaf3,hashed_graph_id,1000,490,749,1.5285714285714285
layout:xla:random,test,db59a991b7c607634f13570d52ce885f,hashed_graph_id,1000,5810,10345,1.7805507745266782
layout:xla:random,test,e8a3a1401b5e79f66d7037e424f3b6df,hashed_graph_id,1000,23363,38984,1.6686213243162265
layout:xla:random,test,fbaa8bb6a1aed9988281085c91065c05,hashed_graph_id,1000,24790,32709,1.3194433239209358
layout:nlp:default,train,albert_en_base_batch_size_16_test,bert,100040,1696,2697,1.5902122641509433
layout:nlp:default,train,albert_en_base_batch_size_16_train,bert,38984,5400,9113,1.6875925925925925
layout:nlp:default,train,albert_en_base_batch_size_32_test,bert,100040,1696,2697,1.5902122641509433
layout:nlp:default,train,albert_en_base_batch_size_32_train,bert,36808,5400,9113,1.6875925925925925
layout:nlp:default,train,albert_en_base_batch_size_64_test,bert,91496,1696,2697,1.5902122641509433
layout:nlp:default,train,albert_en_base_batch_size_64_train,bert,33512,5400,9113,1.6875925925925925
layout:nlp:default,train,albert_en_large_batch_size_16_test,bert,55320,2704,4317,1.5965236686390532
layout:nlp:default,train,albert_en_large_batch_size_16_train,bert,20640,8640,14765,1.708912037037037
layout:nlp:default,train,albert_en_large_batch_size_32_test,bert,66616,2704,4317,1.5965236686390532
layout:nlp:default,train,albert_en_large_batch_size_32_train,bert,21256,8640,14765,1.708912037037037
layout:nlp:default,train,albert_en_large_batch_size_64_test,bert,60112,2704,4317,1.5965236686390532
layout:nlp:default,train,albert_en_large_batch_size_64_train,bert,19888,8640,14765,1.708912037037037
layout:nlp:default,train,albert_en_xlarge_batch_size_16_train,bert,20176,8640,14765,1.708912037037037
layout:nlp:default,train,albert_en_xlarge_batch_size_32_test,bert,52528,2704,4317,1.5965236686390532
layout:nlp:default,train,albert_en_xlarge_batch_size_32_train,bert,18880,8640,14765,1.708912037037037
layout:nlp:default,train,albert_en_xlarge_batch_size_64_test,bert,47384,2704,4317,1.5965236686390532
layout:nlp:default,train,albert_en_xlarge_batch_size_64_train,bert,17032,8640,14765,1.708912037037037
layout:nlp:default,train,albert_en_xxlarge_batch_size_16_test,bert,62392,1696,2697,1.5902122641509433
layout:nlp:default,train,albert_en_xxlarge_batch_size_16_train,bert,26480,5400,9113,1.6875925925925925
layout:nlp:default,train,albert_en_xxlarge_batch_size_32_test,bert,55704,1696,2697,1.5902122641509433
layout:nlp:default,train,albert_en_xxlarge_batch_size_32_train,bert,22872,5400,9113,1.6875925925925925
layout:nlp:default,train,albert_en_xxlarge_batch_size_64_test,bert,47384,1696,2697,1.5902122641509433
layout:nlp:default,train,albert_en_xxlarge_batch_size_64_train,bert,19160,5400,9113,1.6875925925925925
layout:nlp:default,train,bert_en_cased_L-12_H-768_A-12_batch_size_16_train,bert,29000,10124,16696,1.6491505333860135
layout:nlp:default,train,bert_en_cased_L-12_H-768_A-12_batch_size_32_test,bert,100040,1976,2976,1.5060728744939271
layout:nlp:default,train,bert_en_cased_L-12_H-768_A-12_batch_size_32_train,bert,27896,10124,16696,1.6491505333860135
layout:nlp:default,train,bert_en_cased_L-12_H-768_A-12_batch_size_64_test,bert,100040,1976,2976,1.5060728744939271
layout:nlp:default,train,bert_en_cased_L-12_H-768_A-12_batch_size_64_train,bert,26360,10124,16696,1.6491505333860135
layout:nlp:default,train,bert_en_cased_L-24_H-1024_A-16_batch_size_16_test,bert,70160,3296,4908,1.4890776699029127
layout:nlp:default,train,bert_en_cased_L-24_H-1024_A-16_batch_size_16_train,bert,14392,18619,30771,1.6526666308609486
layout:nlp:default,train,bert_en_cased_L-24_H-1024_A-16_batch_size_32_test,bert,72360,3296,4908,1.4890776699029127
layout:nlp:default,train,bert_en_cased_L-24_H-1024_A-16_batch_size_32_train,bert,15248,18620,30772,1.6526315789473685
layout:nlp:default,train,bert_en_cased_L-24_H-1024_A-16_batch_size_64_test,bert,67408,3296,4908,1.4890776699029127
layout:nlp:default,train,bert_en_cased_L-24_H-1024_A-16_batch_size_64_train,bert,14096,18619,30771,1.6526666308609486
layout:nlp:default,train,bert_en_uncased_L-12_H-768_A-12_batch_size_16_test,bert,100040,1976,2976,1.5060728744939271
layout:nlp:default,train,bert_en_uncased_L-12_H-768_A-12_batch_size_16_train,bert,29024,10124,16696,1.6491505333860135
layout:nlp:default,train,bert_en_uncased_L-12_H-768_A-12_batch_size_32_test,bert,100040,1976,2976,1.5060728744939271
layout:nlp:default,train,bert_en_uncased_L-12_H-768_A-12_batch_size_32_train,bert,28936,10124,16696,1.6491505333860135
layout:nlp:default,train,bert_en_uncased_L-12_H-768_A-12_batch_size_64_test,bert,99672,1976,2976,1.5060728744939271
layout:nlp:default,train,bert_en_uncased_L-12_H-768_A-12_batch_size_64_train,bert,25880,10124,16696,1.6491505333860135
layout:nlp:default,train,bert_en_uncased_L-24_H-1024_A-16_batch_size_16_test,bert,69704,3296,4908,1.4890776699029127
layout:nlp:default,train,bert_en_uncased_L-24_H-1024_A-16_batch_size_16_train,bert,14696,18619,30771,1.6526666308609486
layout:nlp:default,train,bert_en_uncased_L-24_H-1024_A-16_batch_size_32_test,bert,70784,3296,4908,1.4890776699029127
layout:nlp:default,train,bert_en_uncased_L-24_H-1024_A-16_batch_size_32_train,bert,14544,18620,30772,1.6526315789473685
layout:nlp:default,train,bert_en_uncased_L-24_H-1024_A-16_batch_size_64_test,bert,67784,3296,4908,1.4890776699029127
layout:nlp:default,train,bert_en_uncased_L-24_H-1024_A-16_batch_size_64_train,bert,13832,18619,30771,1.6526666308609486
layout:nlp:default,train,bert_en_wwm_cased_L-24_H-1024_A-16_batch_size_16_test,bert,70160,3296,4908,1.4890776699029127
layout:nlp:default,train,bert_en_wwm_cased_L-24_H-1024_A-16_batch_size_16_train,bert,14400,18619,30771,1.6526666308609486
layout:nlp:default,train,bert_en_wwm_cased_L-24_H-1024_A-16_batch_size_32_test,bert,70880,3296,4908,1.4890776699029127
layout:nlp:default,train,bert_en_wwm_cased_L-24_H-1024_A-16_batch_size_32_train,bert,14744,18620,30772,1.6526315789473685
layout:nlp:default,train,bert_en_wwm_cased_L-24_H-1024_A-16_batch_size_64_test,bert,67968,3296,4908,1.4890776699029127
layout:nlp:default,train,bert_en_wwm_cased_L-24_H-1024_A-16_batch_size_64_train,bert,13984,18619,30771,1.6526666308609486
layout:nlp:default,train,bert_en_wwm_uncased_L-24_H-1024_A-16_batch_size_16_test,bert,71016,3296,4908,1.4890776699029127
layout:nlp:default,train,bert_en_wwm_uncased_L-24_H-1024_A-16_batch_size_16_train,bert,14600,18619,30771,1.6526666308609486
layout:nlp:default,train,bert_en_wwm_uncased_L-24_H-1024_A-16_batch_size_32_test,bert,70968,3296,4908,1.4890776699029127
layout:nlp:default,train,bert_en_wwm_uncased_L-24_H-1024_A-16_batch_size_32_train,bert,14832,18620,30772,1.6526315789473685
layout:nlp:default,train,bert_en_wwm_uncased_L-24_H-1024_A-16_batch_size_64_test,bert,65936,3296,4908,1.4890776699029127
layout:nlp:default,train,bert_en_wwm_uncased_L-24_H-1024_A-16_batch_size_64_train,bert,14008,18619,30771,1.6526666308609486
layout:nlp:default,train,bert_multi_cased_L-12_H-768_A-12_batch_size_32_test,bert,100040,1976,2976,1.5060728744939271
layout:nlp:default,train,bert_multi_cased_L-12_H-768_A-12_batch_size_32_train,bert,27680,10124,16696,1.6491505333860135
layout:nlp:default,train,bert_multi_cased_L-12_H-768_A-12_batch_size_64_test,bert,100040,1976,2976,1.5060728744939271
layout:nlp:default,train,bert_multi_cased_L-12_H-768_A-12_batch_size_64_train,bert,25816,10124,16696,1.6491505333860135
layout:nlp:default,train,electra_base_batch_size_16_train,electra,28984,10124,16696,1.6491505333860135
layout:nlp:default,train,electra_base_batch_size_32_test,electra,100040,1976,2976,1.5060728744939271
layout:nlp:default,train,electra_base_batch_size_32_train,electra,28632,10124,16696,1.6491505333860135
layout:nlp:default,train,electra_base_batch_size_64_test,electra,100040,1976,2976,1.5060728744939271
layout:nlp:default,train,electra_base_batch_size_64_train,electra,25608,10124,16696,1.6491505333860135
layout:nlp:default,train,electra_large_batch_size_16_test,electra,69144,3296,4908,1.4890776699029127
layout:nlp:default,train,electra_large_batch_size_16_train,electra,14352,18619,30771,1.6526666308609486
layout:nlp:default,train,electra_large_batch_size_32_test,electra,72592,3296,4908,1.4890776699029127
layout:nlp:default,train,electra_large_batch_size_32_train,electra,15160,18620,30772,1.6526315789473685
layout:nlp:default,train,electra_large_batch_size_64_test,electra,67880,3296,4908,1.4890776699029127
layout:nlp:default,train,electra_large_batch_size_64_train,electra,14136,18619,30771,1.6526666308609486
layout:nlp:default,train,electra_small_batch_size_16_test,electra,100040,1982,2983,1.5050454086781029
layout:nlp:default,train,electra_small_batch_size_16_train,electra,38632,10232,16857,1.6474784988272086
layout:nlp:default,train,electra_small_batch_size_32_test,electra,100040,1982,2983,1.5050454086781029
layout:nlp:default,train,electra_small_batch_size_32_train,electra,42328,10232,16857,1.6474784988272086
layout:nlp:default,train,electra_small_batch_size_64_test,electra,100040,1982,2983,1.5050454086781029
layout:nlp:default,train,electra_small_batch_size_64_train,electra,36776,10232,16857,1.6474784988272086
layout:nlp:default,train,experts_pubmed_batch_size_32_test,experts,100040,1976,2976,1.5060728744939271
layout:nlp:default,train,experts_pubmed_batch_size_32_train,experts,28080,10124,16696,1.6491505333860135
layout:nlp:default,train,experts_pubmed_batch_size_64_test,experts,100040,1976,2976,1.5060728744939271
layout:nlp:default,train,experts_pubmed_batch_size_64_train,experts,26056,10124,16696,1.6491505333860135
layout:nlp:default,train,experts_wiki_books_batch_size_16_test,experts,100040,1976,2976,1.5060728744939271
layout:nlp:default,train,experts_wiki_books_batch_size_16_train,experts,29304,10124,16696,1.6491505333860135
layout:nlp:default,train,experts_wiki_books_batch_size_32_test,experts,100040,1976,2976,1.5060728744939271
layout:nlp:default,train,experts_wiki_books_batch_size_32_train,experts,28408,10124,16696,1.6491505333860135
layout:nlp:default,train,experts_wiki_books_batch_size_64_test,experts,100040,1976,2976,1.5060728744939271
layout:nlp:default,train,experts_wiki_books_batch_size_64_train,experts,25728,10124,16696,1.6491505333860135
layout:nlp:default,train,small_bert_bert_en_uncased_L-10_H-128_A-2_batch_size_16_train,bert,61664,8700,14342,1.6485057471264368
layout:nlp:default,train,small_bert_bert_en_uncased_L-10_H-128_A-2_batch_size_32_train,bert,54936,8700,14342,1.6485057471264368
layout:nlp:default,train,small_bert_bert_en_uncased_L-10_H-128_A-2_batch_size_64_test,bert,100040,1756,2654,1.5113895216400912
layout:nlp:default,train,small_bert_bert_en_uncased_L-10_H-256_A-4_batch_size_16_test,bert,100040,1756,2654,1.5113895216400912
layout:nlp:default,train,small_bert_bert_en_uncased_L-10_H-256_A-4_batch_size_32_train,bert,49056,8708,14350,1.6479099678456592
layout:nlp:default,train,small_bert_bert_en_uncased_L-10_H-256_A-4_batch_size_64_test,bert,100040,1756,2654,1.5113895216400912
layout:nlp:default,train,small_bert_bert_en_uncased_L-10_H-512_A-8_batch_size_16_test,bert,100040,1756,2654,1.5113895216400912
layout:nlp:default,train,small_bert_bert_en_uncased_L-10_H-512_A-8_batch_size_16_train,bert,39248,8701,14343,1.6484312148028961
layout:nlp:default,train,small_bert_bert_en_uncased_L-10_H-512_A-8_batch_size_32_test,bert,100040,1756,2654,1.5113895216400912
layout:nlp:default,train,small_bert_bert_en_uncased_L-10_H-512_A-8_batch_size_32_train,bert,37832,8700,14342,1.6485057471264368
layout:nlp:default,train,small_bert_bert_en_uncased_L-10_H-512_A-8_batch_size_64_train,bert,34392,8701,14343,1.6484312148028961
layout:nlp:default,train,small_bert_bert_en_uncased_L-10_H-768_A-12_batch_size_16_test,bert,100040,1756,2654,1.5113895216400912
layout:nlp:default,train,small_bert_bert_en_uncased_L-10_H-768_A-12_batch_size_32_train,bert,31760,8708,14350,1.6479099678456592
layout:nlp:default,train,small_bert_bert_en_uncased_L-10_H-768_A-12_batch_size_64_test,bert,100040,1756,2654,1.5113895216400912
layout:nlp:default,train,small_bert_bert_en_uncased_L-10_H-768_A-12_batch_size_64_train,bert,29384,8708,14350,1.6479099678456592
layout:nlp:default,train,small_bert_bert_en_uncased_L-12_H-128_A-2_batch_size_16_train,bert,50136,10116,16688,1.6496638987742192
layout:nlp:default,train,small_bert_bert_en_uncased_L-12_H-128_A-2_batch_size_32_test,bert,100040,1976,2976,1.5060728744939271
layout:nlp:default,train,small_bert_bert_en_uncased_L-12_H-128_A-2_batch_size_32_train,bert,46272,10116,16688,1.6496638987742192
layout:nlp:default,train,small_bert_bert_en_uncased_L-12_H-128_A-2_batch_size_64_test,bert,100040,1976,2976,1.5060728744939271
layout:nlp:default,train,small_bert_bert_en_uncased_L-12_H-128_A-2_batch_size_64_train,bert,43160,10116,16688,1.6496638987742192
layout:nlp:default,train,small_bert_bert_en_uncased_L-12_H-256_A-4_batch_size_16_test,bert,100040,1976,2976,1.5060728744939271
layout:nlp:default,train,small_bert_bert_en_uncased_L-12_H-256_A-4_batch_size_16_train,bert,44552,10123,16695,1.649214659685864
layout:nlp:default,train,small_bert_bert_en_uncased_L-12_H-256_A-4_batch_size_32_test,bert,100040,1976,2976,1.5060728744939271
layout:nlp:default,train,small_bert_bert_en_uncased_L-12_H-256_A-4_batch_size_32_train,bert,42544,10124,16696,1.6491505333860135
layout:nlp:default,train,small_bert_bert_en_uncased_L-12_H-256_A-4_batch_size_64_test,bert,100040,1976,2976,1.5060728744939271
layout:nlp:default,train,small_bert_bert_en_uncased_L-12_H-256_A-4_batch_size_64_train,bert,37368,10124,16696,1.6491505333860135
layout:nlp:default,train,small_bert_bert_en_uncased_L-12_H-512_A-8_batch_size_16_test,bert,100040,1976,2976,1.5060728744939271
layout:nlp:default,train,small_bert_bert_en_uncased_L-12_H-512_A-8_batch_size_16_train,bert,34312,10117,16689,1.6495996837007019
layout:nlp:default,train,small_bert_bert_en_uncased_L-12_H-512_A-8_batch_size_32_test,bert,100040,1976,2976,1.5060728744939271
layout:nlp:default,train,small_bert_bert_en_uncased_L-12_H-512_A-8_batch_size_32_train,bert,32344,10116,16688,1.6496638987742192
layout:nlp:default,train,small_bert_bert_en_uncased_L-12_H-512_A-8_batch_size_64_test,bert,100040,1976,2976,1.5060728744939271
layout:nlp:default,train,small_bert_bert_en_uncased_L-12_H-512_A-8_batch_size_64_train,bert,29976,10117,16689,1.6495996837007019
layout:nlp:default,train,small_bert_bert_en_uncased_L-12_H-768_A-12_batch_size_16_test,bert,100040,1976,2976,1.5060728744939271
layout:nlp:default,train,small_bert_bert_en_uncased_L-12_H-768_A-12_batch_size_16_train,bert,29080,10124,16696,1.6491505333860135
layout:nlp:default,train,small_bert_bert_en_uncased_L-12_H-768_A-12_batch_size_32_test,bert,100040,1976,2976,1.5060728744939271
layout:nlp:default,train,small_bert_bert_en_uncased_L-12_H-768_A-12_batch_size_32_train,bert,27624,10124,16696,1.6491505333860135
layout:nlp:default,train,small_bert_bert_en_uncased_L-12_H-768_A-12_batch_size_64_test,bert,100040,1976,2976,1.5060728744939271
layout:nlp:default,train,small_bert_bert_en_uncased_L-2_H-128_A-2_batch_size_16_train,bert,100040,3036,4958,1.6330698287220027
layout:nlp:default,train,small_bert_bert_en_uncased_L-2_H-128_A-2_batch_size_64_train,bert,100040,3036,4958,1.6330698287220027
layout:nlp:default,train,small_bert_bert_en_uncased_L-2_H-256_A-4_batch_size_16_train,bert,100040,3043,4965,1.6316135392704567
layout:nlp:default,train,small_bert_bert_en_uncased_L-2_H-256_A-4_batch_size_64_train,bert,100040,3044,4966,1.6314060446780552
layout:nlp:default,train,small_bert_bert_en_uncased_L-2_H-512_A-8_batch_size_16_train,bert,92904,3037,4959,1.6328613763582482
layout:nlp:default,train,small_bert_bert_en_uncased_L-2_H-512_A-8_batch_size_32_test,bert,100040,876,1366,1.5593607305936072
layout:nlp:default,train,small_bert_bert_en_uncased_L-2_H-512_A-8_batch_size_32_train,bert,84944,3036,4958,1.6330698287220027
layout:nlp:default,train,small_bert_bert_en_uncased_L-2_H-512_A-8_batch_size_64_test,bert,100040,876,1366,1.5593607305936072
layout:nlp:default,train,small_bert_bert_en_uncased_L-2_H-512_A-8_batch_size_64_train,bert,73360,3037,4959,1.6328613763582482
layout:nlp:default,train,small_bert_bert_en_uncased_L-2_H-768_A-12_batch_size_16_test,bert,100040,876,1366,1.5593607305936072
layout:nlp:default,train,small_bert_bert_en_uncased_L-2_H-768_A-12_batch_size_16_train,bert,70864,3044,4966,1.6314060446780552
layout:nlp:default,train,small_bert_bert_en_uncased_L-2_H-768_A-12_batch_size_32_test,bert,100040,876,1366,1.5593607305936072
layout:nlp:default,train,small_bert_bert_en_uncased_L-2_H-768_A-12_batch_size_32_train,bert,65032,3044,4966,1.6314060446780552
layout:nlp:default,train,small_bert_bert_en_uncased_L-2_H-768_A-12_batch_size_64_test,bert,100040,876,1366,1.5593607305936072
layout:nlp:default,train,small_bert_bert_en_uncased_L-4_H-128_A-2_batch_size_16_train,bert,100040,4452,7304,1.6406109613656783
layout:nlp:default,train,small_bert_bert_en_uncased_L-4_H-128_A-2_batch_size_32_train,bert,100040,4452,7304,1.6406109613656783
layout:nlp:default,train,small_bert_bert_en_uncased_L-4_H-128_A-2_batch_size_64_test,bert,100040,1096,1688,1.5401459854014599
layout:nlp:default,train,small_bert_bert_en_uncased_L-4_H-256_A-4_batch_size_16_train,bert,100040,4459,7311,1.6396052926665172
layout:nlp:default,train,small_bert_bert_en_uncased_L-4_H-256_A-4_batch_size_32_test,bert,100040,1096,1688,1.5401459854014599
layout:nlp:default,train,small_bert_bert_en_uncased_L-4_H-256_A-4_batch_size_64_test,bert,100040,1096,1688,1.5401459854014599
layout:nlp:default,train,small_bert_bert_en_uncased_L-4_H-256_A-4_batch_size_64_train,bert,80496,4460,7312,1.6394618834080716
layout:nlp:default,train,small_bert_bert_en_uncased_L-4_H-512_A-8_batch_size_16_test,bert,100040,1096,1688,1.5401459854014599
layout:nlp:default,train,small_bert_bert_en_uncased_L-4_H-512_A-8_batch_size_32_test,bert,100040,1096,1688,1.5401459854014599
layout:nlp:default,train,small_bert_bert_en_uncased_L-4_H-512_A-8_batch_size_64_test,bert,100040,1096,1688,1.5401459854014599
layout:nlp:default,train,small_bert_bert_en_uncased_L-4_H-512_A-8_batch_size_64_train,bert,59200,4453,7305,1.6404671008309004
layout:nlp:default,train,small_bert_bert_en_uncased_L-4_H-768_A-12_batch_size_16_train,bert,57984,4460,7312,1.6394618834080716
layout:nlp:default,train,small_bert_bert_en_uncased_L-4_H-768_A-12_batch_size_32_test,bert,100040,1096,1688,1.5401459854014599
layout:nlp:default,train,small_bert_bert_en_uncased_L-4_H-768_A-12_batch_size_32_train,bert,52168,4460,7312,1.6394618834080716
layout:nlp:default,train,small_bert_bert_en_uncased_L-4_H-768_A-12_batch_size_64_test,bert,100040,1096,1688,1.5401459854014599
layout:nlp:default,train,small_bert_bert_en_uncased_L-4_H-768_A-12_batch_size_64_train,bert,46472,4460,7312,1.6394618834080716
layout:nlp:default,train,small_bert_bert_en_uncased_L-6_H-128_A-2_batch_size_16_train,bert,94400,5868,9650,1.6445126107702794
layout:nlp:default,train,small_bert_bert_en_uncased_L-6_H-128_A-2_batch_size_32_train,bert,87336,5868,9650,1.6445126107702794
layout:nlp:default,train,small_bert_bert_en_uncased_L-6_H-128_A-2_batch_size_64_test,bert,100040,1316,2010,1.527355623100304
layout:nlp:default,train,small_bert_bert_en_uncased_L-6_H-128_A-2_batch_size_64_train,bert,77968,5868,9650,1.6445126107702794
layout:nlp:default,train,small_bert_bert_en_uncased_L-6_H-256_A-4_batch_size_16_test,bert,100040,1316,2010,1.527355623100304
layout:nlp:default,train,small_bert_bert_en_uncased_L-6_H-256_A-4_batch_size_32_train,bert,73688,5876,9658,1.643635125936011
layout:nlp:default,train,small_bert_bert_en_uncased_L-6_H-256_A-4_batch_size_64_test,bert,100040,1316,2010,1.527355623100304
layout:nlp:default,train,small_bert_bert_en_uncased_L-6_H-512_A-8_batch_size_16_test,bert,100040,1316,2010,1.527355623100304
layout:nlp:default,train,small_bert_bert_en_uncased_L-6_H-512_A-8_batch_size_16_train,bert,58688,5869,9651,1.644402794343159
layout:nlp:default,train,small_bert_bert_en_uncased_L-6_H-512_A-8_batch_size_32_test,bert,100040,1316,2010,1.527355623100304
layout:nlp:default,train,small_bert_bert_en_uncased_L-6_H-512_A-8_batch_size_64_train,bert,48392,5869,9651,1.644402794343159
layout:nlp:default,train,small_bert_bert_en_uncased_L-6_H-768_A-12_batch_size_16_train,bert,45848,5876,9658,1.643635125936011
layout:nlp:default,train,small_bert_bert_en_uncased_L-6_H-768_A-12_batch_size_32_test,bert,100040,1316,2010,1.527355623100304
layout:nlp:default,train,small_bert_bert_en_uncased_L-6_H-768_A-12_batch_size_64_test,bert,100040,1316,2010,1.527355623100304
layout:nlp:default,train,small_bert_bert_en_uncased_L-6_H-768_A-12_batch_size_64_train,bert,40488,5876,9658,1.643635125936011
layout:nlp:default,train,small_bert_bert_en_uncased_L-8_H-128_A-2_batch_size_16_train,bert,75320,7284,11996,1.6468973091707853
layout:nlp:default,train,small_bert_bert_en_uncased_L-8_H-128_A-2_batch_size_32_test,bert,100040,1536,2332,1.5182291666666667
layout:nlp:default,train,small_bert_bert_en_uncased_L-8_H-128_A-2_batch_size_32_train,bert,70464,7284,11996,1.6468973091707853
layout:nlp:default,train,small_bert_bert_en_uncased_L-8_H-128_A-2_batch_size_64_train,bert,62592,7284,11996,1.6468973091707853
layout:nlp:default,train,small_bert_bert_en_uncased_L-8_H-256_A-4_batch_size_32_test,bert,100040,1536,2332,1.5182291666666667
layout:nlp:default,train,small_bert_bert_en_uncased_L-8_H-256_A-4_batch_size_32_train,bert,59688,7292,12004,1.646187602852441
layout:nlp:default,train,small_bert_bert_en_uncased_L-8_H-256_A-4_batch_size_64_test,bert,100040,1536,2332,1.5182291666666667
layout:nlp:default,train,small_bert_bert_en_uncased_L-8_H-256_A-4_batch_size_64_train,bert,53896,7292,12004,1.646187602852441
layout:nlp:default,train,small_bert_bert_en_uncased_L-8_H-512_A-8_batch_size_16_test,bert,100040,1536,2332,1.5182291666666667
layout:nlp:default,train,small_bert_bert_en_uncased_L-8_H-512_A-8_batch_size_16_train,bert,48072,7285,11997,1.646808510638298
layout:nlp:default,train,small_bert_bert_en_uncased_L-8_H-512_A-8_batch_size_32_test,bert,100040,1536,2332,1.5182291666666667
layout:nlp:default,train,small_bert_bert_en_uncased_L-8_H-512_A-8_batch_size_32_train,bert,44624,7284,11996,1.6468973091707853
layout:nlp:default,train,small_bert_bert_en_uncased_L-8_H-512_A-8_batch_size_64_train,bert,40760,7285,11997,1.646808510638298
layout:nlp:default,train,small_bert_bert_en_uncased_L-8_H-768_A-12_batch_size_16_test,bert,100040,1536,2332,1.5182291666666667
layout:nlp:default,train,small_bert_bert_en_uncased_L-8_H-768_A-12_batch_size_16_train,bert,39136,7292,12004,1.646187602852441
layout:nlp:default,train,small_bert_bert_en_uncased_L-8_H-768_A-12_batch_size_32_test,bert,100040,1536,2332,1.5182291666666667
layout:nlp:default,train,small_bert_bert_en_uncased_L-8_H-768_A-12_batch_size_64_test,bert,100040,1536,2332,1.5182291666666667
layout:nlp:default,train,small_bert_bert_en_uncased_L-8_H-768_A-12_batch_size_64_train,bert,33704,7292,12004,1.646187602852441
layout:nlp:default,train,talking-heads_base_batch_size_16_test,talking-heads,91960,2120,3180,1.5
layout:nlp:default,train,talking-heads_base_batch_size_16_train,talking-heads,22640,11779,19455,1.6516682231089226
layout:nlp:default,train,talking-heads_base_batch_size_32_test,talking-heads,81928,2120,3180,1.5
layout:nlp:default,train,talking-heads_base_batch_size_32_train,talking-heads,22304,11779,19455,1.6516682231089226
layout:nlp:default,train,talking-heads_base_batch_size_64_test,talking-heads,71968,2120,3180,1.5
layout:nlp:default,train,talking-heads_base_batch_size_64_train,talking-heads,19872,11779,19455,1.6516682231089226
layout:nlp:default,train,talking-heads_large_batch_size_16_test,talking-heads,48680,3584,5316,1.4832589285714286
layout:nlp:default,train,talking-heads_large_batch_size_32_test,talking-heads,49216,3584,5316,1.4832589285714286
layout:nlp:default,train,talking-heads_large_batch_size_32_train,talking-heads,11296,21919,36279,1.6551393767963867
layout:nlp:default,valid,albert_en_xlarge_batch_size_16_test,bert,54584,2704,4317,1.5965236686390532
layout:nlp:default,valid,bert_en_cased_L-12_H-768_A-12_batch_size_16_test,bert,100040,1976,2976,1.5060728744939271
layout:nlp:default,valid,bert_multi_cased_L-12_H-768_A-12_batch_size_16_train,bert,28944,10124,16696,1.6491505333860135
layout:nlp:default,valid,small_bert_bert_en_uncased_L-10_H-128_A-2_batch_size_32_test,bert,100040,1756,2654,1.5113895216400912
layout:nlp:default,valid,small_bert_bert_en_uncased_L-10_H-128_A-2_batch_size_64_train,bert,52056,8700,14342,1.6485057471264368
layout:nlp:default,valid,small_bert_bert_en_uncased_L-10_H-256_A-4_batch_size_32_test,bert,100040,1756,2654,1.5113895216400912
layout:nlp:default,valid,small_bert_bert_en_uncased_L-10_H-256_A-4_batch_size_64_train,bert,43872,8708,14350,1.6479099678456592
layout:nlp:default,valid,small_bert_bert_en_uncased_L-10_H-512_A-8_batch_size_64_test,bert,100040,1756,2654,1.5113895216400912
layout:nlp:default,valid,small_bert_bert_en_uncased_L-10_H-768_A-12_batch_size_16_train,bert,34024,8708,14350,1.6479099678456592
layout:nlp:default,valid,small_bert_bert_en_uncased_L-10_H-768_A-12_batch_size_32_test,bert,100040,1756,2654,1.5113895216400912
layout:nlp:default,valid,small_bert_bert_en_uncased_L-12_H-768_A-12_batch_size_64_train,bert,25960,10124,16696,1.6491505333860135
layout:nlp:default,valid,small_bert_bert_en_uncased_L-2_H-256_A-4_batch_size_32_train,bert,100040,3044,4966,1.6314060446780552
layout:nlp:default,valid,small_bert_bert_en_uncased_L-4_H-256_A-4_batch_size_32_train,bert,94600,4460,7312,1.6394618834080716
layout:nlp:default,valid,small_bert_bert_en_uncased_L-4_H-512_A-8_batch_size_32_train,bert,65368,4452,7304,1.6406109613656783
layout:nlp:default,valid,small_bert_bert_en_uncased_L-6_H-256_A-4_batch_size_16_train,bert,82152,5875,9657,1.6437446808510638
layout:nlp:default,valid,small_bert_bert_en_uncased_L-6_H-256_A-4_batch_size_64_train,bert,64968,5876,9658,1.643635125936011
layout:nlp:default,valid,small_bert_bert_en_uncased_L-6_H-512_A-8_batch_size_64_test,bert,100040,1316,2010,1.527355623100304
layout:nlp:default,valid,small_bert_bert_en_uncased_L-6_H-768_A-12_batch_size_16_test,bert,100040,1316,2010,1.527355623100304
layout:nlp:default,valid,small_bert_bert_en_uncased_L-6_H-768_A-12_batch_size_32_train,bert,43368,5876,9658,1.643635125936011
layout:nlp:default,valid,talking-heads_large_batch_size_16_train,talking-heads,11168,21918,36278,1.6551692672689113
layout:nlp:default,test,016ac66a44a906a695afd2228509046a,hashed_graph_id,1000,1536,2332,1.5182291666666667
layout:nlp:default,test,171b0513d8874a427ccfa46d136fbadc,hashed_graph_id,1000,10124,16696,1.6491505333860135
layout:nlp:default,test,23559853d9702baaaacbb0c83fd32266,hashed_graph_id,1000,1096,1688,1.5401459854014599
layout:nlp:default,test,29886a50d55cfe77a9497bc906c76ce9,hashed_graph_id,1000,4452,7304,1.6406109613656783
layout:nlp:default,test,32531d07a084b319dce484f53a4cf3fc,hashed_graph_id,1000,4453,7305,1.6404671008309004
layout:nlp:default,test,38524e2ff135ded55b5286407e7af6b7,hashed_graph_id,1000,1976,2976,1.5060728744939271
layout:nlp:default,test,3a0c5517a87df8d82fd637b83298a3ba,hashed_graph_id,1001,21918,36278,1.6551692672689113
layout:nlp:default,test,492c7a94d559aa4a88769142d2a68362,hashed_graph_id,1000,7292,12004,1.646187602852441
layout:nlp:default,test,58cc2e418c3a8a19b871e15964b534ad,hashed_graph_id,1000,1536,2332,1.5182291666666667
layout:nlp:default,test,60880ed76de53f4d7a1b960b24f20f7d,hashed_graph_id,1000,1976,2976,1.5060728744939271
layout:nlp:default,test,6c1101f6231f4d1722c3b9f6d1e25026,hashed_graph_id,1000,3036,4958,1.6330698287220027
layout:nlp:default,test,7105451001e119f65b66570d170b94a8,hashed_graph_id,1000,3044,4966,1.6314060446780552
layout:nlp:default,test,71b79ca6db513e7979c3702c595150c2,hashed_graph_id,1000,3584,5316,1.4832589285714286
layout:nlp:default,test,7f6284ebe027b1e9a3850fc703858a59,hashed_graph_id,1000,1976,2976,1.5060728744939271
layout:nlp:default,test,b2fdde3b72980907578648774101543e,hashed_graph_id,1000,1316,2010,1.527355623100304
layout:nlp:default,test,d15316c12eefdef1ba549eb433797f77,hashed_graph_id,1000,1536,2332,1.5182291666666667
layout:nlp:default,test,f6c146fc5cf10be4f3accbaca9897311,hashed_graph_id,1000,5868,9650,1.6445126107702794
layout:nlp:random,train,albert_en_base_batch_size_16_test,bert,100040,1696,2697,1.5902122641509433
layout:nlp:random,train,albert_en_base_batch_size_16_train,bert,37768,5400,9113,1.6875925925925925
layout:nlp:random,train,albert_en_base_batch_size_32_test,bert,100040,1696,2697,1.5902122641509433
layout:nlp:random,train,albert_en_base_batch_size_32_train,bert,35112,5400,9113,1.6875925925925925
layout:nlp:random,train,albert_en_base_batch_size_64_test,bert,97912,1696,2697,1.5902122641509433
layout:nlp:random,train,albert_en_base_batch_size_64_train,bert,32392,5400,9113,1.6875925925925925
layout:nlp:random,train,albert_en_large_batch_size_16_test,bert,61344,2704,4317,1.5965236686390532
layout:nlp:random,train,albert_en_large_batch_size_16_train,bert,21432,8640,14765,1.708912037037037
layout:nlp:random,train,albert_en_large_batch_size_32_test,bert,66976,2704,4317,1.5965236686390532
layout:nlp:random,train,albert_en_large_batch_size_32_train,bert,20968,8640,14765,1.708912037037037
layout:nlp:random,train,albert_en_large_batch_size_64_test,bert,62240,2704,4317,1.5965236686390532
layout:nlp:random,train,albert_en_large_batch_size_64_train,bert,19280,8640,14765,1.708912037037037
layout:nlp:random,train,albert_en_xlarge_batch_size_16_train,bert,19328,8640,14765,1.708912037037037
layout:nlp:random,train,albert_en_xlarge_batch_size_32_test,bert,54152,2704,4317,1.5965236686390532
layout:nlp:random,train,albert_en_xlarge_batch_size_32_train,bert,18632,8640,14765,1.708912037037037
layout:nlp:random,train,albert_en_xlarge_batch_size_64_test,bert,49544,2704,4317,1.5965236686390532
layout:nlp:random,train,albert_en_xlarge_batch_size_64_train,bert,16616,8640,14765,1.708912037037037
layout:nlp:random,train,albert_en_xxlarge_batch_size_16_test,bert,66032,1696,2697,1.5902122641509433
layout:nlp:random,train,albert_en_xxlarge_batch_size_16_train,bert,24816,5400,9113,1.6875925925925925
layout:nlp:random,train,albert_en_xxlarge_batch_size_32_test,bert,59264,1696,2697,1.5902122641509433
layout:nlp:random,train,albert_en_xxlarge_batch_size_32_train,bert,22368,5400,9113,1.6875925925925925
layout:nlp:random,train,albert_en_xxlarge_batch_size_64_test,bert,49320,1696,2697,1.5902122641509433
layout:nlp:random,train,albert_en_xxlarge_batch_size_64_train,bert,18273,5400,9113,1.6875925925925925
layout:nlp:random,train,bert_en_cased_L-12_H-768_A-12_batch_size_16_train,bert,27784,10124,16696,1.6491505333860135
layout:nlp:random,train,bert_en_cased_L-12_H-768_A-12_batch_size_32_test,bert,100040,1976,2976,1.5060728744939271
layout:nlp:random,train,bert_en_cased_L-12_H-768_A-12_batch_size_32_train,bert,25560,10124,16696,1.6491505333860135
layout:nlp:random,train,bert_en_cased_L-12_H-768_A-12_batch_size_64_test,bert,100040,1976,2976,1.5060728744939271
layout:nlp:random,train,bert_en_cased_L-12_H-768_A-12_batch_size_64_train,bert,24816,10124,16696,1.6491505333860135
layout:nlp:random,train,bert_en_cased_L-24_H-1024_A-16_batch_size_16_test,bert,68384,3296,4908,1.4890776699029127
layout:nlp:random,train,bert_en_cased_L-24_H-1024_A-16_batch_size_16_train,bert,14392,18619,30771,1.6526666308609486
layout:nlp:random,train,bert_en_cased_L-24_H-1024_A-16_batch_size_32_test,bert,70824,3296,4908,1.4890776699029127
layout:nlp:random,train,bert_en_cased_L-24_H-1024_A-16_batch_size_32_train,bert,14000,18620,30772,1.6526315789473685
layout:nlp:random,train,bert_en_cased_L-24_H-1024_A-16_batch_size_64_test,bert,66464,3296,4908,1.4890776699029127
layout:nlp:random,train,bert_en_cased_L-24_H-1024_A-16_batch_size_64_train,bert,13136,18619,30771,1.6526666308609486
layout:nlp:random,train,bert_en_uncased_L-12_H-768_A-12_batch_size_16_test,bert,100040,1976,2976,1.5060728744939271
layout:nlp:random,train,bert_en_uncased_L-12_H-768_A-12_batch_size_16_train,bert,28320,10124,16696,1.6491505333860135
layout:nlp:random,train,bert_en_uncased_L-12_H-768_A-12_batch_size_32_test,bert,100040,1976,2976,1.5060728744939271
layout:nlp:random,train,bert_en_uncased_L-12_H-768_A-12_batch_size_32_train,bert,26384,10124,16696,1.6491505333860135
layout:nlp:random,train,bert_en_uncased_L-12_H-768_A-12_batch_size_64_test,bert,100040,1976,2976,1.5060728744939271
layout:nlp:random,train,bert_en_uncased_L-12_H-768_A-12_batch_size_64_train,bert,24720,10124,16696,1.6491505333860135
layout:nlp:random,train,bert_en_uncased_L-24_H-1024_A-16_batch_size_16_test,bert,68200,3296,4908,1.4890776699029127
layout:nlp:random,train,bert_en_uncased_L-24_H-1024_A-16_batch_size_16_train,bert,13928,18619,30771,1.6526666308609486
layout:nlp:random,train,bert_en_uncased_L-24_H-1024_A-16_batch_size_32_test,bert,69152,3296,4908,1.4890776699029127
layout:nlp:random,train,bert_en_uncased_L-24_H-1024_A-16_batch_size_32_train,bert,14240,18620,30772,1.6526315789473685
layout:nlp:random,train,bert_en_uncased_L-24_H-1024_A-16_batch_size_64_test,bert,66896,3296,4908,1.4890776699029127
layout:nlp:random,train,bert_en_uncased_L-24_H-1024_A-16_batch_size_64_train,bert,13504,18619,30771,1.6526666308609486
layout:nlp:random,train,bert_en_wwm_cased_L-24_H-1024_A-16_batch_size_16_test,bert,69256,3296,4908,1.4890776699029127
layout:nlp:random,train,bert_en_wwm_cased_L-24_H-1024_A-16_batch_size_16_train,bert,14392,18619,30771,1.6526666308609486
layout:nlp:random,train,bert_en_wwm_cased_L-24_H-1024_A-16_batch_size_32_test,bert,70512,3296,4908,1.4890776699029127
layout:nlp:random,train,bert_en_wwm_cased_L-24_H-1024_A-16_batch_size_32_train,bert,14224,18620,30772,1.6526315789473685
layout:nlp:random,train,bert_en_wwm_cased_L-24_H-1024_A-16_batch_size_64_test,bert,65640,3296,4908,1.4890776699029127
layout:nlp:random,train,bert_en_wwm_cased_L-24_H-1024_A-16_batch_size_64_train,bert,13472,18619,30771,1.6526666308609486
layout:nlp:random,train,bert_en_wwm_uncased_L-24_H-1024_A-16_batch_size_16_test,bert,66368,3296,4908,1.4890776699029127
layout:nlp:random,train,bert_en_wwm_uncased_L-24_H-1024_A-16_batch_size_16_train,bert,14096,18619,30771,1.6526666308609486
layout:nlp:random,train,bert_en_wwm_uncased_L-24_H-1024_A-16_batch_size_32_test,bert,69512,3296,4908,1.4890776699029127
layout:nlp:random,train,bert_en_wwm_uncased_L-24_H-1024_A-16_batch_size_32_train,bert,13976,18620,30772,1.6526315789473685
layout:nlp:random,train,bert_en_wwm_uncased_L-24_H-1024_A-16_batch_size_64_test,bert,64776,3296,4908,1.4890776699029127
layout:nlp:random,train,bert_en_wwm_uncased_L-24_H-1024_A-16_batch_size_64_train,bert,13112,18619,30771,1.6526666308609486
layout:nlp:random,train,bert_multi_cased_L-12_H-768_A-12_batch_size_32_test,bert,100040,1976,2976,1.5060728744939271
layout:nlp:random,train,bert_multi_cased_L-12_H-768_A-12_batch_size_32_train,bert,26320,10124,16696,1.6491505333860135
layout:nlp:random,train,bert_multi_cased_L-12_H-768_A-12_batch_size_64_test,bert,100040,1976,2976,1.5060728744939271
layout:nlp:random,train,bert_multi_cased_L-12_H-768_A-12_batch_size_64_train,bert,25280,10124,16696,1.6491505333860135
layout:nlp:random,train,electra_base_batch_size_16_train,electra,27616,10124,16696,1.6491505333860135
layout:nlp:random,train,electra_base_batch_size_32_test,electra,100040,1976,2976,1.5060728744939271
layout:nlp:random,train,electra_base_batch_size_32_train,electra,25560,10124,16696,1.6491505333860135
layout:nlp:random,train,electra_base_batch_size_64_test,electra,100040,1976,2976,1.5060728744939271
layout:nlp:random,train,electra_base_batch_size_64_train,electra,25016,10124,16696,1.6491505333860135
layout:nlp:random,train,electra_large_batch_size_16_test,electra,68552,3296,4908,1.4890776699029127
layout:nlp:random,train,electra_large_batch_size_16_train,electra,14216,18619,30771,1.6526666308609486
layout:nlp:random,train,electra_large_batch_size_32_test,electra,67592,3296,4908,1.4890776699029127
layout:nlp:random,train,electra_large_batch_size_32_train,electra,14056,18620,30772,1.6526315789473685
layout:nlp:random,train,electra_large_batch_size_64_test,electra,65984,3296,4908,1.4890776699029127
layout:nlp:random,train,electra_large_batch_size_64_train,electra,13240,18619,30771,1.6526666308609486
layout:nlp:random,train,electra_small_batch_size_16_test,electra,100040,1982,2983,1.5050454086781029
layout:nlp:random,train,electra_small_batch_size_16_train,electra,35704,10232,16857,1.6474784988272086
layout:nlp:random,train,electra_small_batch_size_32_test,electra,100040,1982,2983,1.5050454086781029
layout:nlp:random,train,electra_small_batch_size_32_train,electra,37008,10232,16857,1.6474784988272086
layout:nlp:random,train,electra_small_batch_size_64_test,electra,100040,1982,2983,1.5050454086781029
layout:nlp:random,train,electra_small_batch_size_64_train,electra,35256,10232,16857,1.6474784988272086
layout:nlp:random,train,experts_pubmed_batch_size_32_test,experts,100040,1976,2976,1.5060728744939271
layout:nlp:random,train,experts_pubmed_batch_size_32_train,experts,26304,10124,16696,1.6491505333860135
layout:nlp:random,train,experts_pubmed_batch_size_64_test,experts,100040,1976,2976,1.5060728744939271
layout:nlp:random,train,experts_pubmed_batch_size_64_train,experts,25072,10124,16696,1.6491505333860135
layout:nlp:random,train,experts_wiki_books_batch_size_16_test,experts,100040,1976,2976,1.5060728744939271
layout:nlp:random,train,experts_wiki_books_batch_size_16_train,experts,27616,10124,16696,1.6491505333860135
layout:nlp:random,train,experts_wiki_books_batch_size_32_test,experts,100040,1976,2976,1.5060728744939271
layout:nlp:random,train,experts_wiki_books_batch_size_32_train,experts,26216,10124,16696,1.6491505333860135
layout:nlp:random,train,experts_wiki_books_batch_size_64_test,experts,100040,1976,2976,1.5060728744939271
layout:nlp:random,train,experts_wiki_books_batch_size_64_train,experts,24800,10124,16696,1.6491505333860135
layout:nlp:random,train,small_bert_bert_en_uncased_L-10_H-128_A-2_batch_size_16_test,bert,100040,1756,2654,1.5113895216400912
layout:nlp:random,train,small_bert_bert_en_uncased_L-10_H-128_A-2_batch_size_16_train,bert,56112,8700,14342,1.6485057471264368
layout:nlp:random,train,small_bert_bert_en_uncased_L-10_H-128_A-2_batch_size_32_train,bert,53200,8700,14342,1.6485057471264368
layout:nlp:random,train,small_bert_bert_en_uncased_L-10_H-128_A-2_batch_size_64_test,bert,100040,1756,2654,1.5113895216400912
layout:nlp:random,train,small_bert_bert_en_uncased_L-10_H-256_A-4_batch_size_16_test,bert,100040,1756,2654,1.5113895216400912
layout:nlp:random,train,small_bert_bert_en_uncased_L-10_H-256_A-4_batch_size_16_train,bert,48856,8707,14349,1.6479843803835994
layout:nlp:random,train,small_bert_bert_en_uncased_L-10_H-256_A-4_batch_size_32_train,bert,44232,8708,14350,1.6479099678456592
layout:nlp:random,train,small_bert_bert_en_uncased_L-10_H-256_A-4_batch_size_64_test,bert,100040,1756,2654,1.5113895216400912
layout:nlp:random,train,small_bert_bert_en_uncased_L-10_H-512_A-8_batch_size_16_test,bert,100040,1756,2654,1.5113895216400912
layout:nlp:random,train,small_bert_bert_en_uncased_L-10_H-512_A-8_batch_size_16_train,bert,37832,8701,14343,1.6484312148028961
layout:nlp:random,train,small_bert_bert_en_uncased_L-10_H-512_A-8_batch_size_32_test,bert,100040,1756,2654,1.5113895216400912
layout:nlp:random,train,small_bert_bert_en_uncased_L-10_H-512_A-8_batch_size_32_train,bert,35832,8700,14342,1.6485057471264368
layout:nlp:random,train,small_bert_bert_en_uncased_L-10_H-512_A-8_batch_size_64_train,bert,32160,8701,14343,1.6484312148028961
layout:nlp:random,train,small_bert_bert_en_uncased_L-10_H-768_A-12_batch_size_16_test,bert,100040,1756,2654,1.5113895216400912
layout:nlp:random,train,small_bert_bert_en_uncased_L-10_H-768_A-12_batch_size_32_train,bert,30432,8708,14350,1.6479099678456592
layout:nlp:random,train,small_bert_bert_en_uncased_L-10_H-768_A-12_batch_size_64_test,bert,100040,1756,2654,1.5113895216400912
layout:nlp:random,train,small_bert_bert_en_uncased_L-10_H-768_A-12_batch_size_64_train,bert,28304,8708,14350,1.6479099678456592
layout:nlp:random,train,small_bert_bert_en_uncased_L-12_H-128_A-2_batch_size_16_test,bert,100040,1976,2976,1.5060728744939271
layout:nlp:random,train,small_bert_bert_en_uncased_L-12_H-128_A-2_batch_size_16_train,bert,46536,10116,16688,1.6496638987742192
layout:nlp:random,train,small_bert_bert_en_uncased_L-12_H-128_A-2_batch_size_32_test,bert,100040,1976,2976,1.5060728744939271
layout:nlp:random,train,small_bert_bert_en_uncased_L-12_H-128_A-2_batch_size_32_train,bert,44240,10116,16688,1.6496638987742192
layout:nlp:random,train,small_bert_bert_en_uncased_L-12_H-128_A-2_batch_size_64_test,bert,100040,1976,2976,1.5060728744939271
layout:nlp:random,train,small_bert_bert_en_uncased_L-12_H-128_A-2_batch_size_64_train,bert,42480,10116,16688,1.6496638987742192
layout:nlp:random,train,small_bert_bert_en_uncased_L-12_H-256_A-4_batch_size_16_test,bert,100040,1976,2976,1.5060728744939271
layout:nlp:random,train,small_bert_bert_en_uncased_L-12_H-256_A-4_batch_size_16_train,bert,40736,10123,16695,1.649214659685864
layout:nlp:random,train,small_bert_bert_en_uncased_L-12_H-256_A-4_batch_size_32_test,bert,100040,1976,2976,1.5060728744939271
layout:nlp:random,train,small_bert_bert_en_uncased_L-12_H-256_A-4_batch_size_32_train,bert,37976,10124,16696,1.6491505333860135
layout:nlp:random,train,small_bert_bert_en_uncased_L-12_H-256_A-4_batch_size_64_test,bert,100040,1976,2976,1.5060728744939271
layout:nlp:random,train,small_bert_bert_en_uncased_L-12_H-256_A-4_batch_size_64_train,bert,35128,10124,16696,1.6491505333860135
layout:nlp:random,train,small_bert_bert_en_uncased_L-12_H-512_A-8_batch_size_16_test,bert,100040,1976,2976,1.5060728744939271
layout:nlp:random,train,small_bert_bert_en_uncased_L-12_H-512_A-8_batch_size_16_train,bert,32784,10117,16689,1.6495996837007019
layout:nlp:random,train,small_bert_bert_en_uncased_L-12_H-512_A-8_batch_size_32_test,bert,100040,1976,2976,1.5060728744939271
layout:nlp:random,train,small_bert_bert_en_uncased_L-12_H-512_A-8_batch_size_32_train,bert,30456,10116,16688,1.6496638987742192
layout:nlp:random,train,small_bert_bert_en_uncased_L-12_H-512_A-8_batch_size_64_test,bert,100040,1976,2976,1.5060728744939271
layout:nlp:random,train,small_bert_bert_en_uncased_L-12_H-512_A-8_batch_size_64_train,bert,28216,10117,16689,1.6495996837007019
layout:nlp:random,train,small_bert_bert_en_uncased_L-12_H-768_A-12_batch_size_16_test,bert,100040,1976,2976,1.5060728744939271
layout:nlp:random,train,small_bert_bert_en_uncased_L-12_H-768_A-12_batch_size_16_train,bert,27680,10124,16696,1.6491505333860135
layout:nlp:random,train,small_bert_bert_en_uncased_L-12_H-768_A-12_batch_size_32_test,bert,100040,1976,2976,1.5060728744939271
layout:nlp:random,train,small_bert_bert_en_uncased_L-12_H-768_A-12_batch_size_32_train,bert,26248,10124,16696,1.6491505333860135
layout:nlp:random,train,small_bert_bert_en_uncased_L-12_H-768_A-12_batch_size_64_test,bert,100040,1976,2976,1.5060728744939271
layout:nlp:random,train,small_bert_bert_en_uncased_L-2_H-128_A-2_batch_size_16_train,bert,100040,3036,4958,1.6330698287220027
layout:nlp:random,train,small_bert_bert_en_uncased_L-2_H-128_A-2_batch_size_64_train,bert,100040,3036,4958,1.6330698287220027
layout:nlp:random,train,small_bert_bert_en_uncased_L-2_H-256_A-4_batch_size_16_train,bert,100040,3043,4965,1.6316135392704567
layout:nlp:random,train,small_bert_bert_en_uncased_L-2_H-256_A-4_batch_size_64_test,bert,100040,876,1366,1.5593607305936072
layout:nlp:random,train,small_bert_bert_en_uncased_L-2_H-256_A-4_batch_size_64_train,bert,100040,3044,4966,1.6314060446780552
layout:nlp:random,train,small_bert_bert_en_uncased_L-2_H-512_A-8_batch_size_16_train,bert,92976,3037,4959,1.6328613763582482
layout:nlp:random,train,small_bert_bert_en_uncased_L-2_H-512_A-8_batch_size_32_test,bert,100040,876,1366,1.5593607305936072
layout:nlp:random,train,small_bert_bert_en_uncased_L-2_H-512_A-8_batch_size_32_train,bert,83592,3036,4958,1.6330698287220027
layout:nlp:random,train,small_bert_bert_en_uncased_L-2_H-512_A-8_batch_size_64_test,bert,100040,876,1366,1.5593607305936072
layout:nlp:random,train,small_bert_bert_en_uncased_L-2_H-512_A-8_batch_size_64_train,bert,73760,3037,4959,1.6328613763582482
layout:nlp:random,train,small_bert_bert_en_uncased_L-2_H-768_A-12_batch_size_16_test,bert,100040,876,1366,1.5593607305936072
layout:nlp:random,train,small_bert_bert_en_uncased_L-2_H-768_A-12_batch_size_16_train,bert,70680,3044,4966,1.6314060446780552
layout:nlp:random,train,small_bert_bert_en_uncased_L-2_H-768_A-12_batch_size_32_test,bert,100040,876,1366,1.5593607305936072
layout:nlp:random,train,small_bert_bert_en_uncased_L-2_H-768_A-12_batch_size_32_train,bert,67024,3044,4966,1.6314060446780552
layout:nlp:random,train,small_bert_bert_en_uncased_L-2_H-768_A-12_batch_size_64_test,bert,100040,876,1366,1.5593607305936072
layout:nlp:random,train,small_bert_bert_en_uncased_L-4_H-128_A-2_batch_size_16_train,bert,100040,4452,7304,1.6406109613656783
layout:nlp:random,train,small_bert_bert_en_uncased_L-4_H-128_A-2_batch_size_32_test,bert,100040,1096,1688,1.5401459854014599
layout:nlp:random,train,small_bert_bert_en_uncased_L-4_H-128_A-2_batch_size_32_train,bert,100040,4452,7304,1.6406109613656783
layout:nlp:random,train,small_bert_bert_en_uncased_L-4_H-128_A-2_batch_size_64_test,bert,100040,1096,1688,1.5401459854014599
layout:nlp:random,train,small_bert_bert_en_uncased_L-4_H-256_A-4_batch_size_16_test,bert,100040,1096,1688,1.5401459854014599
layout:nlp:random,train,small_bert_bert_en_uncased_L-4_H-256_A-4_batch_size_16_train,bert,100016,4459,7311,1.6396052926665172
layout:nlp:random,train,small_bert_bert_en_uncased_L-4_H-256_A-4_batch_size_32_test,bert,100040,1096,1688,1.5401459854014599
layout:nlp:random,train,small_bert_bert_en_uncased_L-4_H-256_A-4_batch_size_64_test,bert,100040,1096,1688,1.5401459854014599
layout:nlp:random,train,small_bert_bert_en_uncased_L-4_H-256_A-4_batch_size_64_train,bert,78248,4460,7312,1.6394618834080716
layout:nlp:random,train,small_bert_bert_en_uncased_L-4_H-512_A-8_batch_size_16_test,bert,100040,1096,1688,1.5401459854014599
layout:nlp:random,train,small_bert_bert_en_uncased_L-4_H-512_A-8_batch_size_32_test,bert,100040,1096,1688,1.5401459854014599
layout:nlp:random,train,small_bert_bert_en_uncased_L-4_H-512_A-8_batch_size_64_test,bert,100040,1096,1688,1.5401459854014599
layout:nlp:random,train,small_bert_bert_en_uncased_L-4_H-512_A-8_batch_size_64_train,bert,57072,4453,7305,1.6404671008309004
layout:nlp:random,train,small_bert_bert_en_uncased_L-4_H-768_A-12_batch_size_16_train,bert,55384,4460,7312,1.6394618834080716
layout:nlp:random,train,small_bert_bert_en_uncased_L-4_H-768_A-12_batch_size_32_test,bert,100040,1096,1688,1.5401459854014599
layout:nlp:random,train,small_bert_bert_en_uncased_L-4_H-768_A-12_batch_size_32_train,bert,52488,4460,7312,1.6394618834080716
layout:nlp:random,train,small_bert_bert_en_uncased_L-4_H-768_A-12_batch_size_64_test,bert,100040,1096,1688,1.5401459854014599
layout:nlp:random,train,small_bert_bert_en_uncased_L-4_H-768_A-12_batch_size_64_train,bert,47632,4460,7312,1.6394618834080716
layout:nlp:random,train,small_bert_bert_en_uncased_L-6_H-128_A-2_batch_size_16_train,bert,90344,5868,9650,1.6445126107702794
layout:nlp:random,train,small_bert_bert_en_uncased_L-6_H-128_A-2_batch_size_32_test,bert,100040,1316,2010,1.527355623100304
layout:nlp:random,train,small_bert_bert_en_uncased_L-6_H-128_A-2_batch_size_32_train,bert,85768,5868,9650,1.6445126107702794
layout:nlp:random,train,small_bert_bert_en_uncased_L-6_H-128_A-2_batch_size_64_test,bert,100040,1316,2010,1.527355623100304
layout:nlp:random,train,small_bert_bert_en_uncased_L-6_H-128_A-2_batch_size_64_train,bert,77616,5868,9650,1.6445126107702794
layout:nlp:random,train,small_bert_bert_en_uncased_L-6_H-256_A-4_batch_size_16_test,bert,100040,1316,2010,1.527355623100304
layout:nlp:random,train,small_bert_bert_en_uncased_L-6_H-256_A-4_batch_size_32_train,bert,68400,5876,9658,1.643635125936011
layout:nlp:random,train,small_bert_bert_en_uncased_L-6_H-256_A-4_batch_size_64_test,bert,100040,1316,2010,1.527355623100304
layout:nlp:random,train,small_bert_bert_en_uncased_L-6_H-512_A-8_batch_size_16_test,bert,100040,1316,2010,1.527355623100304
layout:nlp:random,train,small_bert_bert_en_uncased_L-6_H-512_A-8_batch_size_16_train,bert,55936,5869,9651,1.644402794343159
layout:nlp:random,train,small_bert_bert_en_uncased_L-6_H-512_A-8_batch_size_32_test,bert,100040,1316,2010,1.527355623100304
layout:nlp:random,train,small_bert_bert_en_uncased_L-6_H-512_A-8_batch_size_64_train,bert,46368,5869,9651,1.644402794343159
layout:nlp:random,train,small_bert_bert_en_uncased_L-6_H-768_A-12_batch_size_16_train,bert,45456,5876,9658,1.643635125936011
layout:nlp:random,train,small_bert_bert_en_uncased_L-6_H-768_A-12_batch_size_32_test,bert,100040,1316,2010,1.527355623100304
layout:nlp:random,train,small_bert_bert_en_uncased_L-6_H-768_A-12_batch_size_64_test,bert,100040,1316,2010,1.527355623100304
layout:nlp:random,train,small_bert_bert_en_uncased_L-6_H-768_A-12_batch_size_64_train,bert,39320,5876,9658,1.643635125936011
layout:nlp:random,train,small_bert_bert_en_uncased_L-8_H-128_A-2_batch_size_16_test,bert,100040,1536,2332,1.5182291666666667
layout:nlp:random,train,small_bert_bert_en_uncased_L-8_H-128_A-2_batch_size_16_train,bert,70456,7284,11996,1.6468973091707853
layout:nlp:random,train,small_bert_bert_en_uncased_L-8_H-128_A-2_batch_size_32_test,bert,100040,1536,2332,1.5182291666666667
layout:nlp:random,train,small_bert_bert_en_uncased_L-8_H-128_A-2_batch_size_32_train,bert,67000,7284,11996,1.6468973091707853
layout:nlp:random,train,small_bert_bert_en_uncased_L-8_H-128_A-2_batch_size_64_train,bert,61536,7284,11996,1.6468973091707853
layout:nlp:random,train,small_bert_bert_en_uncased_L-8_H-256_A-4_batch_size_16_train,bert,61392,7291,12003,1.6462762309696886
layout:nlp:random,train,small_bert_bert_en_uncased_L-8_H-256_A-4_batch_size_32_test,bert,100040,1536,2332,1.5182291666666667
layout:nlp:random,train,small_bert_bert_en_uncased_L-8_H-256_A-4_batch_size_32_train,bert,55176,7292,12004,1.646187602852441
layout:nlp:random,train,small_bert_bert_en_uncased_L-8_H-256_A-4_batch_size_64_test,bert,100040,1536,2332,1.5182291666666667
layout:nlp:random,train,small_bert_bert_en_uncased_L-8_H-256_A-4_batch_size_64_train,bert,50776,7292,12004,1.646187602852441
layout:nlp:random,train,small_bert_bert_en_uncased_L-8_H-512_A-8_batch_size_16_test,bert,100040,1536,2332,1.5182291666666667
layout:nlp:random,train,small_bert_bert_en_uncased_L-8_H-512_A-8_batch_size_16_train,bert,45616,7285,11997,1.646808510638298
layout:nlp:random,train,small_bert_bert_en_uncased_L-8_H-512_A-8_batch_size_32_test,bert,100040,1536,2332,1.5182291666666667
layout:nlp:random,train,small_bert_bert_en_uncased_L-8_H-512_A-8_batch_size_32_train,bert,42120,7284,11996,1.6468973091707853
layout:nlp:random,train,small_bert_bert_en_uncased_L-8_H-512_A-8_batch_size_64_train,bert,38352,7285,11997,1.646808510638298
layout:nlp:random,train,small_bert_bert_en_uncased_L-8_H-768_A-12_batch_size_16_test,bert,100040,1536,2332,1.5182291666666667
layout:nlp:random,train,small_bert_bert_en_uncased_L-8_H-768_A-12_batch_size_16_train,bert,37384,7292,12004,1.646187602852441
layout:nlp:random,train,small_bert_bert_en_uncased_L-8_H-768_A-12_batch_size_32_test,bert,100040,1536,2332,1.5182291666666667
layout:nlp:random,train,small_bert_bert_en_uncased_L-8_H-768_A-12_batch_size_64_test,bert,100040,1536,2332,1.5182291666666667
layout:nlp:random,train,small_bert_bert_en_uncased_L-8_H-768_A-12_batch_size_64_train,bert,33544,7292,12004,1.646187602852441
layout:nlp:random,train,talking-heads_base_batch_size_16_test,talking-heads,87832,2120,3180,1.5
layout:nlp:random,train,talking-heads_base_batch_size_16_train,talking-heads,21960,11779,19455,1.6516682231089226
layout:nlp:random,train,talking-heads_base_batch_size_32_test,talking-heads,86160,2120,3180,1.5
layout:nlp:random,train,talking-heads_base_batch_size_32_train,talking-heads,21352,11779,19455,1.6516682231089226
layout:nlp:random,train,talking-heads_base_batch_size_64_test,talking-heads,80248,2120,3180,1.5
layout:nlp:random,train,talking-heads_base_batch_size_64_train,talking-heads,19720,11779,19455,1.6516682231089226
layout:nlp:random,train,talking-heads_large_batch_size_16_test,talking-heads,51928,3584,5316,1.4832589285714286
layout:nlp:random,train,talking-heads_large_batch_size_32_test,talking-heads,58048,3584,5316,1.4832589285714286
layout:nlp:random,train,talking-heads_large_batch_size_32_train,talking-heads,11098,21919,36279,1.6551393767963867
layout:nlp:random,valid,albert_en_xlarge_batch_size_16_test,bert,56032,2704,4317,1.5965236686390532
layout:nlp:random,valid,bert_en_cased_L-12_H-768_A-12_batch_size_16_test,bert,100040,1976,2976,1.5060728744939271
layout:nlp:random,valid,bert_multi_cased_L-12_H-768_A-12_batch_size_16_train,bert,27752,10124,16696,1.6491505333860135
layout:nlp:random,valid,small_bert_bert_en_uncased_L-10_H-128_A-2_batch_size_32_test,bert,100040,1756,2654,1.5113895216400912
layout:nlp:random,valid,small_bert_bert_en_uncased_L-10_H-128_A-2_batch_size_64_train,bert,49528,8700,14342,1.6485057471264368
layout:nlp:random,valid,small_bert_bert_en_uncased_L-10_H-256_A-4_batch_size_32_test,bert,100040,1756,2654,1.5113895216400912
layout:nlp:random,valid,small_bert_bert_en_uncased_L-10_H-256_A-4_batch_size_64_train,bert,42104,8708,14350,1.6479099678456592
layout:nlp:random,valid,small_bert_bert_en_uncased_L-10_H-512_A-8_batch_size_64_test,bert,100040,1756,2654,1.5113895216400912
layout:nlp:random,valid,small_bert_bert_en_uncased_L-10_H-768_A-12_batch_size_16_train,bert,31632,8708,14350,1.6479099678456592
layout:nlp:random,valid,small_bert_bert_en_uncased_L-10_H-768_A-12_batch_size_32_test,bert,100040,1756,2654,1.5113895216400912
layout:nlp:random,valid,small_bert_bert_en_uncased_L-12_H-768_A-12_batch_size_64_train,bert,24608,10124,16696,1.6491505333860135
layout:nlp:random,valid,small_bert_bert_en_uncased_L-2_H-256_A-4_batch_size_32_train,bert,100040,3044,4966,1.6314060446780552
layout:nlp:random,valid,small_bert_bert_en_uncased_L-4_H-256_A-4_batch_size_32_train,bert,88000,4460,7312,1.6394618834080716
layout:nlp:random,valid,small_bert_bert_en_uncased_L-4_H-512_A-8_batch_size_32_train,bert,63088,4452,7304,1.6406109613656783
layout:nlp:random,valid,small_bert_bert_en_uncased_L-6_H-256_A-4_batch_size_16_train,bert,76272,5875,9657,1.6437446808510638
layout:nlp:random,valid,small_bert_bert_en_uncased_L-6_H-256_A-4_batch_size_64_train,bert,61744,5876,9658,1.643635125936011
layout:nlp:random,valid,small_bert_bert_en_uncased_L-6_H-512_A-8_batch_size_64_test,bert,100040,1316,2010,1.527355623100304
layout:nlp:random,valid,small_bert_bert_en_uncased_L-6_H-768_A-12_batch_size_16_test,bert,100040,1316,2010,1.527355623100304
layout:nlp:random,valid,small_bert_bert_en_uncased_L-6_H-768_A-12_batch_size_32_train,bert,42784,5876,9658,1.643635125936011
layout:nlp:random,valid,talking-heads_large_batch_size_16_train,talking-heads,10750,21918,36278,1.6551692672689113
layout:nlp:random,test,016ac66a44a906a695afd2228509046a,hashed_graph_id,1000,1536,2332,1.5182291666666667
layout:nlp:random,test,171b0513d8874a427ccfa46d136fbadc,hashed_graph_id,1000,10124,16696,1.6491505333860135
layout:nlp:random,test,23559853d9702baaaacbb0c83fd32266,hashed_graph_id,1000,1096,1688,1.5401459854014599
layout:nlp:random,test,29886a50d55cfe77a9497bc906c76ce9,hashed_graph_id,1000,4452,7304,1.6406109613656783
layout:nlp:random,test,32531d07a084b319dce484f53a4cf3fc,hashed_graph_id,1000,4453,7305,1.6404671008309004
layout:nlp:random,test,38524e2ff135ded55b5286407e7af6b7,hashed_graph_id,1000,1976,2976,1.5060728744939271
layout:nlp:random,test,3a0c5517a87df8d82fd637b83298a3ba,hashed_graph_id,1000,21918,36278,1.6551692672689113
layout:nlp:random,test,492c7a94d559aa4a88769142d2a68362,hashed_graph_id,1000,7292,12004,1.646187602852441
layout:nlp:random,test,58cc2e418c3a8a19b871e15964b534ad,hashed_graph_id,1000,1536,2332,1.5182291666666667
layout:nlp:random,test,60880ed76de53f4d7a1b960b24f20f7d,hashed_graph_id,1000,1976,2976,1.5060728744939271
layout:nlp:random,test,6c1101f6231f4d1722c3b9f6d1e25026,hashed_graph_id,1000,3036,4958,1.6330698287220027
layout:nlp:random,test,7105451001e119f65b66570d170b94a8,hashed_graph_id,1000,3044,4966,1.6314060446780552
layout:nlp:random,test,71b79ca6db513e7979c3702c595150c2,hashed_graph_id,1000,3584,5316,1.4832589285714286
layout:nlp:random,test,7f6284ebe027b1e9a3850fc703858a59,hashed_graph_id,1000,1976,2976,1.5060728744939271
layout:nlp:random,test,b2fdde3b72980907578648774101543e,hashed_graph_id,1000,1316,2010,1.527355623100304
layout:nlp:random,test,d15316c12eefdef1ba549eb433797f77,hashed_graph_id,1000,1536,2332,1.5182291666666667
layout:nlp:random,test,f6c146fc5cf10be4f3accbaca9897311,hashed_graph_id,1000,5868,9650,1.6445126107702794
